"WHEAT-SRW - CHICAGO BOARD OF TRADE",260922,2026-09-22,001602,CBT ,00,001 ,  483279,  120127,  127487,  153347,  173065,  170087,  446539,  450921,   36740,   32358,  404865,  113764,  139024,  115444,  142949,  126913,  372157,  381381,   32708,   23484,   78414,   35977,   18077,    8289,   30116,   43174,   74382,   69540,    4032,    8874,   -1859,   -6715,    1873,   -1308,    6069,   -1708,   -1954,   -1143,      95,    -716,  100.0,   24.9,   26.4,   31.7,   35.8,   35.2,   92.4,   93.3,    7.6,    6.7,  100.0,   28.1,   34.3,   28.5,   35.3,   31.3,   91.9,   94.2,    8.1,    5.8,  100.0,   45.9,   23.1,   10.6,   38.4,   55.1,   94.9,   88.7,    5.1,   11.3,    415,    146,    102,    120,     91,    127,    300,    297,    411,    140,    107,    106,     84,    118,    285,    279,    210,     46,     51,     29,     40,     95,    102,    160,    13.6,    12.2,    21.4,    22.4,     8.3,     8.0,    14.9,    13.2,    12.4,    14.5,    19.8,    26.5,     8.2,    10.1,    14.8,    17.2,    32.1,    24.0,    47.0,    36.3,    31.7,    22.4,    46.6,    33.4,"(CONTRACTS OF 5,000 BUSHELS)","001602","CBT ","001 "
"WHEAT-HRW - CHICAGO BOARD OF TRADE",260922,2026-09-22,001612,CBT ,00,001 ,  311936,   85099,   58609,   98329,  107481,  135884,  290909,  292822,   21027,   19114,  269883,   81327,   66620,   75709,   94769,  113568,  251805,  255897,   18078,   13986,   42053,   23283,   11500,    3109,   12712,   22316,   39104,   36925,    2949,    5128,    1100,   -2527,    1318,    3853,    -867,   -3809,     459,    1362,     641,    -262,  100.0,   27.3,   18.8,   31.5,   34.5,   43.6,   93.3,   93.9,    6.7,    6.1,  100.0,   30.1,   24.7,   28.1,   35.1,   42.1,   93.3,   94.8,    6.7,    5.2,  100.0,   55.4,   27.3,    7.4,   30.2,   53.1,   93.0,   87.8,    7.0,   12.2,    286,     91,     70,     75,     70,    102,    200,    211,    283,     84,     79,     71,     62,     97,    189,    204,    156,     37,     31,     18,     27,     75,     73,    115,    14.0,    13.7,    24.1,    22.8,    11.2,    10.1,    19.7,    15.9,    15.8,    15.7,    26.3,    25.9,    12.2,    11.7,    21.3,    18.9,    29.2,    28.3,    43.0,    39.5,    28.9,    24.8,    41.8,    34.9,"(CONTRACTS OF 5,000 BUSHELS)","001612","CBT ","001 "
"WHEAT-HRSpring - MIAX FUTURES EXCHANGE",260922,2026-09-22,001626,MGE ,00,001 ,   80560,   26167,    4323,    4550,   39214,   64203,   69931,   73076,   10629,    7484,   78538,   25752,    4796,    4023,   38554,   62452,   68329,   71271,   10209,    7267,    2022,     913,      25,      29,     660,    1751,    1602,    1805,     420,     217,    1587,    -376,     532,     920,     267,     919,     811,    2371,     776,    -784,  100.0,   32.5,    5.4,    5.6,   48.7,   79.7,   86.8,   90.7,   13.2,    9.3,  100.0,   32.8,    6.1,    5.1,   49.1,   79.5,   87.0,   90.7,   13.0,    9.3,  100.0,   45.2,    1.2,    1.4,   32.6,   86.6,   79.2,   89.3,   20.8,   10.7,    121,     30,     15,     18,     61,     51,    100,     75,    121,     27,     18,     17,     61,     50,     99,     74,     47,      6,      1,      1,     12,     32,     18,     34,    22.7,    36.4,    34.4,    56.1,    22.7,    36.3,    34.2,    55.7,    23.3,    36.6,    35.2,    56.5,    23.3,    36.6,    35.0,    56.3,    46.8,    44.6,    69.0,    61.6,    45.4,    44.6,    66.4,    61.6,"(CONTRACTS OF 5,000 BUSHELS)","001626","MGE ","001 "
"CORN - CHICAGO BOARD OF TRADE",260922,2026-09-22,002602,CBT ,00,002 , 1854505,  665291,  129490,  368351,  689974, 1164785, 1723616, 1662626,  130889,  191879, 1732007,  645843,  156333,  317736,  648436, 1083914, 1612015, 1557983,  119992,  174024,  122498,   65511,   19220,    4552,   41538,   80871,  111601,  104643,   10897,   17855,   10681,   -8226,   -1643,   22993,   -7564,   -9598,    7203,   11752,    3478,   -1071,  100.0,   35.9,    7.0,   19.9,   37.2,   62.8,   92.9,   89.7,    7.1,   10.3,  100.0,   37.3,    9.0,   18.3,   37.4,   62.6,   93.1,   90.0,    6.9,   10.0,  100.0,   53.5,   15.7,    3.7,   33.9,   66.0,   91.1,   85.4,    8.9,   14.6,    886,    229,    140,    176,    303,    398,    616,    652,    882,    220,    153,    162,    291,    389,    594,    636,    433,     57,     61,     28,     77,    265,    145,    344,     9.5,    11.8,    17.4,    19.5,     9.2,     9.8,    16.0,    16.7,    10.1,    11.0,    18.3,    18.9,    10.0,     9.5,    17.2,    15.8,    30.8,    32.1,    43.3,    41.7,    30.8,    31.8,    43.3,    41.4,"(CONTRACTS OF 5,000 BUSHELS)","002602","CBT ","002 "
"SOYBEANS - CHICAGO BOARD OF TRADE",260922,2026-09-22,005602,CBT ,00,005 , 1114328,  370525,   88944,  210739,  482883,  740427, 1064147, 1040110,   50181,   74218, 1064107,  359847,   91193,  194437,  463846,  708910, 1018130,  994540,   45977,   69567,   50221,   18367,    5440,    8613,   19037,   31517,   46017,   45570,    4204,    4651,    9448,   13942,   -6456,   -2836,   -1866,   17103,    9240,    7811,     208,    1637,  100.0,   33.3,    8.0,   18.9,   43.3,   66.4,   95.5,   93.3,    4.5,    6.7,  100.0,   33.8,    8.6,   18.3,   43.6,   66.6,   95.7,   93.5,    4.3,    6.5,  100.0,   36.6,   10.8,   17.2,   37.9,   62.8,   91.6,   90.7,    8.4,    9.3,    644,    190,    109,    158,    192,    290,    458,    504,    643,    187,    116,    152,    190,    289,    451,    501,    285,     39,     41,     20,     44,    174,     94,    228,    11.0,    16.1,    19.1,    26.3,     9.0,    13.9,    15.9,    20.4,    11.5,    15.6,    19.8,    25.7,     9.4,    14.1,    16.5,    20.6,    31.3,    41.2,    46.0,    56.9,    29.6,    41.2,    39.1,    49.1,"(CONTRACTS OF 5,000 BUSHELS)","005602","CBT ","005 "
"MINI SOYBEANS - CHICAGO BOARD OF TRADE",260922,2026-09-22,005603,CBT ,00,005 ,   29585,   26251,    1483,     755,       6,    9856,   27012,   12094,    2573,   17491,   27241,   25072,    1460,     755,       6,    8377,   25833,   10592,    1408,   16649,    2344,    1179,      23,       0,       0,    1479,    1179,    1502,    1165,     842,     444,     408,     198,     -10,      -1,    -279,     397,     -91,      47,     535,  100.0,   88.7,    5.0,    2.6,    0.0,   33.3,   91.3,   40.9,    8.7,   59.1,  100.0,   92.0,    5.4,    2.8,    0.0,   30.8,   94.8,   38.9,    5.2,   61.1,  100.0,   50.3,    1.0,    0.0,    0.0,   63.1,   50.3,   64.1,   49.7,   35.9,     26,      6,      6,      4,      2,     14,     10,     22,     26,      6,      6,      4,      2,     14,     10,     22,     17,      3,      3,      0,      0,     11,      3,     14,    84.6,    26.2,    91.3,    31.7,    83.8,    25.6,    88.7,    30.0,    88.3,    23.3,    94.8,    29.2,    87.6,    22.6,    92.0,    27.3,    50.3,    60.7,    50.3,    62.8,    50.3,    60.7,    50.3,    62.8,"(Contracts of 1,000 Bushels)","005603","CBT ","005 "
"NJ SRECS - ICE FUTURES ENERGY DIV",260922,2026-09-22,0063CC,IFED,01,006 ,  142478,   30493,   47707,    2980,  109005,   91768,  142478,  142455,       0,      23,  142478,   30493,   47707,    2980,  109005,   91768,  142478,  142455,       0,      23,       0,       0,       0,       0,       0,       0,       0,       0,       0,       0,    2100,     500,     750,       0,    1600,    1350,    2100,    2100,       0,       0,  100.0,   21.4,   33.5,    2.1,   76.5,   64.4,  100.0,  100.0,    0.0,    0.0,  100.0,   21.4,   33.5,    2.1,   76.5,   64.4,  100.0,  100.0,    0.0,    0.0,    0.0,    0.0,    0.0,    0.0,    0.0,    0.0,    0.0,    0.0,    0.0,    0.0,     38,      5,      7,      4,     20,     11,     27,     20,     38,      5,      7,      4,     20,     11,     27,     20,      0,      0,      0,      0,      0,      0,      0,      0,    51.4,    88.4,    76.0,    95.7,    51.4,    87.8,    76.0,    94.2,    51.4,    88.4,    76.0,    95.7,    51.4,    87.8,    76.0,    94.2,     0.0,     0.0,     0.0,     0.0,     0.0,     0.0,     0.0,     0.0,"(10 SRECs)","0063CC","IFED","006 "
"PJM TRI-RECs CLASS 1 - ICE FUTURES ENERGY DIV",260922,2026-09-22,0063CH,IFED,01,006 ,  242492,   29939,   55321,   27150,  185403,  160021,  242492,  242492,       0,       0,  242492,   29939,   55321,   27150,  185403,  160021,  242492,  242492,       0,       0,       0,       0,       0,       0,       0,       0,       0,       0,       0,       0,      50,    -250,    -435,     200,     100,     285,      50,      50,       0,       0,  100.0,   12.3,   22.8,   11.2,   76.5,   66.0,  100.0,  100.0,    0.0,    0.0,  100.0,   12.3,   22.8,   11.2,   76.5,   66.0,  100.0,  100.0,    0.0,    0.0,    0.0,    0.0,    0.0,    0.0,    0.0,    0.0,    0.0,    0.0,    0.0,    0.0,     47,     11,      8,      9,     22,     16,     37,     29,     47,     11,      8,      9,     22,     16,     37,     29,      0,      0,      0,      0,      0,      0,      0,      0,    48.4,    57.9,    71.4,    74.6,    41.5,    57.9,    63.6,    71.3,    48.4,    57.9,    71.4,    74.6,    41.5,    57.9,    63.6,    71.3,     0.0,     0.0,     0.0,     0.0,     0.0,     0.0,     0.0,     0.0,"(100 MWh of renewable energy certificate","0063CH","IFED","006 "
"CALIF LOW CARBON FSC-OPIS - ICE FUTURES ENERGY DIV",260922,2026-09-22,0063CU,IFED,01,006 ,  120043,   67248,   26889,    2563,   50211,   90591,  120022,  120043,      21,       0,  120043,   67248,   26889,    2563,   50211,   90591,  120022,  120043,      21,       0,       0,       0,       0,       0,       0,       0,       0,       0,       0,       0,    -972,    -877,     495,     -15,     338,   -1013,    -554,    -533,    -418,    -439,  100.0,   56.0,   22.4,    2.1,   41.8,   75.5,  100.0,  100.0,    0.0,    0.0,  100.0,   56.0,   22.4,    2.1,   41.8,   75.5,  100.0,  100.0,    0.0,    0.0,    0.0,    0.0,    0.0,    0.0,    0.0,    0.0,    0.0,    0.0,    0.0,    0.0,     54,     28,      5,      4,     13,     12,     42,     20,     54,     28,      5,      4,     13,     12,     42,     20,      0,      0,      0,      0,      0,      0,      0,      0,    65.2,    80.7,    79.3,    95.0,    65.2,    79.8,    78.6,    94.2,    65.2,    80.7,    79.3,    95.0,    65.2,    79.8,    78.6,    94.2,     0.0,     0.0,     0.0,     0.0,     0.0,     0.0,     0.0,     0.0,"(100 LCFS Credits- each of 1 MT)","0063CU","IFED","006 "
"D6 RINs OPIS CURRENT YEAR - ICE FUTURES ENERGY DIV",260922,2026-09-22,0063CW,IFED,01,006 ,   29337,   12363,    9211,   10545,    6272,    9459,   29180,   29215,     157,     122,   29337,   12363,    9211,   10545,    6272,    9459,   29180,   29215,     157,     122,       0,       0,       0,       0,       0,       0,       0,       0,       0,       0,      72,     242,     394,    -694,     565,     377,     113,      77,     -41,      -5,  100.0,   42.1,   31.4,   35.9,   21.4,   32.2,   99.5,   99.6,    0.5,    0.4,  100.0,   42.1,   31.4,   35.9,   21.4,   32.2,   99.5,   99.6,    0.5,    0.4,    0.0,    0.0,    0.0,    0.0,    0.0,    0.0,    0.0,    0.0,    0.0,    0.0,     80,     23,     32,     16,     13,     17,     44,     58,     80,     23,     32,     16,     13,     17,     44,     58,      0,      0,      0,      0,      0,      0,      0,      0,    58.5,    44.0,    78.3,    59.5,    39.1,    26.8,    51.9,    37.2,    58.5,    44.0,    78.3,    59.5,    39.1,    26.8,    51.9,    37.2,     0.0,     0.0,     0.0,     0.0,     0.0,     0.0,     0.0,     0.0,"(50,000 RINs)","0063CW","IFED","006 "
"PA SOLAR ALTER ENERGY CREDIT - ICE FUTURES ENERGY DIV",260922,2026-09-22,0063DA,IFED,01,006 ,   24210,   14500,     800,       0,    9710,   23410,   24210,   24210,       0,       0,   24210,   14500,     800,       0,    9710,   23410,   24210,   24210,       0,       0,       0,       0,       0,       0,       0,       0,       0,       0,       0,       0,       0,       0,       0,       0,       0,       0,       0,       0,       0,       0,  100.0,   59.9,    3.3,    0.0,   40.1,   96.7,  100.0,  100.0,    0.0,    0.0,  100.0,   59.9,    3.3,    0.0,   40.1,   96.7,  100.0,  100.0,    0.0,    0.0,    0.0,    0.0,    0.0,    0.0,    0.0,    0.0,    0.0,    0.0,    0.0,    0.0,     21,      5,      2,      0,     11,      4,     16,      6,     21,      5,      2,      0,     11,      4,     16,      6,      0,      0,      0,      0,      0,      0,      0,      0,    67.5,    97.5,    87.2,   100.0,    67.5,    94.6,    85.3,    95.9,    67.5,    97.5,    87.2,   100.0,    67.5,    94.6,    85.3,    95.9,     0.0,     0.0,     0.0,     0.0,     0.0,     0.0,     0.0,     0.0,"(10 PA SRECs)","0063DA","IFED","006 "
"CALIF CARBON CURRENT AUCTION - ICE FUTURES ENERGY DIV",260922,2026-09-22,0063DB,IFED,01,006 ,   53018,   15867,   24407,    8224,   28921,   20387,   53012,   53018,       6,       0,   53018,   15867,   24407,    8224,   28921,   20387,   53012,   53018,       6,       0,       0,       0,       0,       0,       0,       0,       0,       0,       0,       0,     375,    -150,     305,       0,     525,      70,     375,     375,       0,       0,  100.0,   29.9,   46.0,   15.5,   54.5,   38.5,  100.0,  100.0,    0.0,    0.0,  100.0,   29.9,   46.0,   15.5,   54.5,   38.5,  100.0,  100.0,    0.0,    0.0,    0.0,    0.0,    0.0,    0.0,    0.0,    0.0,    0.0,    0.0,    0.0,    0.0,     51,     17,     10,      6,     16,      8,     39,     19,     51,     17,     10,      6,     16,      8,     39,     19,      0,      0,      0,      0,      0,      0,      0,      0,    48.4,    85.9,    68.6,    94.5,    42.3,    71.7,    61.0,    80.1,    48.4,    85.9,    68.6,    94.5,    42.3,    71.7,    61.0,    80.1,     0.0,     0.0,     0.0,     0.0,     0.0,     0.0,     0.0,     0.0,"(1,000 California carbon allowances)","0063DB","IFED","006 "
"D4 BIODIESEL RINs OPIS CURR YR - ICE FUTURES ENERGY DIV",260922,2026-09-22,0063DG,IFED,01,006 ,   18545,    6547,    3541,    6587,    5205,    8322,   18339,   18450,     206,      95,   18545,    6547,    3541,    6587,    5205,    8322,   18339,   18450,     206,      95,       0,       0,       0,       0,       0,       0,       0,       0,       0,       0,     140,     300,     340,    -265,      49,      47,      84,     122,      56,      18,  100.0,   35.3,   19.1,   35.5,   28.1,   44.9,   98.9,   99.5,    1.1,    0.5,  100.0,   35.3,   19.1,   35.5,   28.1,   44.9,   98.9,   99.5,    1.1,    0.5,    0.0,    0.0,    0.0,    0.0,    0.0,    0.0,    0.0,    0.0,    0.0,    0.0,     66,     27,     15,     16,     15,     14,     49,     41,     66,     27,     15,     16,     15,     14,     49,     41,      0,      0,      0,      0,      0,      0,      0,      0,    44.5,    51.0,    63.4,    68.1,    22.5,    38.1,    37.1,    50.1,    44.5,    51.0,    63.4,    68.1,    22.5,    38.1,    37.1,    50.1,     0.0,     0.0,     0.0,     0.0,     0.0,     0.0,     0.0,     0.0,"(50,000 RINs)","0063DG","IFED","006 "
"CT RECs CLASS 1 - ICE FUTURES ENERGY DIV",260922,2026-09-22,0063DK,IFED,01,006 ,    9285,    2950,    1854,       0,    6335,    7431,    9285,    9285,       0,       0,    9285,    2950,    1854,       0,    6335,    7431,    9285,    9285,       0,       0,       0,       0,       0,       0,       0,       0,       0,       0,       0,       0,     500,     500,       0,       0,       0,     500,     500,     500,       0,       0,  100.0,   31.8,   20.0,    0.0,   68.2,   80.0,  100.0,  100.0,    0.0,    0.0,  100.0,   31.8,   20.0,    0.0,   68.2,   80.0,  100.0,  100.0,    0.0,    0.0,    0.0,    0.0,    0.0,    0.0,    0.0,    0.0,    0.0,    0.0,    0.0,    0.0,     21,      1,      4,      0,      8,     10,      9,     14,     21,      1,      4,      0,      8,     10,      9,     14,      0,      0,      0,      0,      0,      0,      0,      0,    74.9,    59.3,    97.8,    87.0,    70.6,    59.3,    92.7,    86.3,    74.9,    59.3,    97.8,    87.0,    70.6,    59.3,    92.7,    86.3,     0.0,     0.0,     0.0,     0.0,     0.0,     0.0,     0.0,     0.0,"(100 MWh of Class 1 Renewable Energy Cer","0063DK","IFED","006 "
"MASS COMPLIANCE RECs CLASS 1 - ICE FUTURES ENERGY DIV",260922,2026-09-22,0063DL,IFED,01,006 ,   21179,       0,   10590,     300,   20879,   10289,   21179,   21179,       0,       0,   21179,       0,   10590,     300,   20879,   10289,   21179,   21179,       0,       0,       0,       0,       0,       0,       0,       0,       0,       0,       0,       0,     300,       0,       0,       0,     300,     300,     300,     300,       0,       0,  100.0,    0.0,   50.0,    1.4,   98.6,   48.6,  100.0,  100.0,    0.0,    0.0,  100.0,    0.0,   50.0,    1.4,   98.6,   48.6,  100.0,  100.0,    0.0,    0.0,    0.0,    0.0,    0.0,    0.0,    0.0,    0.0,    0.0,    0.0,    0.0,    0.0,     24,      0,      6,      1,     10,     13,     11,     19,     24,      0,      6,      1,     10,     13,     11,     19,      0,      0,      0,      0,      0,      0,      0,      0,    89.0,    62.1,    97.5,    81.8,    89.0,    62.1,    94.6,    78.3,    89.0,    62.1,    97.5,    81.8,    89.0,    62.1,    94.6,    78.3,     0.0,     0.0,     0.0,     0.0,     0.0,     0.0,     0.0,     0.0,"100 MWh of Class 1 Renewable Energy Cert","0063DL","IFED","006 "
"MARYLAND COMPLIANCE REC TIER1 - ICE FUTURES ENERGY DIV",260922,2026-09-22,0063DM,IFED,01,006 ,   11641,     250,    3792,     120,   11271,    7729,   11641,   11641,       0,       0,   11641,     250,    3792,     120,   11271,    7729,   11641,   11641,       0,       0,       0,       0,       0,       0,       0,       0,       0,       0,       0,       0,       0,       0,       0,       0,       0,       0,       0,       0,       0,       0,  100.0,    2.1,   32.6,    1.0,   96.8,   66.4,  100.0,  100.0,    0.0,    0.0,  100.0,    2.1,   32.6,    1.0,   96.8,   66.4,  100.0,  100.0,    0.0,    0.0,    0.0,    0.0,    0.0,    0.0,    0.0,    0.0,    0.0,    0.0,    0.0,    0.0,     23,      1,      5,      1,     12,      8,     14,     13,     23,      1,      5,      1,     12,      8,     14,     13,      0,      0,      0,      0,      0,      0,      0,      0,    61.6,    63.2,    86.1,    91.4,    61.6,    57.6,    83.1,    85.8,    61.6,    63.2,    86.1,    91.4,    61.6,    57.6,    83.1,    85.8,     0.0,     0.0,     0.0,     0.0,     0.0,     0.0,     0.0,     0.0,"(100 Tier 1 RECs)","0063DM","IFED","006 "
"MARYLAND SOLAR REC - ICE FUTURES ENERGY DIV",260922,2026-09-22,0063DN,IFED,01,006 ,   76931,   10750,    3150,       0,   66181,   73781,   76931,   76931,       0,       0,   76931,   10750,    3150,       0,   66181,   73781,   76931,   76931,       0,       0,       0,       0,       0,       0,       0,       0,       0,       0,       0,       0,   21000,       0,       0,       0,   21000,   21000,   21000,   21000,       0,       0,  100.0,   14.0,    4.1,    0.0,   86.0,   95.9,  100.0,  100.0,    0.0,    0.0,  100.0,   14.0,    4.1,    0.0,   86.0,   95.9,  100.0,  100.0,    0.0,    0.0,    0.0,    0.0,    0.0,    0.0,    0.0,    0.0,    0.0,    0.0,    0.0,    0.0,     23,      3,      3,      0,     12,      8,     15,     11,     23,      3,      3,      0,     12,      8,     15,     11,      0,      0,      0,      0,      0,      0,      0,      0,    69.9,    88.3,    90.4,    97.9,    56.0,    69.7,    70.9,    76.7,    69.9,    88.3,    90.4,    97.9,    56.0,    69.7,    70.9,    76.7,     0.0,     0.0,     0.0,     0.0,     0.0,     0.0,     0.0,     0.0,"(10 SRECs)","0063DN","IFED","006 "
"NEPOOL DUAL RECs CLASS 1 - ICE FUTURES ENERGY DIV",260922,2026-09-22,0063DQ,IFED,01,006 ,   12760,    1065,    7546,     905,   10790,    4234,   12760,   12685,       0,      75,   12760,    1065,    7546,     905,   10790,    4234,   12760,   12685,       0,      75,       0,       0,       0,       0,       0,       0,       0,       0,       0,       0,       0,       0,       0,       0,       0,       0,       0,       0,       0,       0,  100.0,    8.3,   59.1,    7.1,   84.6,   33.2,  100.0,   99.4,    0.0,    0.6,  100.0,    8.3,   59.1,    7.1,   84.6,   33.2,  100.0,   99.4,    0.0,    0.6,    0.0,    0.0,    0.0,    0.0,    0.0,    0.0,    0.0,    0.0,    0.0,    0.0,     22,      1,      3,      1,     13,      8,     14,     12,     22,      1,      3,      1,     13,      8,     14,     12,      0,      0,      0,      0,      0,      0,      0,      0,    51.1,    67.0,    79.5,    92.0,    44.0,    67.0,    70.5,    85.0,    51.1,    67.0,    79.5,    92.0,    44.0,    67.0,    70.5,    85.0,     0.0,     0.0,     0.0,     0.0,     0.0,     0.0,     0.0,     0.0,"100 MWh of Class 1 Renewable Energy Cert","0063DQ","IFED","006 "
"NJ COMPLIANCE RECs CLASS 1 - ICE FUTURES ENERGY DIV",260922,2026-09-22,0063DR,IFED,01,006 ,   28188,   12235,    8447,       0,   15952,   19741,   28187,   28188,       1,       0,   28188,   12235,    8447,       0,   15952,   19741,   28187,   28188,       1,       0,       0,       0,       0,       0,       0,       0,       0,       0,       0,       0,       0,       0,       0,       0,       0,       0,       0,       0,       0,       0,  100.0,   43.4,   30.0,    0.0,   56.6,   70.0,  100.0,  100.0,    0.0,    0.0,  100.0,   43.4,   30.0,    0.0,   56.6,   70.0,  100.0,  100.0,    0.0,    0.0,    0.0,    0.0,    0.0,    0.0,    0.0,    0.0,    0.0,    0.0,    0.0,    0.0,     23,      4,      5,      0,     11,      5,     15,     10,     23,      4,      5,      0,     11,      5,     15,     10,      0,      0,      0,      0,      0,      0,      0,      0,    73.6,    92.2,    91.5,    99.3,    73.6,    92.2,    91.5,    99.3,    73.6,    92.2,    91.5,    99.3,    73.6,    92.2,    91.5,    99.3,     0.0,     0.0,     0.0,     0.0,     0.0,     0.0,     0.0,     0.0,"100 MWh of Class 1 Renewable Energy Cert","0063DR","IFED","006 "
"PA COMPLIANCE AECs TIER1 - ICE FUTURES ENERGY DIV",260922,2026-09-22,0063DT,IFED,01,006 ,   51040,   10693,   14514,    1135,   39212,   35371,   51040,   51020,       0,      20,   51040,   10693,   14514,    1135,   39212,   35371,   51040,   51020,       0,      20,       0,       0,       0,       0,       0,       0,       0,       0,       0,       0,    1752,     325,   -1050,     223,    1204,    2579,    1752,    1752,       0,       0,  100.0,   21.0,   28.4,    2.2,   76.8,   69.3,  100.0,  100.0,    0.0,    0.0,  100.0,   21.0,   28.4,    2.2,   76.8,   69.3,  100.0,  100.0,    0.0,    0.0,    0.0,    0.0,    0.0,    0.0,    0.0,    0.0,    0.0,    0.0,    0.0,    0.0,     34,      7,      5,      2,     18,      8,     25,     15,     34,      7,      5,      2,     18,      8,     25,     15,      0,      0,      0,      0,      0,      0,      0,      0,    50.2,    73.8,    69.2,    95.8,    50.2,    73.8,    69.2,    94.9,    50.2,    73.8,    69.2,    95.8,    50.2,    73.8,    69.2,    94.9,     0.0,     0.0,     0.0,     0.0,     0.0,     0.0,     0.0,     0.0,"(100 AECs)","0063DT","IFED","006 "
"WASHINGTON CARBON ALL V2026 - ICE FUTURES ENERGY DIV",260922,2026-09-22,0063EA,IFED,01,006 ,    6688,    3588,    2950,     702,    2363,    2942,    6653,    6594,      35,      94,    6688,    3588,    2950,     702,    2363,    2942,    6653,    6594,      35,      94,       0,       0,       0,       0,       0,       0,       0,       0,       0,       0,     401,       1,     -44,     187,     216,     240,     404,     383,      -3,      18,  100.0,   53.6,   44.1,   10.5,   35.3,   44.0,   99.5,   98.6,    0.5,    1.4,  100.0,   53.6,   44.1,   10.5,   35.3,   44.0,   99.5,   98.6,    0.5,    1.4,    0.0,    0.0,    0.0,    0.0,    0.0,    0.0,    0.0,    0.0,    0.0,    0.0,     36,      6,     14,      8,      8,      9,     20,     26,     36,      6,     14,      8,      8,      9,     20,     26,      0,      0,      0,      0,      0,      0,      0,      0,    72.6,    45.2,    86.6,    68.7,    65.0,    33.9,    75.3,    55.1,    72.6,    45.2,    86.6,    68.7,    65.0,    33.9,    75.3,    55.1,     0.0,     0.0,     0.0,     0.0,     0.0,     0.0,     0.0,     0.0,"1,000 Washington carbon allowances","0063EA","IFED","006 "
"CALIF CARBON ALL VINTAGE 2026 - ICE FUTURES ENERGY DIV",260922,2026-09-22,0063EE,IFED,01,006 ,  195827,  131933,   44067,   12995,   50751,  138763,  195679,  195825,     148,       2,  195827,  131933,   44067,   12995,   50751,  138763,  195679,  195825,     148,       2,       0,       0,       0,       0,       0,       0,       0,       0,       0,       0,   -5597,   -3774,     628,   -2222,     455,   -3959,   -5541,   -5553,     -56,     -44,  100.0,   67.4,   22.5,    6.6,   25.9,   70.9,   99.9,  100.0,    0.1,    0.0,  100.0,   67.4,   22.5,    6.6,   25.9,   70.9,   99.9,  100.0,    0.1,    0.0,    0.0,    0.0,    0.0,    0.0,    0.0,    0.0,    0.0,    0.0,    0.0,    0.0,    148,     73,     20,     15,     36,     31,    112,     63,    148,     73,     20,     15,     36,     31,    112,     63,      0,      0,      0,      0,      0,      0,      0,      0,    41.1,    21.7,    54.5,    40.4,    39.1,    21.6,    50.5,    40.0,    41.1,    21.7,    54.5,    40.4,    39.1,    21.6,    50.5,    40.0,     0.0,     0.0,     0.0,     0.0,     0.0,     0.0,     0.0,     0.0,"1,000 California carbon allowances","0063EE","IFED","006 "
"CALIF CARBON ALL VINTAGE 2027 - ICE FUTURES ENERGY DIV",260922,2026-09-22,0063EI,IFED,01,006 ,   43488,   26188,   11580,     755,   16537,   31142,   43480,   43477,       8,      11,   43488,   26188,   11580,     755,   16537,   31142,   43480,   43477,       8,      11,       0,       0,       0,       0,       0,       0,       0,       0,       0,       0,    2645,    3663,     509,       0,   -1018,    2136,    2645,    2645,       0,       0,  100.0,   60.2,   26.6,    1.7,   38.0,   71.6,  100.0,  100.0,    0.0,    0.0,  100.0,   60.2,   26.6,    1.7,   38.0,   71.6,  100.0,  100.0,    0.0,    0.0,    0.0,    0.0,    0.0,    0.0,    0.0,    0.0,    0.0,    0.0,    0.0,    0.0,     48,     18,      6,      2,     10,     15,     29,     22,     48,     18,      6,      2,     10,     15,     29,     22,      0,      0,      0,      0,      0,      0,      0,      0,    53.8,    75.2,    72.7,    88.7,    53.8,    74.3,    71.9,    87.8,    53.8,    75.2,    72.7,    88.7,    53.8,    74.3,    71.9,    87.8,     0.0,     0.0,     0.0,     0.0,     0.0,     0.0,     0.0,     0.0,"1,000 California carbon allowances","0063EI","IFED","006 "
"CALIF CARBON ALLOWANCE V2026 - NODAL EXCHANGE",260922,2026-09-22,0063EL,NODX,01,006 ,    6702,    2623,    3827,     800,    3007,    1800,    6430,    6427,     272,     275,    6702,    2623,    3827,     800,    3007,    1800,    6430,    6427,     272,     275,       0,       0,       0,       0,       0,       0,       0,       0,       0,       0,    -201,    -790,    -801,     460,     128,     138,    -202,    -203,       1,       2,  100.0,   39.1,   57.1,   11.9,   44.9,   26.9,   95.9,   95.9,    4.1,    4.1,  100.0,   39.1,   57.1,   11.9,   44.9,   26.9,   95.9,   95.9,    4.1,    4.1,    0.0,    0.0,    0.0,    0.0,    0.0,    0.0,    0.0,    0.0,    0.0,    0.0,     28,      6,      6,      1,     10,     11,     17,     17,     28,      6,      6,      1,     10,     11,     17,     17,      0,      0,      0,      0,      0,      0,      0,      0,    62.6,    69.6,    85.1,    85.3,    58.1,    57.6,    73.5,    70.8,    62.6,    69.6,    85.1,    85.3,    58.1,    57.6,    73.5,    70.8,     0.0,     0.0,     0.0,     0.0,     0.0,     0.0,     0.0,     0.0,"(1,000 California carbon allowances)","0063EL","NODX","006 "
"RGGI V2026 - ICE FUTURES ENERGY DIV",260922,2026-09-22,0063EM,IFED,01,006 ,   68369,   17578,    7597,    7001,   43670,   53760,   68249,   68358,     120,      11,   68369,   17578,    7597,    7001,   43670,   53760,   68249,   68358,     120,      11,       0,       0,       0,       0,       0,       0,       0,       0,       0,       0,    5990,     981,     792,    2729,    2272,    2469,    5982,    5990,       8,       0,  100.0,   25.7,   11.1,   10.2,   63.9,   78.6,   99.8,  100.0,    0.2,    0.0,  100.0,   25.7,   11.1,   10.2,   63.9,   78.6,   99.8,  100.0,    0.2,    0.0,    0.0,    0.0,    0.0,    0.0,    0.0,    0.0,    0.0,    0.0,    0.0,    0.0,     73,     32,     10,     15,     25,     14,     62,     34,     73,     32,     10,     15,     25,     14,     62,     34,      0,      0,      0,      0,      0,      0,      0,      0,    46.6,    74.2,    68.4,    85.9,    45.6,    71.6,    59.2,    79.2,    46.6,    74.2,    68.4,    85.9,    45.6,    71.6,    59.2,    79.2,     0.0,     0.0,     0.0,     0.0,     0.0,     0.0,     0.0,     0.0,"1,000 RGGI CO2 Allowances","0063EM","IFED","006 "
"RGGI V2027 - ICE FUTURES ENERGY DIV",260922,2026-09-22,0063F6,IFED,01,006 ,   24829,    2258,   15055,    2757,   19799,    6977,   24814,   24789,      15,      40,   24829,    2258,   15055,    2757,   19799,    6977,   24814,   24789,      15,      40,       0,       0,       0,       0,       0,       0,       0,       0,       0,       0,     780,     -83,     326,     238,     626,     212,     781,     776,      -1,       4,  100.0,    9.1,   60.6,   11.1,   79.7,   28.1,   99.9,   99.8,    0.1,    0.2,  100.0,    9.1,   60.6,   11.1,   79.7,   28.1,   99.9,   99.8,    0.1,    0.2,    0.0,    0.0,    0.0,    0.0,    0.0,    0.0,    0.0,    0.0,    0.0,    0.0,     39,      4,     15,      6,     12,     14,     20,     31,     39,      4,     15,      6,     12,     14,     20,     31,      0,      0,      0,      0,      0,      0,      0,      0,    62.8,    59.1,    85.3,    79.1,    61.6,    50.8,    75.5,    69.6,    62.8,    59.1,    85.3,    79.1,    61.6,    50.8,    75.5,    69.6,     0.0,     0.0,     0.0,     0.0,     0.0,     0.0,     0.0,     0.0,"(1,000 RGGI CO2 Allowances)","0063F6","IFED","006 "
"TX REC CRS V26 BACK HALF - NODAL EXCHANGE",260922,2026-09-22,006NHT,NODX,01,006 ,    8505,      75,    5465,       0,    8271,    2869,    8346,    8334,     159,     171,    8505,      75,    5465,       0,    8271,    2869,    8346,    8334,     159,     171,       0,       0,       0,       0,       0,       0,       0,       0,       0,       0,       0,       0,       0,       0,       0,       0,       0,       0,       0,       0,  100.0,    0.9,   64.3,    0.0,   97.2,   33.7,   98.1,   98.0,    1.9,    2.0,  100.0,    0.9,   64.3,    0.0,   97.2,   33.7,   98.1,   98.0,    1.9,    2.0,    0.0,    0.0,    0.0,    0.0,    0.0,    0.0,    0.0,    0.0,    0.0,    0.0,     28,      1,      6,      0,     14,      7,     15,     13,     28,      1,      6,      0,     14,      7,     15,     13,      0,      0,      0,      0,      0,      0,      0,      0,    61.0,    66.9,    90.2,    89.6,    61.0,    66.9,    90.2,    89.6,    61.0,    66.9,    90.2,    89.6,    61.0,    66.9,    90.2,    89.6,     0.0,     0.0,     0.0,     0.0,     0.0,     0.0,     0.0,     0.0,"1000 Texas RECs","006NHT","NODX","006 "
"TX REC CRS V27 BACK HALF - NODAL EXCHANGE",260922,2026-09-22,006NHU,NODX,01,006 ,    6665,     696,    4088,       0,    5669,    2277,    6365,    6365,     300,     300,    6665,     696,    4088,       0,    5669,    2277,    6365,    6365,     300,     300,       0,       0,       0,       0,       0,       0,       0,       0,       0,       0,     -25,       0,       0,       0,     -25,     -25,     -25,     -25,       0,       0,  100.0,   10.4,   61.3,    0.0,   85.1,   34.2,   95.5,   95.5,    4.5,    4.5,  100.0,   10.4,   61.3,    0.0,   85.1,   34.2,   95.5,   95.5,    4.5,    4.5,    0.0,    0.0,    0.0,    0.0,    0.0,    0.0,    0.0,    0.0,    0.0,    0.0,     31,      6,      4,      0,     13,      8,     19,     12,     31,      6,      4,      0,     13,      8,     19,     12,      0,      0,      0,      0,      0,      0,      0,      0,    59.2,    73.4,    83.3,    92.5,    59.2,    73.4,    83.3,    92.5,    59.2,    73.4,    83.3,    92.5,    59.2,    73.4,    83.3,    92.5,     0.0,     0.0,     0.0,     0.0,     0.0,     0.0,     0.0,     0.0,"1000 Texas RECs","006NHU","NODX","006 "
"TX REC CRS V28 BACK HALF - NODAL EXCHANGE",260922,2026-09-22,006NHV,NODX,01,006 ,    4936,     741,    2265,     441,    3447,    1897,    4629,    4603,     307,     333,    4936,     741,    2265,     441,    3447,    1897,    4629,    4603,     307,     333,       0,       0,       0,       0,       0,       0,       0,       0,       0,       0,       0,       0,       0,       0,       0,       0,       0,       0,       0,       0,  100.0,   15.0,   45.9,    8.9,   69.8,   38.4,   93.8,   93.3,    6.2,    6.7,  100.0,   15.0,   45.9,    8.9,   69.8,   38.4,   93.8,   93.3,    6.2,    6.7,    0.0,    0.0,    0.0,    0.0,    0.0,    0.0,    0.0,    0.0,    0.0,    0.0,     30,      6,      4,      1,     14,      6,     20,     11,     30,      6,      4,      1,     14,      6,     20,     11,      0,      0,      0,      0,      0,      0,      0,      0,    47.6,    71.6,    73.1,    87.1,    40.6,    67.5,    64.1,    81.1,    47.6,    71.6,    73.1,    87.1,    40.6,    67.5,    64.1,    81.1,     0.0,     0.0,     0.0,     0.0,     0.0,     0.0,     0.0,     0.0,"1000 Texas RECs","006NHV","NODX","006 "
"TX REC CRS V29 BACK HALF - NODAL EXCHANGE",260922,2026-09-22,006NHW,NODX,01,006 ,    4405,     501,    2285,       0,    3802,    2018,    4303,    4303,     102,     102,    4405,     501,    2285,       0,    3802,    2018,    4303,    4303,     102,     102,       0,       0,       0,       0,       0,       0,       0,       0,       0,       0,     -25,     -25,       0,       0,       0,     -25,     -25,     -25,       0,       0,  100.0,   11.4,   51.9,    0.0,   86.3,   45.8,   97.7,   97.7,    2.3,    2.3,  100.0,   11.4,   51.9,    0.0,   86.3,   45.8,   97.7,   97.7,    2.3,    2.3,    0.0,    0.0,    0.0,    0.0,    0.0,    0.0,    0.0,    0.0,    0.0,    0.0,     31,      5,      4,      0,     14,      8,     19,     12,     31,      5,      4,      0,     14,      8,     19,     12,      0,      0,      0,      0,      0,      0,      0,      0,    62.4,    77.2,    81.5,    92.0,    62.4,    77.2,    81.5,    92.0,    62.4,    77.2,    81.5,    92.0,    62.4,    77.2,    81.5,    92.0,     0.0,     0.0,     0.0,     0.0,     0.0,     0.0,     0.0,     0.0,"1000 Texas RECs","006NHW","NODX","006 "
"TX REC CRS V30 BACK HALF - NODAL EXCHANGE",260922,2026-09-22,006NHX,NODX,01,006 ,    4163,     440,    2367,       0,    3582,    1643,    4022,    4010,     141,     153,    4163,     440,    2367,       0,    3582,    1643,    4022,    4010,     141,     153,       0,       0,       0,       0,       0,       0,       0,       0,       0,       0,       0,       0,       0,       0,       0,       0,       0,       0,       0,       0,  100.0,   10.6,   56.9,    0.0,   86.0,   39.5,   96.6,   96.3,    3.4,    3.7,  100.0,   10.6,   56.9,    0.0,   86.0,   39.5,   96.6,   96.3,    3.4,    3.7,    0.0,    0.0,    0.0,    0.0,    0.0,    0.0,    0.0,    0.0,    0.0,    0.0,     28,      4,      5,      0,     11,     10,     15,     15,     28,      4,      5,      0,     11,     10,     15,     15,      0,      0,      0,      0,      0,      0,      0,      0,    74.3,    74.3,    88.2,    90.2,    73.7,    74.3,    87.5,    90.2,    74.3,    74.3,    88.2,    90.2,    73.7,    74.3,    87.5,    90.2,     0.0,     0.0,     0.0,     0.0,     0.0,     0.0,     0.0,     0.0,"(1,000 MWh representing 1,000 Texas RECs","006NHX","NODX","006 "
"TX REC CRS V26 FRONT HALF - NODAL EXCHANGE",260922,2026-09-22,006NHY,NODX,01,006 ,    7673,     311,    3345,       0,    7189,    4119,    7500,    7464,     173,     209,    7673,     311,    3345,       0,    7189,    4119,    7500,    7464,     173,     209,       0,       0,       0,       0,       0,       0,       0,       0,       0,       0,     -60,       0,     -45,       0,       0,      45,       0,       0,     -60,     -60,  100.0,    4.1,   43.6,    0.0,   93.7,   53.7,   97.7,   97.3,    2.3,    2.7,  100.0,    4.1,   43.6,    0.0,   93.7,   53.7,   97.7,   97.3,    2.3,    2.7,    0.0,    0.0,    0.0,    0.0,    0.0,    0.0,    0.0,    0.0,    0.0,    0.0,     27,      3,      4,      0,     12,      8,     15,     12,     27,      3,      4,      0,     12,      8,     15,     12,      0,      0,      0,      0,      0,      0,      0,      0,    69.1,    60.9,    87.6,    89.5,    69.1,    60.9,    87.6,    89.5,    69.1,    60.9,    87.6,    89.5,    69.1,    60.9,    87.6,    89.5,     0.0,     0.0,     0.0,     0.0,     0.0,     0.0,     0.0,     0.0,"1000 Texas RECs","006NHY","NODX","006 "
"TX REC CRS V27 FRONT HALF - NODAL EXCHANGE",260922,2026-09-22,006NHZ,NODX,01,006 ,    7602,    1410,    3231,       0,    6013,    4151,    7423,    7382,     179,     220,    7602,    1410,    3231,       0,    6013,    4151,    7423,    7382,     179,     220,       0,       0,       0,       0,       0,       0,       0,       0,       0,       0,       0,       0,       0,       0,       0,       0,       0,       0,       0,       0,  100.0,   18.5,   42.5,    0.0,   79.1,   54.6,   97.6,   97.1,    2.4,    2.9,  100.0,   18.5,   42.5,    0.0,   79.1,   54.6,   97.6,   97.1,    2.4,    2.9,    0.0,    0.0,    0.0,    0.0,    0.0,    0.0,    0.0,    0.0,    0.0,    0.0,     31,      6,      2,      0,     15,      9,     21,     11,     31,      6,      2,      0,     15,      9,     21,     11,      0,      0,      0,      0,      0,      0,      0,      0,    57.6,    75.5,    77.3,    94.1,    57.6,    75.2,    77.3,    93.8,    57.6,    75.5,    77.3,    94.1,    57.6,    75.2,    77.3,    93.8,     0.0,     0.0,     0.0,     0.0,     0.0,     0.0,     0.0,     0.0,"1000 Texas RECs","006NHZ","NODX","006 "
"TX REC CRS V28 FRONT HALF - NODAL EXCHANGE",260922,2026-09-22,006NJ1,NODX,01,006 ,    6044,     704,    3065,       0,    5065,    2675,    5769,    5740,     275,     304,    6044,     704,    3065,       0,    5065,    2675,    5769,    5740,     275,     304,       0,       0,       0,       0,       0,       0,       0,       0,       0,       0,       0,       0,       0,       0,       0,       0,       0,       0,       0,       0,  100.0,   11.6,   50.7,    0.0,   83.8,   44.3,   95.5,   95.0,    4.5,    5.0,  100.0,   11.6,   50.7,    0.0,   83.8,   44.3,   95.5,   95.0,    4.5,    5.0,    0.0,    0.0,    0.0,    0.0,    0.0,    0.0,    0.0,    0.0,    0.0,    0.0,     25,      3,      4,      0,     11,      8,     14,     12,     25,      3,      4,      0,     11,      8,     14,     12,      0,      0,      0,      0,      0,      0,      0,      0,    67.2,    71.5,    84.2,    90.5,    66.4,    71.5,    83.4,    90.5,    67.2,    71.5,    84.2,    90.5,    66.4,    71.5,    83.4,    90.5,     0.0,     0.0,     0.0,     0.0,     0.0,     0.0,     0.0,     0.0,"1000 Texas RECs","006NJ1","NODX","006 "
"TX REC CRS V29 FRONT HALF - NODAL EXCHANGE",260922,2026-09-22,006NJ2,NODX,01,006 ,    6093,    1175,    2307,      33,    4767,    3629,    5975,    5969,     118,     124,    6093,    1175,    2307,      33,    4767,    3629,    5975,    5969,     118,     124,       0,       0,       0,       0,       0,       0,       0,       0,       0,       0,       0,       0,       0,       0,       0,       0,       0,       0,       0,       0,  100.0,   19.3,   37.9,    0.5,   78.2,   59.6,   98.1,   98.0,    1.9,    2.0,  100.0,   19.3,   37.9,    0.5,   78.2,   59.6,   98.1,   98.0,    1.9,    2.0,    0.0,    0.0,    0.0,    0.0,    0.0,    0.0,    0.0,    0.0,    0.0,    0.0,     31,      6,      3,      1,     12,     10,     18,     14,     31,      6,      3,      1,     12,     10,     18,     14,      0,      0,      0,      0,      0,      0,      0,      0,    70.1,    84.6,    87.3,    93.4,    70.1,    84.6,    87.3,    93.4,    70.1,    84.6,    87.3,    93.4,    70.1,    84.6,    87.3,    93.4,     0.0,     0.0,     0.0,     0.0,     0.0,     0.0,     0.0,     0.0,"1000 Texas RECs","006NJ2","NODX","006 "
"TX REC CRS V30 FRONT HALF - NODAL EXCHANGE",260922,2026-09-22,006NJ3,NODX,01,006 ,    3588,     503,    1876,       0,    2931,    1532,    3434,    3408,     154,     180,    3588,     503,    1876,       0,    2931,    1532,    3434,    3408,     154,     180,       0,       0,       0,       0,       0,       0,       0,       0,       0,       0,      25,       0,       0,       0,      25,      25,      25,      25,       0,       0,  100.0,   14.0,   52.3,    0.0,   81.7,   42.7,   95.7,   95.0,    4.3,    5.0,  100.0,   14.0,   52.3,    0.0,   81.7,   42.7,   95.7,   95.0,    4.3,    5.0,    0.0,    0.0,    0.0,    0.0,    0.0,    0.0,    0.0,    0.0,    0.0,    0.0,     26,      3,      6,      0,     10,      9,     13,     15,     26,      3,      6,      0,     10,      9,     13,     15,      0,      0,      0,      0,      0,      0,      0,      0,    70.2,    70.3,    86.0,    87.0,    68.0,    70.3,    83.8,    87.0,    70.2,    70.3,    86.0,    87.0,    68.0,    70.3,    83.8,    87.0,     0.0,     0.0,     0.0,     0.0,     0.0,     0.0,     0.0,     0.0,"1000 Texas RECs","006NJ3","NODX","006 "
"TX REC CRS V31 BACK HALF - NODAL EXCHANGE",260922,2026-09-22,006NKH,NODX,01,006 ,    2247,     219,    1174,       0,    1928,     958,    2147,    2132,     100,     115,    2247,     219,    1174,       0,    1928,     958,    2147,    2132,     100,     115,       0,       0,       0,       0,       0,       0,       0,       0,       0,       0,       0,       0,       0,       0,       0,       0,       0,       0,       0,       0,  100.0,    9.7,   52.2,    0.0,   85.8,   42.6,   95.5,   94.9,    4.5,    5.1,  100.0,    9.7,   52.2,    0.0,   85.8,   42.6,   95.5,   94.9,    4.5,    5.1,    0.0,    0.0,    0.0,    0.0,    0.0,    0.0,    0.0,    0.0,    0.0,    0.0,     20,      2,      3,      0,      9,      8,     11,     11,     20,      2,      3,      0,      9,      8,     11,     11,      0,      0,      0,      0,      0,      0,      0,      0,    70.6,    78.1,    89.2,    91.4,    68.2,    78.1,    86.9,    91.4,    70.6,    78.1,    89.2,    91.4,    68.2,    78.1,    86.9,    91.4,     0.0,     0.0,     0.0,     0.0,     0.0,     0.0,     0.0,     0.0,"1000 Texas RECs","006NKH","NODX","006 "
"TX REC CRS V31 FRONT HALF - NODAL EXCHANGE",260922,2026-09-22,006NKJ,NODX,01,006 ,    2296,     468,    1089,       0,    1704,    1107,    2172,    2196,     124,     100,    2296,     468,    1089,       0,    1704,    1107,    2172,    2196,     124,     100,       0,       0,       0,       0,       0,       0,       0,       0,       0,       0,       0,       0,       0,       0,       0,       0,       0,       0,       0,       0,  100.0,   20.4,   47.4,    0.0,   74.2,   48.2,   94.6,   95.6,    5.4,    4.4,  100.0,   20.4,   47.4,    0.0,   74.2,   48.2,   94.6,   95.6,    5.4,    4.4,    0.0,    0.0,    0.0,    0.0,    0.0,    0.0,    0.0,    0.0,    0.0,    0.0,     20,      3,      2,      0,     10,      7,     13,      9,     20,      3,      2,      0,     10,      7,     13,      9,      0,      0,      0,      0,      0,      0,      0,      0,    57.8,    78.1,    81.7,    94.5,    56.6,    78.1,    80.5,    91.7,    57.8,    78.1,    81.7,    94.5,    56.6,    78.1,    80.5,    91.7,     0.0,     0.0,     0.0,     0.0,     0.0,     0.0,     0.0,     0.0,"1000 Texas RECs","006NKJ","NODX","006 "
"NEW JERSEY RECs CLASS 2 V2027 - NODAL EXCHANGE",260922,2026-09-22,006NMM,NODX,01,006 ,   10806,    4495,    1920,       0,    6311,    8886,   10806,   10806,       0,       0,   10806,    4495,    1920,       0,    6311,    8886,   10806,   10806,       0,       0,       0,       0,       0,       0,       0,       0,       0,       0,       0,       0,       0,       0,       0,       0,       0,       0,       0,       0,       0,       0,  100.0,   41.6,   17.8,    0.0,   58.4,   82.2,  100.0,  100.0,    0.0,    0.0,  100.0,   41.6,   17.8,    0.0,   58.4,   82.2,  100.0,  100.0,    0.0,    0.0,    0.0,    0.0,    0.0,    0.0,    0.0,    0.0,    0.0,    0.0,    0.0,    0.0,     25,      6,      2,      0,     13,      4,     19,      6,     25,      6,      2,      0,     13,      4,     19,      6,      0,      0,      0,      0,      0,      0,      0,      0,    54.8,    96.3,    81.7,   100.0,    54.8,    96.3,    81.7,   100.0,    54.8,    96.3,    81.7,   100.0,    54.8,    96.3,    81.7,   100.0,     0.0,     0.0,     0.0,     0.0,     0.0,     0.0,     0.0,     0.0,"(100 MWh representing 100 NJ Class 2 REC","006NMM","NODX","006 "
"PENNSYLVANIA AEC TIER 2-V2027 - NODAL EXCHANGE",260922,2026-09-22,006NMT,NODX,01,006 ,   28378,    7333,   11039,       0,   21045,   17339,   28378,   28378,       0,       0,   28378,    7333,   11039,       0,   21045,   17339,   28378,   28378,       0,       0,       0,       0,       0,       0,       0,       0,       0,       0,       0,       0,       0,       0,       0,       0,       0,       0,       0,       0,       0,       0,  100.0,   25.8,   38.9,    0.0,   74.2,   61.1,  100.0,  100.0,    0.0,    0.0,  100.0,   25.8,   38.9,    0.0,   74.2,   61.1,  100.0,  100.0,    0.0,    0.0,    0.0,    0.0,    0.0,    0.0,    0.0,    0.0,    0.0,    0.0,    0.0,    0.0,     32,      5,      4,      0,     15,      8,     20,     12,     32,      5,      4,      0,     15,      8,     20,     12,      0,      0,      0,      0,      0,      0,      0,      0,    50.2,    74.9,    75.2,    97.1,    50.2,    74.9,    75.2,    97.1,    50.2,    74.9,    75.2,    97.1,    50.2,    74.9,    75.2,    97.1,     0.0,     0.0,     0.0,     0.0,     0.0,     0.0,     0.0,     0.0,"(100 MWh = 100 Tier 2  AECs)","006NMT","NODX","006 "
"NEW JERSEY RECs CLASS 2 V2028 - NODAL EXCHANGE",260922,2026-09-22,006NMW,NODX,01,006 ,    4611,    2110,    1916,       0,    2501,    2695,    4611,    4611,       0,       0,    4611,    2110,    1916,       0,    2501,    2695,    4611,    4611,       0,       0,       0,       0,       0,       0,       0,       0,       0,       0,       0,       0,       0,       0,       0,       0,       0,       0,       0,       0,       0,       0,  100.0,   45.8,   41.6,    0.0,   54.2,   58.4,  100.0,  100.0,    0.0,    0.0,  100.0,   45.8,   41.6,    0.0,   54.2,   58.4,  100.0,  100.0,    0.0,    0.0,    0.0,    0.0,    0.0,    0.0,    0.0,    0.0,    0.0,    0.0,    0.0,    0.0,     22,      5,      2,      0,     10,      5,     15,      7,     22,      5,      2,      0,     10,      5,     15,      7,      0,      0,      0,      0,      0,      0,      0,      0,    58.6,    89.2,    84.6,   100.0,    58.6,    89.2,    84.6,   100.0,    58.6,    89.2,    84.6,   100.0,    58.6,    89.2,    84.6,   100.0,     0.0,     0.0,     0.0,     0.0,     0.0,     0.0,     0.0,     0.0,"100 MWh representing 100 NJ Class 2 RECs","006NMW","NODX","006 "
"PENNSYLVANIA AEC TIER 2-V2028 - NODAL EXCHANGE",260922,2026-09-22,006NMX,NODX,01,006 ,   23200,    3885,    9494,       0,   19315,   13706,   23200,   23200,       0,       0,   23200,    3885,    9494,       0,   19315,   13706,   23200,   23200,       0,       0,       0,       0,       0,       0,       0,       0,       0,       0,       0,       0,    -100,    -100,     500,       0,       0,    -600,    -100,    -100,       0,       0,  100.0,   16.7,   40.9,    0.0,   83.3,   59.1,  100.0,  100.0,    0.0,    0.0,  100.0,   16.7,   40.9,    0.0,   83.3,   59.1,  100.0,  100.0,    0.0,    0.0,    0.0,    0.0,    0.0,    0.0,    0.0,    0.0,    0.0,    0.0,    0.0,    0.0,     27,      6,      2,      0,     16,      3,     22,      5,     27,      6,      2,      0,     16,      3,     22,      5,      0,      0,      0,      0,      0,      0,      0,      0,    54.5,    99.2,    76.1,   100.0,    54.5,    99.2,    76.1,   100.0,    54.5,    99.2,    76.1,   100.0,    54.5,    99.2,    76.1,   100.0,     0.0,     0.0,     0.0,     0.0,     0.0,     0.0,     0.0,     0.0,"(100 MWh = 100 Tier 2  AECs)","006NMX","NODX","006 "
"PENNSYLVANIA AEC TIER 2-V2029 - NODAL EXCHANGE",260922,2026-09-22,006NNO,NODX,01,006 ,   10275,     900,    4310,       0,    9375,    5965,   10275,   10275,       0,       0,   10275,     900,    4310,       0,    9375,    5965,   10275,   10275,       0,       0,       0,       0,       0,       0,       0,       0,       0,       0,       0,       0,.,.,.,.,.,.,.,.,.,.,  100.0,    8.8,   41.9,    0.0,   91.2,   58.1,  100.0,  100.0,    0.0,    0.0,  100.0,    8.8,   41.9,    0.0,   91.2,   58.1,  100.0,  100.0,    0.0,    0.0,    0.0,    0.0,    0.0,    0.0,    0.0,    0.0,    0.0,    0.0,    0.0,    0.0,     20,      2,      2,      0,     12,      4,     14,      6,     20,      2,      2,      0,     12,      4,     14,      6,      0,      0,      0,      0,      0,      0,      0,      0,    59.4,    95.1,    89.3,   100.0,    59.4,    95.1,    89.3,   100.0,    59.4,    95.1,    89.3,   100.0,    59.4,    95.1,    89.3,   100.0,     0.0,     0.0,     0.0,     0.0,     0.0,     0.0,     0.0,     0.0,"(100 MWh = 100 Tier 2  AECs)","006NNO","NODX","006 "
"CALIF CARBON VINTAGE SPEC 2029 - ICE FUTURES ENERGY DIV",260922,2026-09-22,006WCA,IFED,01,006 ,    7585,    4482,    1924,      51,    3052,    5610,    7585,    7585,       0,       0,    7585,    4482,    1924,      51,    3052,    5610,    7585,    7585,       0,       0,       0,       0,       0,       0,       0,       0,       0,       0,       0,       0,       0,       0,       0,       0,       0,       0,       0,       0,       0,       0,  100.0,   59.1,   25.4,    0.7,   40.2,   74.0,  100.0,  100.0,    0.0,    0.0,  100.0,   59.1,   25.4,    0.7,   40.2,   74.0,  100.0,  100.0,    0.0,    0.0,    0.0,    0.0,    0.0,    0.0,    0.0,    0.0,    0.0,    0.0,    0.0,    0.0,     21,      3,      7,      1,      4,      9,      7,     17,     21,      3,      7,      1,      4,      9,      7,     17,      0,      0,      0,      0,      0,      0,      0,      0,    81.2,    64.5,   100.0,    82.4,    77.2,    53.4,    82.4,    68.8,    81.2,    64.5,   100.0,    82.4,    77.2,    53.4,    82.4,    68.8,     0.0,     0.0,     0.0,     0.0,     0.0,     0.0,     0.0,     0.0,"(1,000 California Carbon Allowances)","006WCA","IFED","006 "
"SOYBEAN OIL - CHICAGO BOARD OF TRADE",260922,2026-09-22,007601,CBT ,00,007 ,  605458,  151825,   41625,  143367,  275203,  397789,  570395,  582781,   35063,   22677,  594088,  150663,   46031,  137111,  271810,  389013,  559584,  572155,   34504,   21933,   11370,    6316,     748,    1102,    3393,    8776,   10811,   10626,     559,     744,    -502,  -11405,    3173,    9245,     168,  -15675,   -1992,   -3257,    1490,    2755,  100.0,   25.1,    6.9,   23.7,   45.5,   65.7,   94.2,   96.3,    5.8,    3.7,  100.0,   25.4,    7.7,   23.1,   45.8,   65.5,   94.2,   96.3,    5.8,    3.7,  100.0,   55.5,    6.6,    9.7,   29.8,   77.2,   95.1,   93.5,    4.9,    6.5,    323,    119,     56,    108,    104,    105,    272,    230,    323,    118,     61,    105,    104,    105,    269,    230,     73,     21,     11,     10,     28,     22,     55,     37,    10.7,    25.0,    17.6,    37.1,     7.7,    20.7,    12.7,    29.8,    10.9,    25.1,    17.8,    37.1,     7.8,    20.6,    12.9,    29.7,    42.1,    37.2,    61.0,    59.1,    40.2,    35.9,    57.1,    56.0,"(CONTRACTS OF 60,000 POUNDS)","007601","CBT ","007 "
"UST BOND - CHICAGO BOARD OF TRADE",260922,2026-09-22,020601,CBT ,00,020 , 1887864,  184831,  340636,   30313, 1444003, 1353636, 1659147, 1724585,  228717,  163279, 1887864,  184831,  340636,   30313, 1444003, 1353636, 1659147, 1724585,  228717,  163279,       0,       0,       0,       0,       0,       0,       0,       0,       0,       0,   20422,    8590,  -38762,    9137,     597,   51393,   18324,   21768,    2098,   -1346,  100.0,    9.8,   18.0,    1.6,   76.5,   71.7,   87.9,   91.4,   12.1,    8.6,  100.0,    9.8,   18.0,    1.6,   76.5,   71.7,   87.9,   91.4,   12.1,    8.6,    0.0,    0.0,    0.0,    0.0,    0.0,    0.0,    0.0,    0.0,    0.0,    0.0,    253,     45,     38,     23,    134,    114,    194,    160,    253,     45,     38,     23,    134,    114,    194,    160,      0,      0,      0,      0,      0,      0,      0,      0,    20.3,    39.9,    31.2,    50.7,    19.8,    37.7,    30.3,    48.5,    20.3,    39.9,    31.2,    50.7,    19.8,    37.7,    30.3,    48.5,     0.0,     0.0,     0.0,     0.0,     0.0,     0.0,     0.0,     0.0,"(CONTRACTS OF $100,000 FACE VALUE)","020601","CBT ","020 "
"ULTRA UST BOND - CHICAGO BOARD OF TRADE",260922,2026-09-22,020604,CBT ,00,020 , 2476197,  148968,  485693,   27246, 2090148, 1771902, 2266362, 2284841,  209835,  191356, 2476197,  148968,  485693,   27246, 2090148, 1771902, 2266362, 2284841,  209835,  191356,       0,       0,       0,       0,       0,       0,       0,       0,       0,       0,    5726,    2319,   -6159,    1021,     138,    4086,    3478,   -1052,    2248,    6778,  100.0,    6.0,   19.6,    1.1,   84.4,   71.6,   91.5,   92.3,    8.5,    7.7,  100.0,    6.0,   19.6,    1.1,   84.4,   71.6,   91.5,   92.3,    8.5,    7.7,    0.0,    0.0,    0.0,    0.0,    0.0,    0.0,    0.0,    0.0,    0.0,    0.0,    223,     21,     34,     18,    128,    114,    160,    155,    223,     21,     34,     18,    128,    114,    160,    155,      0,      0,      0,      0,      0,      0,      0,      0,    30.7,    36.1,    42.0,    50.9,    27.4,    36.0,    37.1,    46.4,    30.7,    36.1,    42.0,    50.9,    27.4,    36.0,    37.1,    46.4,     0.0,     0.0,     0.0,     0.0,     0.0,     0.0,     0.0,     0.0,"(CONTRACTS OF $100,000 FACE VALUE)","020604","CBT ","020 "
"USGC HSFO (PLATTS) - ICE FUTURES ENERGY DIV",260922,2026-09-22,02141B,IFED,01,021 ,   29366,   10802,     426,    3126,   15426,   25706,   29354,   29258,      12,     108,   29366,   10802,     426,    3126,   15426,   25706,   29354,   29258,      12,     108,       0,       0,       0,       0,       0,       0,       0,       0,       0,       0,    -492,     -64,     -17,      89,    -517,    -564,    -492,    -492,       0,       0,  100.0,   36.8,    1.5,   10.6,   52.5,   87.5,  100.0,   99.6,    0.0,    0.4,  100.0,   36.8,    1.5,   10.6,   52.5,   87.5,  100.0,   99.6,    0.0,    0.4,    0.0,    0.0,    0.0,    0.0,    0.0,    0.0,    0.0,    0.0,    0.0,    0.0,     58,      9,      2,      7,     36,     42,     48,     49,     58,      9,      2,      7,     36,     42,     48,     49,      0,      0,      0,      0,      0,      0,      0,      0,    49.3,    34.9,    67.6,    53.0,    35.7,    22.6,    47.5,    34.2,    49.3,    34.9,    67.6,    53.0,    35.7,    22.6,    47.5,    34.2,     0.0,     0.0,     0.0,     0.0,     0.0,     0.0,     0.0,     0.0,"(1000 barrels)","02141B","IFED","021 "
"FUEL OIL-3% USGC/3.5% FOB RDAM - ICE FUTURES ENERGY DIV",260922,2026-09-22,02141C,IFED,01,021 ,   19696,     787,    8020,    2396,   16506,    9271,   19689,   19687,       7,       9,   19696,     787,    8020,    2396,   16506,    9271,   19689,   19687,       7,       9,       0,       0,       0,       0,       0,       0,       0,       0,       0,       0,     935,    -375,     480,       5,    1305,     450,     935,     935,       0,       0,  100.0,    4.0,   40.7,   12.2,   83.8,   47.1,  100.0,  100.0,    0.0,    0.0,  100.0,    4.0,   40.7,   12.2,   83.8,   47.1,  100.0,  100.0,    0.0,    0.0,    0.0,    0.0,    0.0,    0.0,    0.0,    0.0,    0.0,    0.0,    0.0,    0.0,     42,      2,      7,      5,     27,     21,     32,     30,     42,      2,      7,      5,     27,     21,     32,     30,      0,      0,      0,      0,      0,      0,      0,      0,    40.2,    60.1,    67.1,    80.6,    40.0,    49.5,    55.9,    65.2,    40.2,    60.1,    67.1,    80.6,    40.0,    49.5,    55.9,    65.2,     0.0,     0.0,     0.0,     0.0,     0.0,     0.0,     0.0,     0.0,"(1000 barrels)","02141C","IFED","021 "
"USGC HSFO-PLATTS/BRENT 1ST LN - ICE FUTURES ENERGY DIV",260922,2026-09-22,02141R,IFED,01,021 ,   13442,     511,    5493,    1207,   11635,    6649,   13353,   13349,      89,      93,   13442,     511,    5493,    1207,   11635,    6649,   13353,   13349,      89,      93,       0,       0,       0,       0,       0,       0,       0,       0,       0,       0,     -31,     454,    -145,    -454,     -31,     568,     -31,     -31,       0,       0,  100.0,    3.8,   40.9,    9.0,   86.6,   49.5,   99.3,   99.3,    0.7,    0.7,  100.0,    3.8,   40.9,    9.0,   86.6,   49.5,   99.3,   99.3,    0.7,    0.7,    0.0,    0.0,    0.0,    0.0,    0.0,    0.0,    0.0,    0.0,    0.0,    0.0,     39,      3,      5,      2,     25,     15,     29,     21,     39,      3,      5,      2,     25,     15,     29,     21,      0,      0,      0,      0,      0,      0,      0,      0,    61.8,    55.2,    77.4,    78.6,    57.2,    55.2,    67.1,    68.7,    61.8,    55.2,    77.4,    78.6,    57.2,    55.2,    67.1,    68.7,     0.0,     0.0,     0.0,     0.0,     0.0,     0.0,     0.0,     0.0,"(1000 Barrels)","02141R","IFED","021 "
"NY HARBOR ULSD - NEW YORK MERCANTILE EXCHANGE",260922,2026-09-22,022651,NYME,01,022 ,  274811,   44868,   34237,   49889,  128813,  160570,  223570,  244696,   51241,   30115,  274811,   44868,   34237,   49889,  128813,  160570,  223570,  244696,   51241,   30115,       0,       0,       0,       0,       0,       0,       0,       0,       0,       0,   -2219,     916,    -762,   -1316,     397,   -2105,      -3,   -4183,   -2216,    1964,  100.0,   16.3,   12.5,   18.2,   46.9,   58.4,   81.4,   89.0,   18.6,   11.0,  100.0,   16.3,   12.5,   18.2,   46.9,   58.4,   81.4,   89.0,   18.6,   11.0,    0.0,    0.0,    0.0,    0.0,    0.0,    0.0,    0.0,    0.0,    0.0,    0.0,    165,     43,     32,     49,     66,     79,    136,    135,    165,     43,     32,     49,     66,     79,    136,    135,      0,      0,      0,      0,      0,      0,      0,      0,    13.8,    18.2,    22.4,    29.3,    11.6,    14.1,    17.2,    19.9,    13.8,    18.2,    22.4,    29.3,    11.6,    14.1,    17.2,    19.9,     0.0,     0.0,     0.0,     0.0,     0.0,     0.0,     0.0,     0.0,"(CONTRACTS OF 42,000 U.S. GALLONS)","022651","NYME","022 "
"NAT GAS ICE LD1 - ICE FUTURES ENERGY DIV",260922,2026-09-22,023391,IFED,01,023 , 8014941,  763287,  673692, 1514626, 5695739, 5805527, 7973652, 7993845,   41289,   21096, 8014941,  763287,  673692, 1514626, 5695739, 5805527, 7973652, 7993845,   41289,   21096,       0,       0,       0,       0,       0,       0,       0,       0,       0,       0,   18965,  -96133,  -91360,   41936,   70527,   67566,   16330,   18142,    2635,     823,  100.0,    9.5,    8.4,   18.9,   71.1,   72.4,   99.5,   99.7,    0.5,    0.3,  100.0,    9.5,    8.4,   18.9,   71.1,   72.4,   99.5,   99.7,    0.5,    0.3,    0.0,    0.0,    0.0,    0.0,    0.0,    0.0,    0.0,    0.0,    0.0,    0.0,    279,     43,     38,     72,    183,    144,    261,    220,    279,     43,     38,     72,    183,    144,    261,    220,      0,      0,      0,      0,      0,      0,      0,      0,    21.8,    33.2,    34.2,    48.5,    17.0,    30.3,    28.0,    43.6,    21.8,    33.2,    34.2,    48.5,    17.0,    30.3,    28.0,    43.6,     0.0,     0.0,     0.0,     0.0,     0.0,     0.0,     0.0,     0.0,"(Contracts of 2,500  MMBTU'S)","023391","IFED","023 "
"NAT GAS ICE PEN - ICE FUTURES ENERGY DIV",260922,2026-09-22,023392,IFED,01,023 ,  725841,  122042,  252693,  181268,  421999,  291168,  725309,  725129,     532,     712,  725841,  122042,  252693,  181268,  421999,  291168,  725309,  725129,     532,     712,       0,       0,       0,       0,       0,       0,       0,       0,       0,       0,   19471,   26154,   35313,   -9950,    3287,   -6018,   19491,   19345,     -20,     126,  100.0,   16.8,   34.8,   25.0,   58.1,   40.1,   99.9,   99.9,    0.1,    0.1,  100.0,   16.8,   34.8,   25.0,   58.1,   40.1,   99.9,   99.9,    0.1,    0.1,    0.0,    0.0,    0.0,    0.0,    0.0,    0.0,    0.0,    0.0,    0.0,    0.0,     77,     25,     12,     27,     34,     35,     68,     65,     77,     25,     12,     27,     34,     35,     68,     65,      0,      0,      0,      0,      0,      0,      0,      0,    37.9,    48.8,    58.1,    68.2,    24.2,    34.3,    33.5,    41.2,    37.9,    48.8,    58.1,    68.2,    24.2,    34.3,    33.5,    41.2,     0.0,     0.0,     0.0,     0.0,     0.0,     0.0,     0.0,     0.0,"(Contracts of 2,500  MMBTU'S)","023392","IFED","023 "
"SOCAL BORDER FIN BASIS - ICE FUTURES ENERGY DIV",260922,2026-09-22,023393,IFED,01,023 ,  270554,   21264,   15414,    8040,  227867,  236661,  257171,  260115,   13383,   10439,  270554,   21264,   15414,    8040,  227867,  236661,  257171,  260115,   13383,   10439,       0,       0,       0,       0,       0,       0,       0,       0,       0,       0,     710,    3050,    4054,   -1362,    -349,   -2097,    1339,     595,    -629,     115,  100.0,    7.9,    5.7,    3.0,   84.2,   87.5,   95.1,   96.1,    4.9,    3.9,  100.0,    7.9,    5.7,    3.0,   84.2,   87.5,   95.1,   96.1,    4.9,    3.9,    0.0,    0.0,    0.0,    0.0,    0.0,    0.0,    0.0,    0.0,    0.0,    0.0,     53,      6,      6,      8,     34,     33,     45,     43,     53,      6,      6,      8,     34,     33,     45,     43,      0,      0,      0,      0,      0,      0,      0,      0,    42.2,    55.1,    58.5,    67.2,    40.8,    52.1,    56.0,    62.7,    42.2,    55.1,    58.5,    67.2,    40.8,    52.1,    56.0,    62.7,     0.0,     0.0,     0.0,     0.0,     0.0,     0.0,     0.0,     0.0,"(Contracts of 2,500  MMBTU'S)","023393","IFED","023 "
"PG&E CITYGATE FIN BASIS - ICE FUTURES ENERGY DIV",260922,2026-09-22,023394,IFED,01,023 ,  188813,    3453,    4705,    7634,  168299,  173012,  179386,  185351,    9427,    3462,  188813,    3453,    4705,    7634,  168299,  173012,  179386,  185351,    9427,    3462,       0,       0,       0,       0,       0,       0,       0,       0,       0,       0,     516,    1319,     406,     246,   -1658,    -149,     -93,     503,     609,      13,  100.0,    1.8,    2.5,    4.0,   89.1,   91.6,   95.0,   98.2,    5.0,    1.8,  100.0,    1.8,    2.5,    4.0,   89.1,   91.6,   95.0,   98.2,    5.0,    1.8,    0.0,    0.0,    0.0,    0.0,    0.0,    0.0,    0.0,    0.0,    0.0,    0.0,     49,      3,      9,      8,     36,     32,     45,     43,     49,      3,      9,      8,     36,     32,     45,     43,      0,      0,      0,      0,      0,      0,      0,      0,    50.0,    64.3,    62.9,    78.9,    50.0,    58.4,    61.9,    70.8,    50.0,    64.3,    62.9,    78.9,    50.0,    58.4,    61.9,    70.8,     0.0,     0.0,     0.0,     0.0,     0.0,     0.0,     0.0,     0.0,"(Contracts of 2,500  MMBTU'S)","023394","IFED","023 "
"NWP ROCKIES FIN BASIS - ICE FUTURES ENERGY DIV",260922,2026-09-22,023395,IFED,01,023 ,  397344,   26819,   16686,    8353,  350915,  361814,  386087,  386853,   11257,   10491,  397344,   26819,   16686,    8353,  350915,  361814,  386087,  386853,   11257,   10491,       0,       0,       0,       0,       0,       0,       0,       0,       0,       0,    7889,     182,    3533,    1705,    7592,    4269,    9479,    9507,   -1590,   -1618,  100.0,    6.7,    4.2,    2.1,   88.3,   91.1,   97.2,   97.4,    2.8,    2.6,  100.0,    6.7,    4.2,    2.1,   88.3,   91.1,   97.2,   97.4,    2.8,    2.6,    0.0,    0.0,    0.0,    0.0,    0.0,    0.0,    0.0,    0.0,    0.0,    0.0,     72,      8,      7,      6,     47,     42,     58,     52,     72,      8,      7,      6,     47,     42,     58,     52,      0,      0,      0,      0,      0,      0,      0,      0,    49.8,    40.7,    64.9,    60.2,    39.4,    36.9,    52.4,    49.6,    49.8,    40.7,    64.9,    60.2,    39.4,    36.9,    52.4,    49.6,     0.0,     0.0,     0.0,     0.0,     0.0,     0.0,     0.0,     0.0,"(Contracts of 2,500  MMBTU'S)","023395","IFED","023 "
"AECO FIN BASIS - ICE FUTURES ENERGY DIV",260922,2026-09-22,023396,IFED,01,023 ,  955760,   29438,    8768,   11260,  897836,  930954,  938534,  950982,   17226,    4778,  955760,   29438,    8768,   11260,  897836,  930954,  938534,  950982,   17226,    4778,       0,       0,       0,       0,       0,       0,       0,       0,       0,       0,    5812,   -1757,      63,     871,    6633,    5850,    5747,    6784,      65,    -972,  100.0,    3.1,    0.9,    1.2,   93.9,   97.4,   98.2,   99.5,    1.8,    0.5,  100.0,    3.1,    0.9,    1.2,   93.9,   97.4,   98.2,   99.5,    1.8,    0.5,    0.0,    0.0,    0.0,    0.0,    0.0,    0.0,    0.0,    0.0,    0.0,    0.0,     62,      6,      8,      7,     44,     31,     54,     42,     62,      6,      8,      7,     44,     31,     54,     42,      0,      0,      0,      0,      0,      0,      0,      0,    44.3,    53.7,    58.9,    78.7,    39.7,    53.6,    52.6,    74.4,    44.3,    53.7,    58.9,    78.7,    39.7,    53.6,    52.6,    74.4,     0.0,     0.0,     0.0,     0.0,     0.0,     0.0,     0.0,     0.0,"(Contracts of 2,500  MMBTU'S)","023396","IFED","023 "
"CHICAGO FIN BASIS - ICE FUTURES ENERGY DIV",260922,2026-09-22,023397,IFED,01,023 ,  375272,   21180,   10267,    6847,  339730,  347546,  367757,  364660,    7515,   10612,  375272,   21180,   10267,    6847,  339730,  347546,  367757,  364660,    7515,   10612,       0,       0,       0,       0,       0,       0,       0,       0,       0,       0,   22165,    1753,    5068,    2070,   18537,   15277,   22360,   22415,    -195,    -250,  100.0,    5.6,    2.7,    1.8,   90.5,   92.6,   98.0,   97.2,    2.0,    2.8,  100.0,    5.6,    2.7,    1.8,   90.5,   92.6,   98.0,   97.2,    2.0,    2.8,    0.0,    0.0,    0.0,    0.0,    0.0,    0.0,    0.0,    0.0,    0.0,    0.0,     66,      9,      8,      6,     43,     36,     55,     47,     66,      9,      8,      6,     43,     36,     55,     47,      0,      0,      0,      0,      0,      0,      0,      0,    41.5,    33.0,    58.5,    56.1,    31.7,    27.7,    41.7,    41.6,    41.5,    33.0,    58.5,    56.1,    31.7,    27.7,    41.7,    41.6,     0.0,     0.0,     0.0,     0.0,     0.0,     0.0,     0.0,     0.0,"(Contracts of 2,500  MMBTU'S)","023397","IFED","023 "
"HSC FIN BASIS - ICE FUTURES ENERGY DIV",260922,2026-09-22,023398,IFED,01,023 ,  878027,   12101,  159053,   26280,  833781,  686720,  872162,  872053,    5865,    5974,  878027,   12101,  159053,   26280,  833781,  686720,  872162,  872053,    5865,    5974,       0,       0,       0,       0,       0,       0,       0,       0,       0,       0,   22881,   -5600,   17791,    3978,   24443,     922,   22821,   22691,      60,     190,  100.0,    1.4,   18.1,    3.0,   95.0,   78.2,   99.3,   99.3,    0.7,    0.7,  100.0,    1.4,   18.1,    3.0,   95.0,   78.2,   99.3,   99.3,    0.7,    0.7,    0.0,    0.0,    0.0,    0.0,    0.0,    0.0,    0.0,    0.0,    0.0,    0.0,     97,      7,     17,      9,     58,     58,     71,     78,     97,      7,     17,      9,     58,     58,     71,     78,      0,      0,      0,      0,      0,      0,      0,      0,    29.8,    26.4,    50.6,    41.7,    29.2,    26.0,    47.7,    40.3,    29.8,    26.4,    50.6,    41.7,    29.2,    26.0,    47.7,    40.3,     0.0,     0.0,     0.0,     0.0,     0.0,     0.0,     0.0,     0.0,"(Contracts of 2,500  MMBTU'S)","023398","IFED","023 "
"WAHA FIN BASIS - ICE FUTURES ENERGY DIV",260922,2026-09-22,023399,IFED,01,023 ,  747405,   25247,   43854,   43191,  675406,  654791,  743844,  741836,    3561,    5569,  747405,   25247,   43854,   43191,  675406,  654791,  743844,  741836,    3561,    5569,       0,       0,       0,       0,       0,       0,       0,       0,       0,       0,    9323,     241,    4366,   -4188,   13432,   11400,    9485,   11578,    -162,   -2255,  100.0,    3.4,    5.9,    5.8,   90.4,   87.6,   99.5,   99.3,    0.5,    0.7,  100.0,    3.4,    5.9,    5.8,   90.4,   87.6,   99.5,   99.3,    0.5,    0.7,    0.0,    0.0,    0.0,    0.0,    0.0,    0.0,    0.0,    0.0,    0.0,    0.0,     84,      6,     10,     11,     60,     48,     72,     63,     84,      6,     10,     11,     60,     48,     72,     63,      0,      0,      0,      0,      0,      0,      0,      0,    30.0,    41.7,    48.5,    59.3,    23.4,    34.1,    39.2,    50.2,    30.0,    41.7,    48.5,    59.3,    23.4,    34.1,    39.2,    50.2,     0.0,     0.0,     0.0,     0.0,     0.0,     0.0,     0.0,     0.0,"(Contracts of 2,500  MMBTU'S)","023399","IFED","023 "
"ALGONQUIN CITYGATES BASIS - ICE FUTURES ENERGY DIV",260922,2026-09-22,02339E,IFED,01,023 ,  110594,    4916,    9040,     585,  100704,   93388,  106205,  103013,    4389,    7581,  110594,    4916,    9040,     585,  100704,   93388,  106205,  103013,    4389,    7581,       0,       0,       0,       0,       0,       0,       0,       0,       0,       0,    1111,    -134,     421,     120,     641,     431,     627,     972,     484,     139,  100.0,    4.4,    8.2,    0.5,   91.1,   84.4,   96.0,   93.1,    4.0,    6.9,  100.0,    4.4,    8.2,    0.5,   91.1,   84.4,   96.0,   93.1,    4.0,    6.9,    0.0,    0.0,    0.0,    0.0,    0.0,    0.0,    0.0,    0.0,    0.0,    0.0,     32,      4,      5,      2,     14,     15,     18,     22,     32,      4,      5,      2,     14,     15,     18,     22,      0,      0,      0,      0,      0,      0,      0,      0,    67.8,    56.4,    84.6,    77.6,    66.6,    54.8,    77.3,    72.5,    67.8,    56.4,    84.6,    77.6,    66.6,    54.8,    77.3,    72.5,     0.0,     0.0,     0.0,     0.0,     0.0,     0.0,     0.0,     0.0,"(Contracts of 2,500  MMBTU'S)","02339E","IFED","023 "
"CG-MAINLINE FINANCIAL INDEX - ICE FUTURES ENERGY DIV",260922,2026-09-22,02339P,IFED,01,023 ,   40042,    4010,    7920,     638,   34424,   30126,   39072,   38684,     970,    1358,   40042,    4010,    7920,     638,   34424,   30126,   39072,   38684,     970,    1358,       0,       0,       0,       0,       0,       0,       0,       0,       0,       0,    7099,    -390,    1002,     638,    7155,    5579,    7403,    7219,    -304,    -120,  100.0,   10.0,   19.8,    1.6,   86.0,   75.2,   97.6,   96.6,    2.4,    3.4,  100.0,   10.0,   19.8,    1.6,   86.0,   75.2,   97.6,   96.6,    2.4,    3.4,    0.0,    0.0,    0.0,    0.0,    0.0,    0.0,    0.0,    0.0,    0.0,    0.0,     31,      2,      3,      2,     13,     16,     16,     20,     31,      2,      3,      2,     13,     16,     16,     20,      0,      0,      0,      0,      0,      0,      0,      0,    65.4,    45.2,    83.5,    74.6,    64.6,    45.2,    82.5,    74.6,    65.4,    45.2,    83.5,    74.6,    64.6,    45.2,    82.5,    74.6,     0.0,     0.0,     0.0,     0.0,     0.0,     0.0,     0.0,     0.0,"(Contracts of 2,500  MMBTU'S)","02339P","IFED","023 "
"CHICAGO CITYGATE (INDEX) - ICE FUTURES ENERGY DIV",260922,2026-09-22,02339Q,IFED,01,023 ,  101234,    1097,    5474,    1205,   96284,   92554,   98586,   99233,    2648,    2001,  101234,    1097,    5474,    1205,   96284,   92554,   98586,   99233,    2648,    2001,       0,       0,       0,       0,       0,       0,       0,       0,       0,       0,   10653,     217,    3891,     455,    8881,    6245,    9553,   10591,    1100,      62,  100.0,    1.1,    5.4,    1.2,   95.1,   91.4,   97.4,   98.0,    2.6,    2.0,  100.0,    1.1,    5.4,    1.2,   95.1,   91.4,   97.4,   98.0,    2.6,    2.0,    0.0,    0.0,    0.0,    0.0,    0.0,    0.0,    0.0,    0.0,    0.0,    0.0,     41,      3,      4,      1,     26,     18,     30,     22,     41,      3,      4,      1,     26,     18,     30,     22,      0,      0,      0,      0,      0,      0,      0,      0,    50.0,    61.7,    68.1,    78.7,    48.5,    52.7,    63.6,    65.8,    50.0,    61.7,    68.1,    78.7,    48.5,    52.7,    63.6,    65.8,     0.0,     0.0,     0.0,     0.0,     0.0,     0.0,     0.0,     0.0,"(Contracts of 2,500  MMBTU'S)","02339Q","IFED","023 "
"CIG ROCKIES FINANCIAL INDEX - ICE FUTURES ENERGY DIV",260922,2026-09-22,02339S,IFED,01,023 ,   35992,    4135,   16346,       0,   29662,   18561,   33797,   34907,    2195,    1085,   35992,    4135,   16346,       0,   29662,   18561,   33797,   34907,    2195,    1085,       0,       0,       0,       0,       0,       0,       0,       0,       0,       0,    7716,    3739,    6197,       0,    3751,    1424,    7490,    7621,     226,      95,  100.0,   11.5,   45.4,    0.0,   82.4,   51.6,   93.9,   97.0,    6.1,    3.0,  100.0,   11.5,   45.4,    0.0,   82.4,   51.6,   93.9,   97.0,    6.1,    3.0,    0.0,    0.0,    0.0,    0.0,    0.0,    0.0,    0.0,    0.0,    0.0,    0.0,     31,      3,      3,      0,     19,     16,     22,     19,     31,      3,      3,      0,     19,     16,     22,     19,      0,      0,      0,      0,      0,      0,      0,      0,    42.4,    65.5,    66.3,    79.2,    27.7,    56.5,    48.2,    66.6,    42.4,    65.5,    66.3,    79.2,    27.7,    56.5,    48.2,    66.6,     0.0,     0.0,     0.0,     0.0,     0.0,     0.0,     0.0,     0.0,"(Contracts of 2,500 MMBTU'S)","02339S","IFED","023 "
"CIG ROCKIES BASIS - ICE FUTURES ENERGY DIV",260922,2026-09-22,02339U,IFED,01,023 ,  467994,   25197,  100142,    7405,  428769,  354000,  461371,  461547,    6623,    6447,  467994,   25197,  100142,    7405,  428769,  354000,  461371,  461547,    6623,    6447,       0,       0,       0,       0,       0,       0,       0,       0,       0,       0,   15516,    5756,    8853,    -603,   10201,    7006,   15354,   15256,     162,     260,  100.0,    5.4,   21.4,    1.6,   91.6,   75.6,   98.6,   98.6,    1.4,    1.4,  100.0,    5.4,   21.4,    1.6,   91.6,   75.6,   98.6,   98.6,    1.4,    1.4,    0.0,    0.0,    0.0,    0.0,    0.0,    0.0,    0.0,    0.0,    0.0,    0.0,     67,      6,     11,      8,     42,     34,     52,     49,     67,      6,     11,      8,     42,     34,     52,     49,      0,      0,      0,      0,      0,      0,      0,      0,    45.3,    59.4,    61.0,    78.0,    32.9,    54.6,    46.2,    60.2,    45.3,    59.4,    61.0,    78.0,    32.9,    54.6,    46.2,    60.2,     0.0,     0.0,     0.0,     0.0,     0.0,     0.0,     0.0,     0.0,"2500 mmbtu","02339U","IFED","023 "
"TCO Basis - ICE FUTURES ENERGY DIV",260922,2026-09-22,02339W,IFED,01,023 ,  227437,     937,    2268,     852,  219884,  215253,  221673,  218373,    5764,    9064,  227437,     937,    2268,     852,  219884,  215253,  221673,  218373,    5764,    9064,       0,       0,       0,       0,       0,       0,       0,       0,       0,       0,     989,     937,      64,       0,    1297,     144,    2234,     208,   -1245,     781,  100.0,    0.4,    1.0,    0.4,   96.7,   94.6,   97.5,   96.0,    2.5,    4.0,  100.0,    0.4,    1.0,    0.4,   96.7,   94.6,   97.5,   96.0,    2.5,    4.0,    0.0,    0.0,    0.0,    0.0,    0.0,    0.0,    0.0,    0.0,    0.0,    0.0,     44,      1,      4,      2,     23,     24,     26,     28,     44,      1,      4,      2,     23,     24,     26,     28,      0,      0,      0,      0,      0,      0,      0,      0,    52.1,    54.2,    73.0,    77.0,    52.1,    53.7,    71.2,    76.1,    52.1,    54.2,    73.0,    77.0,    52.1,    53.7,    71.2,    76.1,     0.0,     0.0,     0.0,     0.0,     0.0,     0.0,     0.0,     0.0,"2500 mm btu","02339W","IFED","023 "
"CG Mainline Basis - ICE FUTURES ENERGY DIV",260922,2026-09-22,02339Y,IFED,01,023 ,  338629,    4306,   16499,    2178,  325886,  317289,  332370,  335966,    6259,    2663,  338629,    4306,   16499,    2178,  325886,  317289,  332370,  335966,    6259,    2663,       0,       0,       0,       0,       0,       0,       0,       0,       0,       0,    3741,     434,    3309,       0,    3456,     412,    3890,    3721,    -149,      20,  100.0,    1.3,    4.9,    0.6,   96.2,   93.7,   98.2,   99.2,    1.8,    0.8,  100.0,    1.3,    4.9,    0.6,   96.2,   93.7,   98.2,   99.2,    1.8,    0.8,    0.0,    0.0,    0.0,    0.0,    0.0,    0.0,    0.0,    0.0,    0.0,    0.0,     46,      1,      8,      3,     24,     27,     28,     35,     46,      1,      8,      3,     24,     27,     28,     35,      0,      0,      0,      0,      0,      0,      0,      0,    76.6,    64.6,    88.7,    78.3,    76.3,    63.9,    88.0,    77.5,    76.6,    64.6,    88.7,    78.3,    76.3,    63.9,    88.0,    77.5,     0.0,     0.0,     0.0,     0.0,     0.0,     0.0,     0.0,     0.0,"2500 mmbtu","02339Y","IFED","023 "
"DOMINION - SOUTH POINT - ICE FUTURES ENERGY DIV",260922,2026-09-22,0233A2,IFED,01,023 ,   45419,    9110,    1941,    3421,   30612,   37240,   43143,   42602,    2276,    2817,   45419,    9110,    1941,    3421,   30612,   37240,   43143,   42602,    2276,    2817,       0,       0,       0,       0,       0,       0,       0,       0,       0,       0,    5465,     856,    1027,     988,    4378,    3721,    6222,    5736,    -757,    -271,  100.0,   20.1,    4.3,    7.5,   67.4,   82.0,   95.0,   93.8,    5.0,    6.2,  100.0,   20.1,    4.3,    7.5,   67.4,   82.0,   95.0,   93.8,    5.0,    6.2,    0.0,    0.0,    0.0,    0.0,    0.0,    0.0,    0.0,    0.0,    0.0,    0.0,     38,      5,      3,      3,     18,     20,     23,     26,     38,      5,      3,      3,     18,     20,     23,     26,      0,      0,      0,      0,      0,      0,      0,      0,    56.7,    46.3,    74.9,    69.1,    50.0,    39.7,    64.2,    55.6,    56.7,    46.3,    74.9,    69.1,    50.0,    39.7,    64.2,    55.6,     0.0,     0.0,     0.0,     0.0,     0.0,     0.0,     0.0,     0.0,"2500 mmbtu","0233A2","IFED","023 "
"DOMINION - SOUTH POINT (BASIS) - ICE FUTURES ENERGY DIV",260922,2026-09-22,0233A3,IFED,01,023 ,  750576,   49816,   46809,   23342,  666565,  669867,  739723,  740018,   10853,   10558,  750576,   49816,   46809,   23342,  666565,  669867,  739723,  740018,   10853,   10558,       0,       0,       0,       0,       0,       0,       0,       0,       0,       0,    8177,   -1007,    6255,    1506,    8484,    -187,    8983,    7574,    -806,     603,  100.0,    6.6,    6.2,    3.1,   88.8,   89.2,   98.6,   98.6,    1.4,    1.4,  100.0,    6.6,    6.2,    3.1,   88.8,   89.2,   98.6,   98.6,    1.4,    1.4,    0.0,    0.0,    0.0,    0.0,    0.0,    0.0,    0.0,    0.0,    0.0,    0.0,     92,      6,     18,     14,     56,     53,     72,     75,     92,      6,     18,     14,     56,     53,     72,     75,      0,      0,      0,      0,      0,      0,      0,      0,    34.4,    36.2,    50.4,    52.9,    33.7,    32.2,    46.9,    48.1,    34.4,    36.2,    50.4,    52.9,    33.7,    32.2,    46.9,    48.1,     0.0,     0.0,     0.0,     0.0,     0.0,     0.0,     0.0,     0.0,"2500 mmbtu","0233A3","IFED","023 "
"EP SAN JUAN BASIS - ICE FUTURES ENERGY DIV",260922,2026-09-22,0233A8,IFED,01,023 ,  258389,    3718,    5830,    3303,  239517,  244134,  246538,  253267,   11851,    5122,  258389,    3718,    5830,    3303,  239517,  244134,  246538,  253267,   11851,    5122,       0,       0,       0,       0,       0,       0,       0,       0,       0,       0,   -1058,     527,     139,    -356,    3131,    -855,    3302,   -1072,   -4360,      14,  100.0,    1.4,    2.3,    1.3,   92.7,   94.5,   95.4,   98.0,    4.6,    2.0,  100.0,    1.4,    2.3,    1.3,   92.7,   94.5,   95.4,   98.0,    4.6,    2.0,    0.0,    0.0,    0.0,    0.0,    0.0,    0.0,    0.0,    0.0,    0.0,    0.0,     37,      2,      2,      3,     25,     23,     29,     26,     37,      2,      2,      3,     25,     23,     29,     26,      0,      0,      0,      0,      0,      0,      0,      0,    54.3,    69.5,    74.3,    84.2,    42.3,    50.9,    53.7,    60.8,    54.3,    69.5,    74.3,    84.2,    42.3,    50.9,    53.7,    60.8,     0.0,     0.0,     0.0,     0.0,     0.0,     0.0,     0.0,     0.0,"2500 mmbtu","0233A8","IFED","023 "
"FLORIDA GAS-ZONE 3 BASIS - ICE FUTURES ENERGY DIV",260922,2026-09-22,0233A9,IFED,01,023 ,   19799,    2076,     986,      89,   14265,   16450,   16430,   17525,    3369,    2274,   19799,    2076,     986,      89,   14265,   16450,   16430,   17525,    3369,    2274,       0,       0,       0,       0,       0,       0,       0,       0,       0,       0,.,.,.,.,.,.,.,.,.,.,  100.0,   10.5,    5.0,    0.4,   72.0,   83.1,   83.0,   88.5,   17.0,   11.5,  100.0,   10.5,    5.0,    0.4,   72.0,   83.1,   83.0,   88.5,   17.0,   11.5,    0.0,    0.0,    0.0,    0.0,    0.0,    0.0,    0.0,    0.0,    0.0,    0.0,     20,      3,      1,      1,     10,     14,     13,     16,     20,      3,      1,      1,     10,     14,     13,     16,      0,      0,      0,      0,      0,      0,      0,      0,    54.0,    52.7,    76.5,    71.6,    50.5,    47.2,    62.2,    61.9,    54.0,    52.7,    76.5,    71.6,    50.5,    47.2,    62.2,    61.9,     0.0,     0.0,     0.0,     0.0,     0.0,     0.0,     0.0,     0.0,"2500 mmbtu","0233A9","IFED","023 "
"HENRY HUB BASIS - ICE FUTURES ENERGY DIV",260922,2026-09-22,0233AG,IFED,01,023 ,  126936,   41000,   28332,    1451,   82949,   96567,  125400,  126350,    1536,     586,  126936,   41000,   28332,    1451,   82949,   96567,  125400,  126350,    1536,     586,       0,       0,       0,       0,       0,       0,       0,       0,       0,       0,   25953,   13853,   11129,     521,   12545,   17551,   26919,   29201,    -966,   -3248,  100.0,   32.3,   22.3,    1.1,   65.3,   76.1,   98.8,   99.5,    1.2,    0.5,  100.0,   32.3,   22.3,    1.1,   65.3,   76.1,   98.8,   99.5,    1.2,    0.5,    0.0,    0.0,    0.0,    0.0,    0.0,    0.0,    0.0,    0.0,    0.0,    0.0,     53,      7,      8,      3,     24,     21,     34,     29,     53,      7,      8,      3,     24,     21,     34,     29,      0,      0,      0,      0,      0,      0,      0,      0,    43.5,    59.3,    63.9,    80.0,    43.5,    59.3,    63.9,    79.8,    43.5,    59.3,    63.9,    80.0,    43.5,    59.3,    63.9,    79.8,     0.0,     0.0,     0.0,     0.0,     0.0,     0.0,     0.0,     0.0,"2500 mmbtu","0233AG","IFED","023 "
"HENRY HUB INDEX - ICE FUTURES ENERGY DIV",260922,2026-09-22,0233AH,IFED,01,023 ,  160894,   41078,   45697,    5795,  112086,  108102,  158959,  159594,    1935,    1300,  160894,   41078,   45697,    5795,  112086,  108102,  158959,  159594,    1935,    1300,       0,       0,       0,       0,       0,       0,       0,       0,       0,       0,   25433,   12211,    8304,    1920,   11541,   15296,   25672,   25520,    -239,     -87,  100.0,   25.5,   28.4,    3.6,   69.7,   67.2,   98.8,   99.2,    1.2,    0.8,  100.0,   25.5,   28.4,    3.6,   69.7,   67.2,   98.8,   99.2,    1.2,    0.8,    0.0,    0.0,    0.0,    0.0,    0.0,    0.0,    0.0,    0.0,    0.0,    0.0,     76,     14,      9,     10,     39,     31,     55,     48,     76,     14,      9,     10,     39,     31,     55,     48,      0,      0,      0,      0,      0,      0,      0,      0,    41.8,    47.4,    55.6,    67.1,    41.3,    46.2,    53.5,    64.8,    41.8,    47.4,    55.6,    67.1,    41.3,    46.2,    53.5,    64.8,     0.0,     0.0,     0.0,     0.0,     0.0,     0.0,     0.0,     0.0,"2500 mmbtu","0233AH","IFED","023 "
"HOUSTON SHIP CHANNEL (INDEX) - ICE FUTURES ENERGY DIV",260922,2026-09-22,0233AM,IFED,01,023 ,  471492,    3118,  196745,    1041,  463432,  271014,  467591,  468800,    3901,    2692,  471492,    3118,  196745,    1041,  463432,  271014,  467591,  468800,    3901,    2692,       0,       0,       0,       0,       0,       0,       0,       0,       0,       0,   11525,     901,    5660,       0,   11494,    5747,   12395,   11407,    -870,     118,  100.0,    0.7,   41.7,    0.2,   98.3,   57.5,   99.2,   99.4,    0.8,    0.6,  100.0,    0.7,   41.7,    0.2,   98.3,   57.5,   99.2,   99.4,    0.8,    0.6,    0.0,    0.0,    0.0,    0.0,    0.0,    0.0,    0.0,    0.0,    0.0,    0.0,     74,      2,     13,      2,     41,     43,     44,     57,     74,      2,     13,      2,     41,     43,     44,     57,      0,      0,      0,      0,      0,      0,      0,      0,    56.9,    43.4,    79.1,    57.7,    56.6,    42.9,    78.5,    57.0,    56.9,    43.4,    79.1,    57.7,    56.6,    42.9,    78.5,    57.0,     0.0,     0.0,     0.0,     0.0,     0.0,     0.0,     0.0,     0.0,"2500 mmbtu","0233AM","IFED","023 "
"MICHCON FINANCIAL INDEX - ICE FUTURES ENERGY DIV",260922,2026-09-22,0233AN,IFED,01,023 ,   15989,     480,    2427,     403,   14070,   12074,   14953,   14904,    1036,    1085,   15989,     480,    2427,     403,   14070,   12074,   14953,   14904,    1036,    1085,       0,       0,       0,       0,       0,       0,       0,       0,       0,       0,    1116,       0,    -403,     403,     554,    1147,     957,    1147,     159,     -31,  100.0,    3.0,   15.2,    2.5,   88.0,   75.5,   93.5,   93.2,    6.5,    6.8,  100.0,    3.0,   15.2,    2.5,   88.0,   75.5,   93.5,   93.2,    6.5,    6.8,    0.0,    0.0,    0.0,    0.0,    0.0,    0.0,    0.0,    0.0,    0.0,    0.0,     24,      1,      2,      1,     15,     10,     17,     12,     24,      1,      2,      1,     15,     10,     17,     12,      0,      0,      0,      0,      0,      0,      0,      0,    56.3,    56.9,    70.7,    81.0,    55.4,    52.8,    68.6,    75.5,    56.3,    56.9,    70.7,    81.0,    55.4,    52.8,    68.6,    75.5,     0.0,     0.0,     0.0,     0.0,     0.0,     0.0,     0.0,     0.0,"(Contracts of 2,500  MMBTU'S)","0233AN","IFED","023 "
"MICHCON BASIS - ICE FUTURES ENERGY DIV",260922,2026-09-22,0233AQ,IFED,01,023 ,  197387,    4045,   18557,    6173,  178254,  165455,  188472,  190185,    8915,    7202,  197387,    4045,   18557,    6173,  178254,  165455,  188472,  190185,    8915,    7202,       0,       0,       0,       0,       0,       0,       0,       0,       0,       0,   -6396,    1423,     713,    2017,  -11269,   -9577,   -7829,   -6847,    1433,     451,  100.0,    2.0,    9.4,    3.1,   90.3,   83.8,   95.5,   96.4,    4.5,    3.6,  100.0,    2.0,    9.4,    3.1,   90.3,   83.8,   95.5,   96.4,    4.5,    3.6,    0.0,    0.0,    0.0,    0.0,    0.0,    0.0,    0.0,    0.0,    0.0,    0.0,     55,      3,      9,      4,     33,     40,     38,     51,     55,      3,      9,      4,     33,     40,     38,     51,      0,      0,      0,      0,      0,      0,      0,      0,    44.6,    28.7,    58.9,    45.8,    39.0,    25.4,    48.6,    39.5,    44.6,    28.7,    58.9,    45.8,    39.0,    25.4,    48.6,    39.5,     0.0,     0.0,     0.0,     0.0,     0.0,     0.0,     0.0,     0.0,"2500 mmbtu","0233AQ","IFED","023 "
"NAT GAS LD1 for GDD -TEXOK - ICE FUTURES ENERGY DIV",260922,2026-09-22,0233AT,IFED,01,023 ,  146742,    5668,   16717,     420,  139465,  125008,  145553,  142145,    1189,    4597,  146742,    5668,   16717,     420,  139465,  125008,  145553,  142145,    1189,    4597,       0,       0,       0,       0,       0,       0,       0,       0,       0,       0,    3654,    -406,    -265,     251,    3960,    1543,    3805,    1529,    -151,    2125,  100.0,    3.9,   11.4,    0.3,   95.0,   85.2,   99.2,   96.9,    0.8,    3.1,  100.0,    3.9,   11.4,    0.3,   95.0,   85.2,   99.2,   96.9,    0.8,    3.1,    0.0,    0.0,    0.0,    0.0,    0.0,    0.0,    0.0,    0.0,    0.0,    0.0,     44,      5,      4,      1,     26,     21,     32,     25,     44,      5,      4,      1,     26,     21,     32,     25,      0,      0,      0,      0,      0,      0,      0,      0,    77.5,    42.4,    90.1,    71.9,    76.3,    41.6,    87.6,    69.9,    77.5,    42.4,    90.1,    71.9,    76.3,    41.6,    87.6,    69.9,     0.0,     0.0,     0.0,     0.0,     0.0,     0.0,     0.0,     0.0,"2500 mmbtu","0233AT","IFED","023 "
"NATURAL GAS INDEX: EP SAN JUAN - ICE FUTURES ENERGY DIV",260922,2026-09-22,0233AX,IFED,01,023 ,   16158,     899,       0,       0,   13712,   15220,   14611,   15220,    1547,     938,   16158,     899,       0,       0,   13712,   15220,   14611,   15220,    1547,     938,       0,       0,       0,       0,       0,       0,       0,       0,       0,       0,     899,     899,       0,       0,     756,     806,    1655,     806,    -756,      93,  100.0,    5.6,    0.0,    0.0,   84.9,   94.2,   90.4,   94.2,    9.6,    5.8,  100.0,    5.6,    0.0,    0.0,   84.9,   94.2,   90.4,   94.2,    9.6,    5.8,    0.0,    0.0,    0.0,    0.0,    0.0,    0.0,    0.0,    0.0,    0.0,    0.0,     23,      1,      0,      0,     15,     14,     16,     14,     23,      1,      0,      0,     15,     14,     16,     14,      0,      0,      0,      0,      0,      0,      0,      0,    49.1,    45.7,    71.1,    72.9,    40.4,    43.0,    60.6,    64.3,    49.1,    45.7,    71.1,    72.9,    40.4,    43.0,    60.6,    64.3,     0.0,     0.0,     0.0,     0.0,     0.0,     0.0,     0.0,     0.0,"2500 MMBtu","0233AX","IFED","023 "
"NGPL MIDCONT BASIS - ICE FUTURES ENERGY DIV",260922,2026-09-22,0233AY,IFED,01,023 ,   96659,       0,     930,       0,   88732,   82353,   88732,   83283,    7927,   13376,   96659,       0,     930,       0,   88732,   82353,   88732,   83283,    7927,   13376,       0,       0,       0,       0,       0,       0,       0,       0,       0,       0,    1921,       0,     642,    -642,    1624,    1682,     982,    1682,     939,     239,  100.0,    0.0,    1.0,    0.0,   91.8,   85.2,   91.8,   86.2,    8.2,   13.8,  100.0,    0.0,    1.0,    0.0,   91.8,   85.2,   91.8,   86.2,    8.2,   13.8,    0.0,    0.0,    0.0,    0.0,    0.0,    0.0,    0.0,    0.0,    0.0,    0.0,     25,      0,      1,      0,     19,     18,     19,     19,     25,      0,      1,      0,     19,     18,     19,     19,      0,      0,      0,      0,      0,      0,      0,      0,    66.3,    49.0,    82.1,    72.1,    64.6,    46.9,    74.4,    65.8,    66.3,    49.0,    82.1,    72.1,    64.6,    46.9,    74.4,    65.8,     0.0,     0.0,     0.0,     0.0,     0.0,     0.0,     0.0,     0.0,"2500 mmbtu","0233AY","IFED","023 "
"NGPL TXOK BASIS - ICE FUTURES ENERGY DIV",260922,2026-09-22,0233B1,IFED,01,023 ,  641007,   20333,   97840,    4942,  611299,  528304,  636574,  631086,    4433,    9921,  641007,   20333,   97840,    4942,  611299,  528304,  636574,  631086,    4433,    9921,       0,       0,       0,       0,       0,       0,       0,       0,       0,       0,   14803,   -1653,    6315,    1700,   14930,    6519,   14977,   14534,    -174,     269,  100.0,    3.2,   15.3,    0.8,   95.4,   82.4,   99.3,   98.5,    0.7,    1.5,  100.0,    3.2,   15.3,    0.8,   95.4,   82.4,   99.3,   98.5,    0.7,    1.5,    0.0,    0.0,    0.0,    0.0,    0.0,    0.0,    0.0,    0.0,    0.0,    0.0,     72,      6,      7,      6,     50,     41,     58,     52,     72,      6,      7,      6,     50,     41,     58,     52,      0,      0,      0,      0,      0,      0,      0,      0,    45.5,    57.3,    62.4,    71.3,    45.4,    56.8,    61.8,    69.6,    45.5,    57.3,    62.4,    71.3,    45.4,    56.8,    61.8,    69.6,     0.0,     0.0,     0.0,     0.0,     0.0,     0.0,     0.0,     0.0,"2500 mmbtu","0233B1","IFED","023 "
"NNG VENTURA BASIS - ICE FUTURES ENERGY DIV",260922,2026-09-22,0233BB,IFED,01,023 ,  157517,       0,    3472,       0,  139230,  151083,  139230,  154555,   18287,    2962,  157517,       0,    3472,       0,  139230,  151083,  139230,  154555,   18287,    2962,       0,       0,       0,       0,       0,       0,       0,       0,       0,       0,    4528,       0,      93,       0,    7097,    4359,    7097,    4452,   -2569,      76,  100.0,    0.0,    2.2,    0.0,   88.4,   95.9,   88.4,   98.1,   11.6,    1.9,  100.0,    0.0,    2.2,    0.0,   88.4,   95.9,   88.4,   98.1,   11.6,    1.9,    0.0,    0.0,    0.0,    0.0,    0.0,    0.0,    0.0,    0.0,    0.0,    0.0,     34,      0,      2,      0,     28,     19,     28,     21,     34,      0,      2,      0,     28,     19,     28,     21,      0,      0,      0,      0,      0,      0,      0,      0,    43.4,    66.7,    66.1,    82.5,    37.5,    64.1,    55.1,    75.5,    43.4,    66.7,    66.1,    82.5,    37.5,    64.1,    55.1,    75.5,     0.0,     0.0,     0.0,     0.0,     0.0,     0.0,     0.0,     0.0,"2500 mmbtu","0233BB","IFED","023 "
"NWP Rockies Index - ICE FUTURES ENERGY DIV",260922,2026-09-22,0233BD,IFED,01,023 ,   30347,     720,    1298,     781,   27414,   26056,   28915,   28135,    1432,    2212,   30347,     720,    1298,     781,   27414,   26056,   28915,   28135,    1432,    2212,       0,       0,       0,       0,       0,       0,       0,       0,       0,       0,    2387,    -186,     651,       0,    2077,    1364,    1891,    2015,     496,     372,  100.0,    2.4,    4.3,    2.6,   90.3,   85.9,   95.3,   92.7,    4.7,    7.3,  100.0,    2.4,    4.3,    2.6,   90.3,   85.9,   95.3,   92.7,    4.7,    7.3,    0.0,    0.0,    0.0,    0.0,    0.0,    0.0,    0.0,    0.0,    0.0,    0.0,     32,      1,      4,      3,     20,     15,     24,     19,     32,      1,      4,      3,     20,     15,     24,     19,      0,      0,      0,      0,      0,      0,      0,      0,    50.6,    56.2,    70.6,    73.1,    45.8,    55.1,    63.2,    68.7,    50.6,    56.2,    70.6,    73.1,    45.8,    55.1,    63.2,    68.7,     0.0,     0.0,     0.0,     0.0,     0.0,     0.0,     0.0,     0.0,"2500 mmbtu","0233BD","IFED","023 "
"ONEOK GAS TRANSPORTATION BASIS - ICE FUTURES ENERGY DIV",260922,2026-09-22,0233BF,IFED,01,023 ,   69057,       0,       0,       0,   65498,   63443,   65498,   63443,    3559,    5614,   69057,       0,       0,       0,   65498,   63443,   65498,   63443,    3559,    5614,       0,       0,       0,       0,       0,       0,       0,       0,       0,       0,    2147,       0,       0,       0,    1428,    1906,    1428,    1906,     719,     241,  100.0,    0.0,    0.0,    0.0,   94.8,   91.9,   94.8,   91.9,    5.2,    8.1,  100.0,    0.0,    0.0,    0.0,   94.8,   91.9,   94.8,   91.9,    5.2,    8.1,    0.0,    0.0,    0.0,    0.0,    0.0,    0.0,    0.0,    0.0,    0.0,    0.0,     21,      0,      0,      0,     13,     18,     13,     18,     21,      0,      0,      0,     13,     18,     13,     18,      0,      0,      0,      0,      0,      0,      0,      0,    74.1,    69.7,    89.0,    85.8,    71.8,    69.7,    85.6,    84.6,    74.1,    69.7,    89.0,    85.8,    71.8,    69.7,    85.6,    84.6,     0.0,     0.0,     0.0,     0.0,     0.0,     0.0,     0.0,     0.0,"2500 mmbtu","0233BF","IFED","023 "
"MALIN (BASIS) - ICE FUTURES ENERGY DIV",260922,2026-09-22,0233BH,IFED,01,023 ,  131463,     651,   10606,     248,  120804,  118114,  121703,  128968,    9760,    2495,  131463,     651,   10606,     248,  120804,  118114,  121703,  128968,    9760,    2495,       0,       0,       0,       0,       0,       0,       0,       0,       0,       0,    1293,      62,       0,       0,    1105,     502,    1167,     502,     126,     791,  100.0,    0.5,    8.1,    0.2,   91.9,   89.8,   92.6,   98.1,    7.4,    1.9,  100.0,    0.5,    8.1,    0.2,   91.9,   89.8,   92.6,   98.1,    7.4,    1.9,    0.0,    0.0,    0.0,    0.0,    0.0,    0.0,    0.0,    0.0,    0.0,    0.0,     28,      2,      2,      2,     19,     20,     22,     23,     28,      2,      2,      2,     19,     20,     22,     23,      0,      0,      0,      0,      0,      0,      0,      0,    67.8,    61.2,    81.2,    82.4,    60.7,    54.7,    68.9,    71.4,    67.8,    61.2,    81.2,    82.4,    60.7,    54.7,    68.9,    71.4,     0.0,     0.0,     0.0,     0.0,     0.0,     0.0,     0.0,     0.0,"2500 mmbtu","0233BH","IFED","023 "
"PANHANDLE BASIS - ICE FUTURES ENERGY DIV",260922,2026-09-22,0233BL,IFED,01,023 ,  190531,   13777,       0,    3495,  159102,  177016,  176374,  180511,   14157,   10020,  190531,   13777,       0,    3495,  159102,  177016,  176374,  180511,   14157,   10020,       0,       0,       0,       0,       0,       0,       0,       0,       0,       0,   -1852,    -272,       0,    -329,   -1551,   -1278,   -2152,   -1607,     300,    -245,  100.0,    7.2,    0.0,    1.8,   83.5,   92.9,   92.6,   94.7,    7.4,    5.3,  100.0,    7.2,    0.0,    1.8,   83.5,   92.9,   92.6,   94.7,    7.4,    5.3,    0.0,    0.0,    0.0,    0.0,    0.0,    0.0,    0.0,    0.0,    0.0,    0.0,     46,      5,      0,      4,     34,     34,     39,     38,     46,      5,      0,      4,     34,     34,     39,     38,      0,      0,      0,      0,      0,      0,      0,      0,    40.7,    44.8,    54.7,    66.1,    37.0,    42.8,    48.2,    57.8,    40.7,    44.8,    54.7,    66.1,    37.0,    42.8,    48.2,    57.8,     0.0,     0.0,     0.0,     0.0,     0.0,     0.0,     0.0,     0.0,"2500 mmbtu","0233BL","IFED","023 "
"PG&E - CITYGATE (INDEX) - ICE FUTURES ENERGY DIV",260922,2026-09-22,0233BQ,IFED,01,023 ,   31518,     631,    1922,    1080,   25177,   27364,   26888,   30366,    4630,    1152,   31518,     631,    1922,    1080,   25177,   27364,   26888,   30366,    4630,    1152,       0,       0,       0,       0,       0,       0,       0,       0,       0,       0,    4316,    -127,      90,     840,    3109,    3510,    3822,    4440,     494,    -124,  100.0,    2.0,    6.1,    3.4,   79.9,   86.8,   85.3,   96.3,   14.7,    3.7,  100.0,    2.0,    6.1,    3.4,   79.9,   86.8,   85.3,   96.3,   14.7,    3.7,    0.0,    0.0,    0.0,    0.0,    0.0,    0.0,    0.0,    0.0,    0.0,    0.0,     23,      2,      4,      3,     12,      7,     15,     13,     23,      2,      4,      3,     12,      7,     15,     13,      0,      0,      0,      0,      0,      0,      0,      0,    65.9,    78.5,    76.1,    91.4,    65.9,    76.5,    75.1,    88.9,    65.9,    78.5,    76.1,    91.4,    65.9,    76.5,    75.1,    88.9,     0.0,     0.0,     0.0,     0.0,     0.0,     0.0,     0.0,     0.0,"2500 mmbtu","0233BQ","IFED","023 "
"SOCAL (INDEX) - ICE FUTURES ENERGY DIV",260922,2026-09-22,0233BW,IFED,01,023 ,   16758,     964,    1844,     990,   13580,   13351,   15534,   16185,    1224,     573,   16758,     964,    1844,     990,   13580,   13351,   15534,   16185,    1224,     573,       0,       0,       0,       0,       0,       0,       0,       0,       0,       0,    3596,    -286,     613,     720,    3344,    2780,    3778,    4113,    -182,    -517,  100.0,    5.8,   11.0,    5.9,   81.0,   79.7,   92.7,   96.6,    7.3,    3.4,  100.0,    5.8,   11.0,    5.9,   81.0,   79.7,   92.7,   96.6,    7.3,    3.4,    0.0,    0.0,    0.0,    0.0,    0.0,    0.0,    0.0,    0.0,    0.0,    0.0,     26,      3,      2,      2,     16,     12,     20,     15,     26,      3,      2,      2,     16,     12,     20,     15,      0,      0,      0,      0,      0,      0,      0,      0,    47.1,    66.6,    69.1,    82.3,    41.8,    54.7,    54.4,    66.7,    47.1,    66.6,    69.1,    82.3,    41.8,    54.7,    54.4,    66.7,     0.0,     0.0,     0.0,     0.0,     0.0,     0.0,     0.0,     0.0,"2500 mmbtu","0233BW","IFED","023 "
"SONAT - TIER 1 POOL (ZONE 0) - ICE FUTURES ENERGY DIV",260922,2026-09-22,0233C1,IFED,01,023 ,   82242,    5703,       0,     459,   66278,   75976,   72440,   76435,    9802,    5807,   82242,    5703,       0,     459,   66278,   75976,   72440,   76435,    9802,    5807,       0,       0,       0,       0,       0,       0,       0,       0,       0,       0,    5032,    2593,       0,       0,    2837,    4953,    5430,    4953,    -398,      79,  100.0,    6.9,    0.0,    0.6,   80.6,   92.4,   88.1,   92.9,   11.9,    7.1,  100.0,    6.9,    0.0,    0.6,   80.6,   92.4,   88.1,   92.9,   11.9,    7.1,    0.0,    0.0,    0.0,    0.0,    0.0,    0.0,    0.0,    0.0,    0.0,    0.0,     30,      3,      0,      1,     16,     22,     19,     23,     30,      3,      0,      1,     16,     22,     19,     23,      0,      0,      0,      0,      0,      0,      0,      0,    56.4,    55.2,    74.5,    70.6,    46.7,    49.2,    64.2,    61.4,    56.4,    55.2,    74.5,    70.6,    46.7,    49.2,    64.2,    61.4,     0.0,     0.0,     0.0,     0.0,     0.0,     0.0,     0.0,     0.0,"2500 mmbtu","0233C1","IFED","023 "
"TETCO WLA BASIS - ICE FUTURES ENERGY DIV",260922,2026-09-22,0233CC,IFED,01,023 ,  119286,       0,   28912,       0,  115709,   87229,  115709,  116141,    3577,    3145,  119286,       0,   28912,       0,  115709,   87229,  115709,  116141,    3577,    3145,       0,       0,       0,       0,       0,       0,       0,       0,       0,       0,     153,       0,    -214,       0,     153,     367,     153,     153,       0,       0,  100.0,    0.0,   24.2,    0.0,   97.0,   73.1,   97.0,   97.4,    3.0,    2.6,  100.0,    0.0,   24.2,    0.0,   97.0,   73.1,   97.0,   97.4,    3.0,    2.6,    0.0,    0.0,    0.0,    0.0,    0.0,    0.0,    0.0,    0.0,    0.0,    0.0,     38,      0,      3,      0,     25,     21,     25,     24,     38,      0,      3,      0,     25,     21,     25,     24,      0,      0,      0,      0,      0,      0,      0,      0,    50.8,    61.0,    72.8,    81.1,    50.8,    57.3,    72.0,    75.0,    50.8,    61.0,    72.8,    81.1,    50.8,    57.3,    72.0,    75.0,     0.0,     0.0,     0.0,     0.0,     0.0,     0.0,     0.0,     0.0,"mmbtu","0233CC","IFED","023 "
"TETCO M3 INDEX - ICE FUTURES ENERGY DIV",260922,2026-09-22,0233CG,IFED,01,023 ,   65607,    1168,    2983,       0,   63429,   61018,   64597,   64001,    1010,    1606,   65607,    1168,    2983,       0,   63429,   61018,   64597,   64001,    1010,    1606,       0,       0,       0,       0,       0,       0,       0,       0,       0,       0,     930,      31,     465,       0,     895,     523,     926,     988,       4,     -58,  100.0,    1.8,    4.5,    0.0,   96.7,   93.0,   98.5,   97.6,    1.5,    2.4,  100.0,    1.8,    4.5,    0.0,   96.7,   93.0,   98.5,   97.6,    1.5,    2.4,    0.0,    0.0,    0.0,    0.0,    0.0,    0.0,    0.0,    0.0,    0.0,    0.0,     27,      2,      3,      0,     12,     15,     14,     18,     27,      2,      3,      0,     12,     15,     14,     18,      0,      0,      0,      0,      0,      0,      0,      0,    66.9,    63.7,    93.6,    82.1,    66.9,    54.6,    77.5,    71.8,    66.9,    63.7,    93.6,    82.1,    66.9,    54.6,    77.5,    71.8,     0.0,     0.0,     0.0,     0.0,     0.0,     0.0,     0.0,     0.0,"2500 mmbtu","0233CG","IFED","023 "
"TETCO M3 BASIS - ICE FUTURES ENERGY DIV",260922,2026-09-22,0233CH,IFED,01,023 ,  173842,   10988,    9390,    5336,  148543,  154652,  164867,  169378,    8975,    4464,  173842,   10988,    9390,    5336,  148543,  154652,  164867,  169378,    8975,    4464,       0,       0,       0,       0,       0,       0,       0,       0,       0,       0,    2853,    2754,    1216,    -388,    1186,    2701,    3552,    3529,    -699,    -676,  100.0,    6.3,    5.4,    3.1,   85.4,   89.0,   94.8,   97.4,    5.2,    2.6,  100.0,    6.3,    5.4,    3.1,   85.4,   89.0,   94.8,   97.4,    5.2,    2.6,    0.0,    0.0,    0.0,    0.0,    0.0,    0.0,    0.0,    0.0,    0.0,    0.0,     50,      4,      6,      7,     28,     32,     36,     41,     50,      4,      6,      7,     28,     32,     36,     41,      0,      0,      0,      0,      0,      0,      0,      0,    41.5,    37.9,    63.9,    54.6,    38.7,    37.9,    60.1,    52.4,    41.5,    37.9,    63.9,    54.6,    38.7,    37.9,    60.1,    52.4,     0.0,     0.0,     0.0,     0.0,     0.0,     0.0,     0.0,     0.0,"2500 mm btu","0233CH","IFED","023 "
"TGT ZONE 1 BASIS - ICE FUTURES ENERGY DIV",260922,2026-09-22,0233CM,IFED,01,023 ,  230776,    3976,       0,     124,  222372,  217686,  226472,  217810,    4304,   12966,  230776,    3976,       0,     124,  222372,  217686,  226472,  217810,    4304,   12966,       0,       0,       0,       0,       0,       0,       0,       0,       0,       0,     258,    -368,       0,     124,     165,   -3611,     -79,   -3487,     337,    3745,  100.0,    1.7,    0.0,    0.1,   96.4,   94.3,   98.1,   94.4,    1.9,    5.6,  100.0,    1.7,    0.0,    0.1,   96.4,   94.3,   98.1,   94.4,    1.9,    5.6,    0.0,    0.0,    0.0,    0.0,    0.0,    0.0,    0.0,    0.0,    0.0,    0.0,     41,      1,      0,      1,     33,     29,     34,     30,     41,      1,      0,      1,     33,     29,     34,     30,      0,      0,      0,      0,      0,      0,      0,      0,    42.8,    57.8,    72.0,    78.4,    42.2,    56.5,    67.0,    74.2,    42.8,    57.8,    72.0,    78.4,    42.2,    56.5,    67.0,    74.2,     0.0,     0.0,     0.0,     0.0,     0.0,     0.0,     0.0,     0.0,"2500 MMBtus","0233CM","IFED","023 "
"TRANSCO STN 85 MONTHLY INDEX - ICE FUTURES ENERGY DIV",260922,2026-09-22,0233CS,IFED,01,023 ,   63019,   19731,   11901,     120,   41798,   49790,   61649,   61811,    1370,    1208,   63019,   19731,   11901,     120,   41798,   49790,   61649,   61811,    1370,    1208,       0,       0,       0,       0,       0,       0,       0,       0,       0,       0,    9727,    5519,    1848,     120,    4183,    8640,    9822,   10608,     -95,    -881,  100.0,   31.3,   18.9,    0.2,   66.3,   79.0,   97.8,   98.1,    2.2,    1.9,  100.0,   31.3,   18.9,    0.2,   66.3,   79.0,   97.8,   98.1,    2.2,    1.9,    0.0,    0.0,    0.0,    0.0,    0.0,    0.0,    0.0,    0.0,    0.0,    0.0,     47,      7,      7,      1,     19,     23,     27,     30,     47,      7,      7,      1,     19,     23,     27,     30,      0,      0,      0,      0,      0,      0,      0,      0,    45.8,    54.8,    72.0,    74.2,    44.9,    46.1,    67.6,    63.7,    45.8,    54.8,    72.0,    74.2,    44.9,    46.1,    67.6,    63.7,     0.0,     0.0,     0.0,     0.0,     0.0,     0.0,     0.0,     0.0,"mmbtu","0233CS","IFED","023 "
"TRANSCO ZONE 6 BASIS - ICE FUTURES ENERGY DIV",260922,2026-09-22,0233CU,IFED,01,023 ,  262405,    6206,   20965,    5299,  243119,  231639,  254624,  257903,    7781,    4502,  262405,    6206,   20965,    5299,  243119,  231639,  254624,  257903,    7781,    4502,       0,       0,       0,       0,       0,       0,       0,       0,       0,       0,    2820,     517,    4537,   -1501,    3468,    -161,    2484,    2875,     336,     -55,  100.0,    2.4,    8.0,    2.0,   92.7,   88.3,   97.0,   98.3,    3.0,    1.7,  100.0,    2.4,    8.0,    2.0,   92.7,   88.3,   97.0,   98.3,    3.0,    1.7,    0.0,    0.0,    0.0,    0.0,    0.0,    0.0,    0.0,    0.0,    0.0,    0.0,     56,      3,      8,      7,     35,     34,     43,     44,     56,      3,      8,      7,     35,     34,     43,     44,      0,      0,      0,      0,      0,      0,      0,      0,    40.9,    51.8,    61.8,    66.3,    39.3,    51.3,    59.1,    63.9,    40.9,    51.8,    61.8,    66.3,    39.3,    51.3,    59.1,    63.9,     0.0,     0.0,     0.0,     0.0,     0.0,     0.0,     0.0,     0.0,"mmbtu","0233CU","IFED","023 "
"TRANSCO ZONE 6 MONTHLY INDEX - ICE FUTURES ENERGY DIV",260922,2026-09-22,0233CV,IFED,01,023 ,  120754,       0,    4720,       0,  116014,  109867,  116014,  114587,    4740,    6167,  120754,       0,    4720,       0,  116014,  109867,  116014,  114587,    4740,    6167,       0,       0,       0,       0,       0,       0,       0,       0,       0,       0,    -186,       0,       0,       0,    -310,    -186,    -310,    -186,     124,       0,  100.0,    0.0,    3.9,    0.0,   96.1,   91.0,   96.1,   94.9,    3.9,    5.1,  100.0,    0.0,    3.9,    0.0,   96.1,   91.0,   96.1,   94.9,    3.9,    5.1,    0.0,    0.0,    0.0,    0.0,    0.0,    0.0,    0.0,    0.0,    0.0,    0.0,     28,      0,      2,      0,     14,     17,     14,     19,     28,      0,      2,      0,     14,     17,     14,     19,      0,      0,      0,      0,      0,      0,      0,      0,    78.9,    66.2,    92.6,    83.0,    78.3,    66.2,    90.0,    82.4,    78.9,    66.2,    92.6,    83.0,    78.3,    66.2,    90.0,    82.4,     0.0,     0.0,     0.0,     0.0,     0.0,     0.0,     0.0,     0.0,"mmbtu","0233CV","IFED","023 "
"TRANSCO STATION 85-ZONE 4 BASI - ICE FUTURES ENERGY DIV",260922,2026-09-22,0233CW,IFED,01,023 ,  298165,   50682,   14189,   14176,  225292,  267435,  290150,  295800,    8015,    2365,  298165,   50682,   14189,   14176,  225292,  267435,  290150,  295800,    8015,    2365,       0,       0,       0,       0,       0,       0,       0,       0,       0,       0,   17705,    5704,    2553,    1060,   13110,   14066,   19874,   17679,   -2169,      26,  100.0,   17.0,    4.8,    4.8,   75.6,   89.7,   97.3,   99.2,    2.7,    0.8,  100.0,   17.0,    4.8,    4.8,   75.6,   89.7,   97.3,   99.2,    2.7,    0.8,    0.0,    0.0,    0.0,    0.0,    0.0,    0.0,    0.0,    0.0,    0.0,    0.0,     72,      7,      6,     10,     43,     46,     55,     57,     72,      7,      6,     10,     43,     46,     55,     57,      0,      0,      0,      0,      0,      0,      0,      0,    36.3,    37.6,    53.3,    53.8,    31.2,    28.8,    43.6,    43.8,    36.3,    37.6,    53.3,    53.8,    31.2,    28.8,    43.6,    43.8,     0.0,     0.0,     0.0,     0.0,     0.0,     0.0,     0.0,     0.0,"2500 mm btu","0233CW","IFED","023 "
"WAHA INDEX - ICE FUTURES ENERGY DIV",260922,2026-09-22,0233D4,IFED,01,023 ,   97611,    3693,    5933,     360,   92721,   87432,   96774,   93725,     837,    3886,   97611,    3693,    5933,     360,   92721,   87432,   96774,   93725,     837,    3886,       0,       0,       0,       0,       0,       0,       0,       0,       0,       0,    6222,    1159,    1111,     360,    4429,    4728,    5948,    6199,     274,      23,  100.0,    3.8,    6.1,    0.4,   95.0,   89.6,   99.1,   96.0,    0.9,    4.0,  100.0,    3.8,    6.1,    0.4,   95.0,   89.6,   99.1,   96.0,    0.9,    4.0,    0.0,    0.0,    0.0,    0.0,    0.0,    0.0,    0.0,    0.0,    0.0,    0.0,     45,      3,      3,      1,     27,     22,     30,     26,     45,      3,      3,      1,     27,     22,     30,     26,      0,      0,      0,      0,      0,      0,      0,      0,    53.3,    57.0,    75.1,    73.3,    52.0,    56.0,    68.4,    67.4,    53.3,    57.0,    75.1,    73.3,    52.0,    56.0,    68.4,    67.4,     0.0,     0.0,     0.0,     0.0,     0.0,     0.0,     0.0,     0.0,"2500 mm btu","0233D4","IFED","023 "
"TGT ZONE 1 INDEX DIFF - ICE FUTURES ENERGY DIV",260922,2026-09-22,0233DC,IFED,01,023 ,   15130,    5093,       0,       0,    9707,   13499,   14800,   13499,     330,    1631,   15130,    5093,       0,       0,    9707,   13499,   14800,   13499,     330,    1631,       0,       0,       0,       0,       0,       0,       0,       0,       0,       0,.,.,.,.,.,.,.,.,.,.,  100.0,   33.7,    0.0,    0.0,   64.2,   89.2,   97.8,   89.2,    2.2,   10.8,  100.0,   33.7,    0.0,    0.0,   64.2,   89.2,   97.8,   89.2,    2.2,   10.8,    0.0,    0.0,    0.0,    0.0,    0.0,    0.0,    0.0,    0.0,    0.0,    0.0,     20,      1,      0,      0,      8,     12,      9,     12,     20,      1,      0,      0,      8,     12,      9,     12,      0,      0,      0,      0,      0,      0,      0,      0,    80.9,    66.6,    97.2,    83.0,    80.9,    66.0,    97.2,    82.4,    80.9,    66.6,    97.2,    83.0,    80.9,    66.0,    97.2,    82.4,     0.0,     0.0,     0.0,     0.0,     0.0,     0.0,     0.0,     0.0,"Any Multiple of 2,500","0233DC","IFED","023 "
"TETCO M2 Basis (Receipts) - ICE FUTURES ENERGY DIV",260922,2026-09-22,0233DR,IFED,01,023 ,  572972,   37937,    2736,    3999,  524310,  562364,  566246,  569099,    6726,    3873,  572972,   37937,    2736,    3999,  524310,  562364,  566246,  569099,    6726,    3873,       0,       0,       0,       0,       0,       0,       0,       0,       0,       0,    5260,    3596,     558,   -2472,    4074,    6719,    5198,    4805,      62,     455,  100.0,    6.6,    0.5,    0.7,   91.5,   98.1,   98.8,   99.3,    1.2,    0.7,  100.0,    6.6,    0.5,    0.7,   91.5,   98.1,   98.8,   99.3,    1.2,    0.7,    0.0,    0.0,    0.0,    0.0,    0.0,    0.0,    0.0,    0.0,    0.0,    0.0,     61,      3,      3,      3,     41,     28,     45,     33,     61,      3,      3,      3,     41,     28,     45,     33,      0,      0,      0,      0,      0,      0,      0,      0,    44.3,    48.8,    62.7,    72.6,    44.3,    48.4,    62.1,    71.7,    44.3,    48.8,    62.7,    72.6,    44.3,    48.4,    62.1,    71.7,     0.0,     0.0,     0.0,     0.0,     0.0,     0.0,     0.0,     0.0,"2500 MM Btus","0233DR","IFED","023 "
"TRANSCO LEIDY BASIS - ICE FUTURES ENERGY DIV",260922,2026-09-22,0233DT,IFED,01,023 ,  134138,   14961,    2949,     490,  113795,  127478,  129246,  130917,    4892,    3221,  134138,   14961,    2949,     490,  113795,  127478,  129246,  130917,    4892,    3221,       0,       0,       0,       0,       0,       0,       0,       0,       0,       0,    1158,      -2,     -52,     276,     888,    1594,    1162,    1818,      -4,    -660,  100.0,   11.2,    2.2,    0.4,   84.8,   95.0,   96.4,   97.6,    3.6,    2.4,  100.0,   11.2,    2.2,    0.4,   84.8,   95.0,   96.4,   97.6,    3.6,    2.4,    0.0,    0.0,    0.0,    0.0,    0.0,    0.0,    0.0,    0.0,    0.0,    0.0,     41,      3,      2,      2,     29,     22,     33,     25,     41,      3,      2,      2,     29,     22,     33,     25,      0,      0,      0,      0,      0,      0,      0,      0,    41.7,    39.1,    61.0,    64.6,    41.4,    37.4,    60.5,    60.9,    41.7,    39.1,    61.0,    64.6,    41.4,    37.4,    60.5,    60.9,     0.0,     0.0,     0.0,     0.0,     0.0,     0.0,     0.0,     0.0,"(Contracts of 2,500  MMBTU'S)","0233DT","IFED","023 "
"TETCO M2 Index (Receipts) - ICE FUTURES ENERGY DIV",260922,2026-09-22,0233DW,IFED,01,023 ,   35202,    2142,    1510,     430,   32143,   32230,   34715,   34170,     487,    1032,   35202,    2142,    1510,     430,   32143,   32230,   34715,   34170,     487,    1032,       0,       0,       0,       0,       0,       0,       0,       0,       0,       0,    1798,     810,       0,     430,    1158,    1640,    2398,    2070,    -600,    -272,  100.0,    6.1,    4.3,    1.2,   91.3,   91.6,   98.6,   97.1,    1.4,    2.9,  100.0,    6.1,    4.3,    1.2,   91.3,   91.6,   98.6,   97.1,    1.4,    2.9,    0.0,    0.0,    0.0,    0.0,    0.0,    0.0,    0.0,    0.0,    0.0,    0.0,     31,      2,      1,      2,     15,     17,     17,     20,     31,      2,      1,      2,     15,     17,     17,     20,      0,      0,      0,      0,      0,      0,      0,      0,    61.0,    47.7,    81.8,    74.5,    61.0,    47.7,    81.4,    74.5,    61.0,    47.7,    81.8,    74.5,    61.0,    47.7,    81.4,    74.5,     0.0,     0.0,     0.0,     0.0,     0.0,     0.0,     0.0,     0.0,"2500 MM Btus","0233DW","IFED","023 "
"REX ZONE 3 BASIS - ICE FUTURES ENERGY DIV",260922,2026-09-22,0233EB,IFED,01,023 ,  312406,   53900,   30848,   10045,  243040,  264928,  306985,  305821,    5421,    6585,  312406,   53900,   30848,   10045,  243040,  264928,  306985,  305821,    5421,    6585,       0,       0,       0,       0,       0,       0,       0,       0,       0,       0,   25717,   23299,    6704,    -105,    2944,   16770,   26138,   23369,    -421,    2348,  100.0,   17.3,    9.9,    3.2,   77.8,   84.8,   98.3,   97.9,    1.7,    2.1,  100.0,   17.3,    9.9,    3.2,   77.8,   84.8,   98.3,   97.9,    1.7,    2.1,    0.0,    0.0,    0.0,    0.0,    0.0,    0.0,    0.0,    0.0,    0.0,    0.0,     71,      2,     11,      6,     38,     42,     44,     55,     71,      2,     11,      6,     38,     42,     44,     55,      0,      0,      0,      0,      0,      0,      0,      0,    38.6,    28.4,    57.7,    45.1,    34.9,    26.5,    51.7,    43.0,    38.6,    28.4,    57.7,    45.1,    34.9,    26.5,    51.7,    43.0,     0.0,     0.0,     0.0,     0.0,     0.0,     0.0,     0.0,     0.0,"2500 MMBtus","0233EB","IFED","023 "
"REX ZONE 3 INDEX - ICE FUTURES ENERGY DIV",260922,2026-09-22,0233ED,IFED,01,023 ,   69972,    8376,    3581,     403,   60257,   65010,   69036,   68994,     936,     978,   69972,    8376,    3581,     403,   60257,   65010,   69036,   68994,     936,     978,       0,       0,       0,       0,       0,       0,       0,       0,       0,       0,   11427,    6975,    -535,     403,    6115,   11737,   13493,   11605,   -2066,    -178,  100.0,   12.0,    5.1,    0.6,   86.1,   92.9,   98.7,   98.6,    1.3,    1.4,  100.0,   12.0,    5.1,    0.6,   86.1,   92.9,   98.7,   98.6,    1.3,    1.4,    0.0,    0.0,    0.0,    0.0,    0.0,    0.0,    0.0,    0.0,    0.0,    0.0,     36,      3,      3,      1,     19,     20,     22,     24,     36,      3,      3,      1,     19,     20,     22,     24,      0,      0,      0,      0,      0,      0,      0,      0,    61.6,    52.2,    81.3,    75.6,    60.4,    39.7,    71.1,    61.7,    61.6,    52.2,    81.3,    75.6,    60.4,    39.7,    71.1,    61.7,     0.0,     0.0,     0.0,     0.0,     0.0,     0.0,     0.0,     0.0,"2500 MMBtus","0233ED","IFED","023 "
"NAT GAS TETCO-WLA INDEX - ICE FUTURES ENERGY DIV",260922,2026-09-22,0233EP,IFED,01,023 ,   21809,     390,   16548,       0,   20935,    5081,   21325,   21629,     484,     180,   21809,     390,   16548,       0,   20935,    5081,   21325,   21629,     484,     180,       0,       0,       0,       0,       0,       0,       0,       0,       0,       0,    2402,       0,    1798,       0,    2402,     604,    2402,    2402,       0,       0,  100.0,    1.8,   75.9,    0.0,   96.0,   23.3,   97.8,   99.2,    2.2,    0.8,  100.0,    1.8,   75.9,    0.0,   96.0,   23.3,   97.8,   99.2,    2.2,    0.8,    0.0,    0.0,    0.0,    0.0,    0.0,    0.0,    0.0,    0.0,    0.0,    0.0,     23,      1,      3,      0,     15,      6,     16,      9,     23,      1,      3,      0,     15,      6,     16,      9,      0,      0,      0,      0,      0,      0,      0,      0,    52.4,    86.2,    75.1,    97.5,    51.5,    83.0,    71.4,    90.8,    52.4,    86.2,    75.1,    97.5,    51.5,    83.0,    71.4,    90.8,     0.0,     0.0,     0.0,     0.0,     0.0,     0.0,     0.0,     0.0,"2500 MMBtus","0233EP","IFED","023 "
"Transco Zone 5 South Basis - ICE FUTURES ENERGY DIV",260922,2026-09-22,0233FJ,IFED,01,023 ,  140099,   18255,    3086,    1255,  112258,  132155,  131768,  136496,    8331,    3603,  140099,   18255,    3086,    1255,  112258,  132155,  131768,  136496,    8331,    3603,       0,       0,       0,       0,       0,       0,       0,       0,       0,       0,     462,    1448,     -62,      63,    1974,    2172,    3485,    2173,   -3023,   -1711,  100.0,   13.0,    2.2,    0.9,   80.1,   94.3,   94.1,   97.4,    5.9,    2.6,  100.0,   13.0,    2.2,    0.9,   80.1,   94.3,   94.1,   97.4,    5.9,    2.6,    0.0,    0.0,    0.0,    0.0,    0.0,    0.0,    0.0,    0.0,    0.0,    0.0,     46,      5,      2,      4,     27,     32,     33,     37,     46,      5,      2,      4,     27,     32,     33,     37,      0,      0,      0,      0,      0,      0,      0,      0,    54.3,    47.6,    72.7,    65.8,    51.3,    44.7,    68.3,    60.6,    54.3,    47.6,    72.7,    65.8,    51.3,    44.7,    68.3,    60.6,     0.0,     0.0,     0.0,     0.0,     0.0,     0.0,     0.0,     0.0,"2500 MMBtus","0233FJ","IFED","023 "
"NAT GAS NYME - NEW YORK MERCANTILE EXCHANGE",260922,2026-09-22,023651,NYME,01,023 , 1837146,  306362,  522892,  868575,  605834,  402310, 1780771, 1793777,   56375,   43369, 1837146,  306362,  522892,  868575,  605834,  402310, 1780771, 1793777,   56375,   43369,       0,       0,       0,       0,       0,       0,       0,       0,       0,       0,   17143,   -1173,   -6230,    7832,   10642,   13870,   17301,   15472,    -158,    1671,  100.0,   16.7,   28.5,   47.3,   33.0,   21.9,   96.9,   97.6,    3.1,    2.4,  100.0,   16.7,   28.5,   47.3,   33.0,   21.9,   96.9,   97.6,    3.1,    2.4,    0.0,    0.0,    0.0,    0.0,    0.0,    0.0,    0.0,    0.0,    0.0,    0.0,    327,    115,    111,    170,     84,     70,    296,    268,    327,    115,    111,    170,     84,     70,    296,    268,      0,      0,      0,      0,      0,      0,      0,      0,    18.0,    24.0,    27.9,    34.1,     8.7,    10.2,    12.8,    15.4,    18.0,    24.0,    27.9,    34.1,     8.7,    10.2,    12.8,    15.4,     0.0,     0.0,     0.0,     0.0,     0.0,     0.0,     0.0,     0.0,"(Contracts of 10,000 MMBTU'S)","023651","NYME","023 "
"HENRY HUB LAST DAY FIN - NEW YORK MERCANTILE EXCHANGE",260922,2026-09-22,023A55,NYME,01,023 ,  403236,  108858,   92921,   77835,  191784,  224989,  378477,  395745,   24759,    7491,  403236,  108858,   92921,   77835,  191784,  224989,  378477,  395745,   24759,    7491,       0,       0,       0,       0,       0,       0,       0,       0,       0,       0,   19716,    6755,   -1380,   10408,    1934,   11173,   19097,   20201,     619,    -485,  100.0,   27.0,   23.0,   19.3,   47.6,   55.8,   93.9,   98.1,    6.1,    1.9,  100.0,   27.0,   23.0,   19.3,   47.6,   55.8,   93.9,   98.1,    6.1,    1.9,    0.0,    0.0,    0.0,    0.0,    0.0,    0.0,    0.0,    0.0,    0.0,    0.0,    101,     26,     16,     31,     57,     44,     98,     76,    101,     26,     16,     31,     57,     44,     98,     76,      0,      0,      0,      0,      0,      0,      0,      0,    16.4,    38.6,    29.7,    52.9,    14.9,    37.7,    24.7,    49.2,    16.4,    38.6,    29.7,    52.9,    14.9,    37.7,    24.7,    49.2,     0.0,     0.0,     0.0,     0.0,     0.0,     0.0,     0.0,     0.0,"(Contracts of 10,000 MMBTU'S)","023A55","NYME","023 "
"HENRY HUB PENULTIMATE FIN - NEW YORK MERCANTILE EXCHANGE",260922,2026-09-22,023A56,NYME,01,023 ,  229869,   53714,   65923,   38545,  131100,  120951,  223359,  225419,    6510,    4450,  229869,   53714,   65923,   38545,  131100,  120951,  223359,  225419,    6510,    4450,       0,       0,       0,       0,       0,       0,       0,       0,       0,       0,    8736,    4989,   12417,   -2608,    5508,    -185,    7889,    9624,     847,    -888,  100.0,   23.4,   28.7,   16.8,   57.0,   52.6,   97.2,   98.1,    2.8,    1.9,  100.0,   23.4,   28.7,   16.8,   57.0,   52.6,   97.2,   98.1,    2.8,    1.9,    0.0,    0.0,    0.0,    0.0,    0.0,    0.0,    0.0,    0.0,    0.0,    0.0,     85,     28,     21,     34,     34,     32,     78,     71,     85,     28,     21,     34,     34,     32,     78,     71,      0,      0,      0,      0,      0,      0,      0,      0,    23.3,    28.0,    41.4,    42.4,    22.5,    19.4,    36.5,    30.3,    23.3,    28.0,    41.4,    42.4,    22.5,    19.4,    36.5,    30.3,     0.0,     0.0,     0.0,     0.0,     0.0,     0.0,     0.0,     0.0,"(Contracts of 10,000 MMBTU'S)","023A56","NYME","023 "
"ETHANOL T2 FOB INCL DUTY - NEW YORK MERCANTILE EXCHANGE",260922,2026-09-22,025608,NYME,01,025 ,    3766,     100,       0,      11,    3408,    3566,    3519,    3577,     247,     189,    3766,     100,       0,      11,    3408,    3566,    3519,    3577,     247,     189,       0,       0,       0,       0,       0,       0,       0,       0,       0,       0,     314,       0,       0,       0,     314,     309,     314,     309,       0,       5,  100.0,    2.7,    0.0,    0.3,   90.5,   94.7,   93.4,   95.0,    6.6,    5.0,  100.0,    2.7,    0.0,    0.3,   90.5,   94.7,   93.4,   95.0,    6.6,    5.0,    0.0,    0.0,    0.0,    0.0,    0.0,    0.0,    0.0,    0.0,    0.0,    0.0,     26,      1,      0,      1,     21,     21,     22,     22,     26,      1,      0,      1,     21,     21,     22,     22,      0,      0,      0,      0,      0,      0,      0,      0,    49.6,    55.5,    70.1,    74.9,    37.1,    45.2,    51.7,    56.5,    49.6,    55.5,    70.1,    74.9,    37.1,    45.2,    51.7,    56.5,     0.0,     0.0,     0.0,     0.0,     0.0,     0.0,     0.0,     0.0,"(100 CUBIC METERS)","025608","NYME","025 "
"ETHANOL - NEW YORK MERCANTILE EXCHANGE",260922,2026-09-22,025651,NYME,01,025 ,   44493,    8770,     831,    1969,   33069,   40997,   43808,   43797,     685,     696,   44493,    8770,     831,    1969,   33069,   40997,   43808,   43797,     685,     696,       0,       0,       0,       0,       0,       0,       0,       0,       0,       0,    3234,    -191,      91,      81,    3258,    2920,    3148,    3092,      86,     142,  100.0,   19.7,    1.9,    4.4,   74.3,   92.1,   98.5,   98.4,    1.5,    1.6,  100.0,   19.7,    1.9,    4.4,   74.3,   92.1,   98.5,   98.4,    1.5,    1.6,    0.0,    0.0,    0.0,    0.0,    0.0,    0.0,    0.0,    0.0,    0.0,    0.0,    123,     27,     11,     11,     54,     70,     87,     88,    123,     27,     11,     11,     54,     70,     87,     88,      0,      0,      0,      0,      0,      0,      0,      0,    32.5,    20.7,    47.8,    37.5,    18.3,    15.3,    29.6,    25.4,    32.5,    20.7,    47.8,    37.5,    18.3,    15.3,    29.6,    25.4,     0.0,     0.0,     0.0,     0.0,     0.0,     0.0,     0.0,     0.0,"(CONTRACTS OF 42,000 U.S. GALLONS)","025651","NYME","025 "
"SOYBEAN MEAL - CHICAGO BOARD OF TRADE",260922,2026-09-22,026603,CBT ,00,026 ,  657637,  238629,   30268,  149119,  221828,  453797,  609576,  633184,   48061,   24453,  645735,  235584,   32078,  144416,  218320,  445414,  598320,  621908,   47415,   23827,   11902,    5339,     484,    2409,    3508,    8383,   11256,   11276,     646,     626,  -25837,    1667,    1057,  -16250,  -10414,  -10964,  -24997,  -26157,    -840,     320,  100.0,   36.3,    4.6,   22.7,   33.7,   69.0,   92.7,   96.3,    7.3,    3.7,  100.0,   36.5,    5.0,   22.4,   33.8,   69.0,   92.7,   96.3,    7.3,    3.7,  100.0,   44.9,    4.1,   20.2,   29.5,   70.4,   94.6,   94.7,    5.4,    5.3,    361,    147,     40,     99,    127,    123,    312,    236,    361,    145,     46,     99,    127,    123,    312,    236,     73,     21,      8,     11,     29,     19,     54,     35,    10.7,    34.4,    19.0,    44.7,     8.7,    33.6,    16.2,    41.1,    10.9,    34.5,    19.4,    44.9,     8.9,    33.7,    16.5,    41.3,    45.4,    40.2,    62.3,    65.4,    35.3,    39.8,    48.2,    56.8,"(CONTRACTS OF 100 TONS)","026603","CBT ","026 "
"COTTON NO. 2 - ICE FUTURES U.S.",260922,2026-09-22,033661,ICUS,01,033 ,  384016,  138298,   35270,   77057,  150960,  263770,  366315,  376097,   17701,    7919,  350780,  129577,   34320,   72603,  132009,  236044,  334189,  342967,   16591,    7813,   33236,   12602,    4831,     573,   18951,   27726,   32126,   33130,    1110,     106,    3810,  -13148,     597,    2267,   14383,    1507,    3502,    4371,     308,    -561,  100.0,   36.0,    9.2,   20.1,   39.3,   68.7,   95.4,   97.9,    4.6,    2.1,  100.0,   36.9,    9.8,   20.7,   37.6,   67.3,   95.3,   97.8,    4.7,    2.2,  100.0,   37.9,   14.5,    1.7,   57.0,   83.4,   96.7,   99.7,    3.3,    0.3,    354,    179,     65,    119,     73,     78,    299,    224,    351,    173,     72,    113,     67,     74,    288,    217,    105,     31,     18,      7,     26,     36,     63,     55,    11.1,    27.6,    17.7,    39.4,     8.7,    24.0,    14.6,    31.6,    11.1,    28.5,    17.9,    39.7,     9.0,    24.7,    15.3,    33.2,    38.1,    40.1,    55.3,    59.2,    35.9,    40.1,    53.0,    59.2,"(CONTRACTS OF 50,000 POUNDS)","033661","ICUS","033 "
"HENRY HUB - NEW YORK MERCANTILE EXCHANGE",260922,2026-09-22,03565B,NYME,01,023 ,  409461,  293424,   22052,    2257,  103430,  374177,  399111,  398486,   10350,   10975,  409461,  293424,   22052,    2257,  103430,  374177,  399111,  398486,   10350,   10975,       0,       0,       0,       0,       0,       0,       0,       0,       0,       0,    6111,    2290,    1440,       0,    5378,    4671,    7668,    6111,   -1557,       0,  100.0,   71.7,    5.4,    0.6,   25.3,   91.4,   97.5,   97.3,    2.5,    2.7,  100.0,   71.7,    5.4,    0.6,   25.3,   91.4,   97.5,   97.3,    2.5,    2.7,    0.0,    0.0,    0.0,    0.0,    0.0,    0.0,    0.0,    0.0,    0.0,    0.0,     36,      6,      5,      2,     21,     21,     28,     27,     36,      6,      5,      2,     21,     21,     28,     27,      0,      0,      0,      0,      0,      0,      0,      0,    70.3,    59.7,    83.1,    82.5,    69.9,    56.9,    80.1,    78.2,    70.3,    59.7,    83.1,    82.5,    69.9,    56.9,    80.1,    78.2,     0.0,     0.0,     0.0,     0.0,     0.0,     0.0,     0.0,     0.0,"(Contracts of 2,500  MMBTU'S)","03565B","NYME","023 "
"HENRY HUB PENULTIMATE NAT GAS - NEW YORK MERCANTILE EXCHANGE",260922,2026-09-22,03565C,NYME,01,023 ,  105296,   13035,   14447,   18685,   60772,   65160,   92492,   98292,   12804,    7004,  105296,   13035,   14447,   18685,   60772,   65160,   92492,   98292,   12804,    7004,       0,       0,       0,       0,       0,       0,       0,       0,       0,       0,    1697,   -1354,    1464,     626,    2395,    -393,    1667,    1697,      30,       0,  100.0,   12.4,   13.7,   17.7,   57.7,   61.9,   87.8,   93.3,   12.2,    6.7,  100.0,   12.4,   13.7,   17.7,   57.7,   61.9,   87.8,   93.3,   12.2,    6.7,    0.0,    0.0,    0.0,    0.0,    0.0,    0.0,    0.0,    0.0,    0.0,    0.0,     40,     11,     10,     16,     18,     18,     37,     36,     40,     11,     10,     16,     18,     18,     37,     36,      0,      0,      0,      0,      0,      0,      0,      0,    33.4,    35.3,    50.7,    60.3,    20.0,    24.4,    28.3,    35.6,    33.4,    35.3,    50.7,    60.3,    20.0,    24.4,    28.3,    35.6,     0.0,     0.0,     0.0,     0.0,     0.0,     0.0,     0.0,     0.0,"(Contracts of 2,500  MMBTU'S)","03565C","NYME","023 "
"USD Malaysian Crude Palm Oil C - CHICAGO MERCANTILE EXCHANGE",260922,2026-09-22,037021,CME ,00,037 ,   42777,    1502,    4576,    1280,   39895,   36861,   42677,   42717,     100,      60,   42777,    1502,    4576,    1280,   39895,   36861,   42677,   42717,     100,      60,       0,       0,       0,       0,       0,       0,       0,       0,       0,       0,     -65,     -60,     435,    -395,     310,    -165,    -145,    -125,      80,      60,  100.0,    3.5,   10.7,    3.0,   93.3,   86.2,   99.8,   99.9,    0.2,    0.1,  100.0,    3.5,   10.7,    3.0,   93.3,   86.2,   99.8,   99.9,    0.2,    0.1,    0.0,    0.0,    0.0,    0.0,    0.0,    0.0,    0.0,    0.0,    0.0,    0.0,     26,      5,      2,      3,     15,     14,     21,     18,     26,      5,      2,      3,     15,     14,     21,     18,      0,      0,      0,      0,      0,      0,      0,      0,    76.2,    65.2,    88.7,    92.7,    37.7,    41.2,    41.4,    43.1,    76.2,    65.2,    88.7,    92.7,    37.7,    41.2,    41.4,    43.1,     0.0,     0.0,     0.0,     0.0,     0.0,     0.0,     0.0,     0.0,"(CONTRACTS OF 25 METRIC TONS)","037021","CME ","037 "
"ROUGH RICE - CHICAGO BOARD OF TRADE",260922,2026-09-22,039601,CBT ,00,039 ,   13288,    5315,    3070,     514,    4637,    8760,   10466,   12344,    2822,     944,   13286,    5315,    3071,     513,    4637,    8758,   10465,   12342,    2821,     944,       2,       1,       0,       0,       0,       2,       1,       2,       1,       0,     124,     -23,     102,       6,      97,      60,      80,     168,      44,     -44,  100.0,   40.0,   23.1,    3.9,   34.9,   65.9,   78.8,   92.9,   21.2,    7.1,  100.0,   40.0,   23.1,    3.9,   34.9,   65.9,   78.8,   92.9,   21.2,    7.1,  100.0,   50.0,    0.0,    0.0,    0.0,  100.0,   50.0,  100.0,   50.0,    0.0,     77,     27,     16,      5,     18,     20,     50,     37,     77,     27,     16,      4,     18,     20,     49,     37,      2,      1,      0,      0,      0,      1,      1,      1,    27.3,    40.5,    38.8,    57.5,    27.3,    40.5,    38.8,    57.5,    27.3,    40.5,    38.8,    57.5,    27.3,    40.5,    38.8,    57.5,    50.0,   100.0,    50.0,   100.0,    50.0,   100.0,    50.0,   100.0,"(CONTRACTS OF 200,000 POUNDS)","039601","CBT ","039 "
"FRZN CONCENTRATED ORANGE JUICE - ICE FUTURES U.S.",260922,2026-09-22,040701,ICUS,01,040 ,    9571,    4570,    3870,     565,    2435,    3305,    7570,    7740,    2001,    1831,    7990,    4702,    3813,      56,    1676,    2658,    6434,    6527,    1556,    1463,    1581,     340,     529,      37,     759,     647,    1136,    1213,     445,     368,      96,    -241,       7,      81,     135,    -181,     -25,     -93,     121,     189,  100.0,   47.7,   40.4,    5.9,   25.4,   34.5,   79.1,   80.9,   20.9,   19.1,  100.0,   58.8,   47.7,    0.7,   21.0,   33.3,   80.5,   81.7,   19.5,   18.3,  100.0,   21.5,   33.5,    2.3,   48.0,   40.9,   71.9,   76.7,   28.1,   23.3,     56,     22,     18,     10,     13,      7,     40,     30,     55,     23,     16,      3,     10,      7,     36,     23,     22,      8,      4,      4,      9,      3,     17,     11,    25.8,    41.4,    40.2,    56.1,    25.8,    41.1,    40.0,    55.1,    30.8,    41.2,    48.0,    58.6,    30.8,    40.8,    48.0,    57.8,    39.2,    69.8,    58.9,    76.0,    37.6,    69.4,    57.1,    73.2,"(CONTRACTS OF 15,000 POUNDS)","040701","ICUS","040 "
"UST 2Y NOTE - CHICAGO BOARD OF TRADE",260922,2026-09-22,042601,CBT ,00,042 , 4539374,  756817, 1663882,  163448, 3386427, 2524540, 4306692, 4351870,  232682,  187504, 4539374,  756817, 1663882,  163448, 3386427, 2524540, 4306692, 4351870,  232682,  187504,       0,       0,       0,       0,       0,       0,       0,       0,       0,       0,  105638,   52769,  104481,  -43477,   84190,   30253,   93482,   91257,   12156,   14381,  100.0,   16.7,   36.7,    3.6,   74.6,   55.6,   94.9,   95.9,    5.1,    4.1,  100.0,   16.7,   36.7,    3.6,   74.6,   55.6,   94.9,   95.9,    5.1,    4.1,    0.0,    0.0,    0.0,    0.0,    0.0,    0.0,    0.0,    0.0,    0.0,    0.0,    481,     76,     82,     35,    224,    221,    322,    316,    481,     76,     82,     35,    224,    221,    322,    316,      0,      0,      0,      0,      0,      0,      0,      0,    23.9,    17.6,    33.1,    28.2,    20.2,    17.4,    28.3,    26.9,    23.9,    17.6,    33.1,    28.2,    20.2,    17.4,    28.3,    26.9,     0.0,     0.0,     0.0,     0.0,     0.0,     0.0,     0.0,     0.0,"(CONTRACTS OF $200,000 FACE VALUE)","042601","CBT ","042 "
"UST 10Y NOTE - CHICAGO BOARD OF TRADE",260922,2026-09-22,043602,CBT ,00,043 , 5407726,  601677, 1413429,  143864, 4280087, 3454052, 5025628, 5011345,  382098,  396381, 5407726,  601677, 1413429,  143864, 4280087, 3454052, 5025628, 5011345,  382098,  396381,       0,       0,       0,       0,       0,       0,       0,       0,       0,       0,   29949,   20899,   11415,  -25965,   29315,   27783,   24249,   13233,    5700,   16716,  100.0,   11.1,   26.1,    2.7,   79.1,   63.9,   92.9,   92.7,    7.1,    7.3,  100.0,   11.1,   26.1,    2.7,   79.1,   63.9,   92.9,   92.7,    7.1,    7.3,    0.0,    0.0,    0.0,    0.0,    0.0,    0.0,    0.0,    0.0,    0.0,    0.0,    444,     66,     91,     43,    208,    192,    299,    301,    444,     66,     91,     43,    208,    192,    299,    301,      0,      0,      0,      0,      0,      0,      0,      0,    32.3,    16.3,    42.4,    25.9,    28.5,    15.5,    37.6,    23.8,    32.3,    16.3,    42.4,    25.9,    28.5,    15.5,    37.6,    23.8,     0.0,     0.0,     0.0,     0.0,     0.0,     0.0,     0.0,     0.0,"(CONTRACTS OF $100,000 FACE VALUE)","043602","CBT ","043 "
"ULTRA UST 10Y - CHICAGO BOARD OF TRADE",260922,2026-09-22,043607,CBT ,00,043 , 2587440,  222141,  431122,   41928, 2093048, 1827456, 2357117, 2300506,  230323,  286934, 2587440,  222141,  431122,   41928, 2093048, 1827456, 2357117, 2300506,  230323,  286934,       0,       0,       0,       0,       0,       0,       0,       0,       0,       0,   -9556,    -905,   -1614,   -4190,  -31566,    2445,  -36661,   -3359,   27105,   -6197,  100.0,    8.6,   16.7,    1.6,   80.9,   70.6,   91.1,   88.9,    8.9,   11.1,  100.0,    8.6,   16.7,    1.6,   80.9,   70.6,   91.1,   88.9,    8.9,   11.1,    0.0,    0.0,    0.0,    0.0,    0.0,    0.0,    0.0,    0.0,    0.0,    0.0,    243,     27,     36,     20,    129,    128,    168,    172,    243,     27,     36,     20,    129,    128,    168,    172,      0,      0,      0,      0,      0,      0,      0,      0,    24.3,    24.7,    37.9,    34.7,    15.6,    18.5,    25.5,    24.5,    24.3,    24.7,    37.9,    34.7,    15.6,    18.5,    25.5,    24.5,     0.0,     0.0,     0.0,     0.0,     0.0,     0.0,     0.0,     0.0,"(CONTRACTS OF $100,000 FACE VALUE)","043607","CBT ","043 "
"MICRO 10 YEAR YIELD - CHICAGO BOARD OF TRADE",260922,2026-09-22,04360Y,CBT ,00,043 ,    3273,    2728,    1302,      97,       0,     326,    2825,    1725,     448,    1548,    3273,    2728,    1302,      97,       0,     326,    2825,    1725,     448,    1548,       0,       0,       0,       0,       0,       0,       0,       0,       0,       0,    -401,    -328,    -157,     -30,       0,     -31,    -358,    -218,     -43,    -183,  100.0,   83.3,   39.8,    3.0,    0.0,   10.0,   86.3,   52.7,   13.7,   47.3,  100.0,   83.3,   39.8,    3.0,    0.0,   10.0,   86.3,   52.7,   13.7,   47.3,    0.0,    0.0,    0.0,    0.0,    0.0,    0.0,    0.0,    0.0,    0.0,    0.0,     25,      8,     14,      2,      0,      2,      9,     18,     25,      8,     14,      2,      0,      2,      9,     18,      0,      0,      0,      0,      0,      0,      0,      0,    81.6,    29.6,    85.5,    41.2,    79.8,    29.6,    83.3,    40.0,    81.6,    29.6,    85.5,    41.2,    79.8,    29.6,    83.3,    40.0,     0.0,     0.0,     0.0,     0.0,     0.0,     0.0,     0.0,     0.0,"(1000 x Index Points)","04360Y","CBT ","043 "
"UST 5Y NOTE - CHICAGO BOARD OF TRADE",260922,2026-09-22,044601,CBT ,00,044 , 6599737,  779386, 1660239,  225463, 5184873, 4344851, 6189722, 6230553,  410015,  369184, 6599737,  779386, 1660239,  225463, 5184873, 4344851, 6189722, 6230553,  410015,  369184,       0,       0,       0,       0,       0,       0,       0,       0,       0,       0,  235477,   96963,  -19550,   31662,  110199,  234557,  238824,  246669,   -3347,  -11192,  100.0,   11.8,   25.2,    3.4,   78.6,   65.8,   93.8,   94.4,    6.2,    5.6,  100.0,   11.8,   25.2,    3.4,   78.6,   65.8,   93.8,   94.4,    6.2,    5.6,    0.0,    0.0,    0.0,    0.0,    0.0,    0.0,    0.0,    0.0,    0.0,    0.0,    470,     82,     74,     34,    229,    220,    328,    311,    470,     82,     74,     34,    229,    220,    328,    311,      0,      0,      0,      0,      0,      0,      0,      0,    28.8,    17.8,    36.7,    28.7,    27.2,    17.2,    32.9,    27.1,    28.8,    17.8,    36.7,    28.7,    27.2,    17.2,    32.9,    27.1,     0.0,     0.0,     0.0,     0.0,     0.0,     0.0,     0.0,     0.0,"(CONTRACTS OF $100,000 FACE VALUE)","044601","CBT ","044 "
"FED FUNDS - CHICAGO BOARD OF TRADE",260922,2026-09-22,045601,CBT ,00,045 , 2518412,  396021,  398066,  490652, 1556341, 1569600, 2443014, 2458318,   75398,   60094, 2518412,  396021,  398066,  490652, 1556341, 1569600, 2443014, 2458318,   75398,   60094,       0,       0,       0,       0,       0,       0,       0,       0,       0,       0,  116867,  -20431,    2088,    6363,  112778,   82124,   98710,   90575,   18157,   26292,  100.0,   15.7,   15.8,   19.5,   61.8,   62.3,   97.0,   97.6,    3.0,    2.4,  100.0,   15.7,   15.8,   19.5,   61.8,   62.3,   97.0,   97.6,    3.0,    2.4,    0.0,    0.0,    0.0,    0.0,    0.0,    0.0,    0.0,    0.0,    0.0,    0.0,    172,     45,     30,     50,     86,     82,    152,    141,    172,     45,     30,     50,     86,     82,    152,    141,      0,      0,      0,      0,      0,      0,      0,      0,    26.0,    25.0,    39.1,    40.4,    16.9,    13.6,    24.8,    23.6,    26.0,    25.0,    39.1,    40.4,    16.9,    13.6,    24.8,    23.6,     0.0,     0.0,     0.0,     0.0,     0.0,     0.0,     0.0,     0.0,"(CONTRACTS OF $5,000,000)","045601","CBT ","045 "
"EURO SHORT TERM RATE - CHICAGO MERCANTILE EXCHANGE",260922,2026-09-22,047745,CME ,00,047 ,   19505,     107,   15425,    1201,   18095,    2847,   19403,   19473,     102,      32,   19505,     107,   15425,    1201,   18095,    2847,   19403,   19473,     102,      32,       0,       0,       0,       0,       0,       0,       0,       0,       0,       0,  -12413,   -2509,    4331,   -4362,   -5571,  -12381,  -12442,  -12412,      29,      -1,  100.0,    0.5,   79.1,    6.2,   92.8,   14.6,   99.5,   99.8,    0.5,    0.2,  100.0,    0.5,   79.1,    6.2,   92.8,   14.6,   99.5,   99.8,    0.5,    0.2,    0.0,    0.0,    0.0,    0.0,    0.0,    0.0,    0.0,    0.0,    0.0,    0.0,     22,      1,      9,      5,      8,      9,     14,     18,     22,      1,      9,      5,      8,      9,     14,     18,      0,      0,      0,      0,      0,      0,      0,      0,    89.5,    73.2,    96.9,    91.2,    87.2,    67.2,    89.7,    83.5,    89.5,    73.2,    96.9,    91.2,    87.2,    67.2,    89.7,    83.5,     0.0,     0.0,     0.0,     0.0,     0.0,     0.0,     0.0,     0.0,"(2,500 X CONTRACT GRADE IMM INDEX)","047745","CME ","047 "
"BUTTER (CASH SETTLED) - CHICAGO MERCANTILE EXCHANGE",260922,2026-09-22,050642,CME ,00,050 ,   20218,      85,    8058,     195,   19214,   11651,   19494,   19904,     724,     314,   20218,      85,    8058,     195,   19214,   11651,   19494,   19904,     724,     314,       0,       0,       0,       0,       0,       0,       0,       0,       0,       0,     524,      -8,     241,     -24,     618,     270,     586,     487,     -62,      37,  100.0,    0.4,   39.9,    1.0,   95.0,   57.6,   96.4,   98.4,    3.6,    1.6,  100.0,    0.4,   39.9,    1.0,   95.0,   57.6,   96.4,   98.4,    3.6,    1.6,    0.0,    0.0,    0.0,    0.0,    0.0,    0.0,    0.0,    0.0,    0.0,    0.0,     56,      1,     10,      5,     38,     26,     44,     36,     56,      1,     10,      5,     38,     26,     44,     36,      0,      0,      0,      0,      0,      0,      0,      0,    38.6,    44.8,    57.2,    66.0,    36.9,    42.5,    53.5,    57.4,    38.6,    44.8,    57.2,    66.0,    36.9,    42.5,    53.5,    57.4,     0.0,     0.0,     0.0,     0.0,     0.0,     0.0,     0.0,     0.0,"(CONTRACTS OF 20,000 POUNDS)","050642","CME ","050 "
"MILK, Class III - CHICAGO MERCANTILE EXCHANGE",260922,2026-09-22,052641,CME ,00,052 ,   34260,    2584,   13386,    3249,   26420,   12819,   32253,   29454,    2007,    4806,   34260,    2584,   13386,    3249,   26420,   12819,   32253,   29454,    2007,    4806,       0,       0,       0,       0,       0,       0,       0,       0,       0,       0,    1363,    -197,     725,     286,    1335,     403,    1424,    1414,     -61,     -51,  100.0,    7.5,   39.1,    9.5,   77.1,   37.4,   94.1,   86.0,    5.9,   14.0,  100.0,    7.5,   39.1,    9.5,   77.1,   37.4,   94.1,   86.0,    5.9,   14.0,    0.0,    0.0,    0.0,    0.0,    0.0,    0.0,    0.0,    0.0,    0.0,    0.0,     99,      8,     41,     16,     37,     25,     59,     68,     99,      8,     41,     16,     37,     25,     59,     68,      0,      0,      0,      0,      0,      0,      0,      0,    45.8,    22.2,    63.0,    38.7,    45.8,    20.6,    62.6,    33.7,    45.8,    22.2,    63.0,    38.7,    45.8,    20.6,    62.6,    33.7,     0.0,     0.0,     0.0,     0.0,     0.0,     0.0,     0.0,     0.0,"(CONTRACTS OF 200,000 POUNDS)","052641","CME ","052 "
"NON FAT DRY MILK - CHICAGO MERCANTILE EXCHANGE",260922,2026-09-22,052642,CME ,00,052 ,   11574,     246,    6122,     179,   10182,    5131,   10607,   11432,     967,     142,   11574,     246,    6122,     179,   10182,    5131,   10607,   11432,     967,     142,       0,       0,       0,       0,       0,       0,       0,       0,       0,       0,     308,       4,     207,      -7,     214,     245,     211,     445,      97,    -137,  100.0,    2.1,   52.9,    1.5,   88.0,   44.3,   91.6,   98.8,    8.4,    1.2,  100.0,    2.1,   52.9,    1.5,   88.0,   44.3,   91.6,   98.8,    8.4,    1.2,    0.0,    0.0,    0.0,    0.0,    0.0,    0.0,    0.0,    0.0,    0.0,    0.0,     52,      4,      7,      4,     35,     23,     41,     32,     52,      4,      7,      4,     35,     23,     41,     32,      0,      0,      0,      0,      0,      0,      0,      0,    33.5,    46.6,    53.8,    69.8,    31.4,    46.3,    48.6,    69.0,    33.5,    46.6,    53.8,    69.8,    31.4,    46.3,    48.6,    69.0,     0.0,     0.0,     0.0,     0.0,     0.0,     0.0,     0.0,     0.0,"(CONTRACTS OF 44,000 LBS.)","052642","CME ","052 "
"CME MILK IV - CHICAGO MERCANTILE EXCHANGE",260922,2026-09-22,052644,CME ,00,052 ,   12324,    6708,    1698,     282,    5157,    9408,   12147,   11388,     177,     936,   12324,    6708,    1698,     282,    5157,    9408,   12147,   11388,     177,     936,       0,       0,       0,       0,       0,       0,       0,       0,       0,       0,     767,     534,      71,      -4,     237,     698,     767,     765,       0,       2,  100.0,   54.4,   13.8,    2.3,   41.8,   76.3,   98.6,   92.4,    1.4,    7.6,  100.0,   54.4,   13.8,    2.3,   41.8,   76.3,   98.6,   92.4,    1.4,    7.6,    0.0,    0.0,    0.0,    0.0,    0.0,    0.0,    0.0,    0.0,    0.0,    0.0,     34,      4,      5,      4,     11,     18,     17,     25,     34,      4,      5,      4,     11,     18,     17,     25,      0,      0,      0,      0,      0,      0,      0,      0,    79.6,    58.7,    94.4,    77.2,    79.6,    58.1,    92.9,    75.8,    79.6,    58.7,    94.4,    77.2,    79.6,    58.1,    92.9,    75.8,     0.0,     0.0,     0.0,     0.0,     0.0,     0.0,     0.0,     0.0,"(CONTRACTS OF 200,000 POUNDS)","052644","CME ","052 "
"DRY WHEY - CHICAGO MERCANTILE EXCHANGE",260922,2026-09-22,052645,CME ,00,063 ,    3687,      18,    1875,      45,    3138,    1451,    3201,    3371,     486,     316,    3687,      18,    1875,      45,    3138,    1451,    3201,    3371,     486,     316,       0,       0,       0,       0,       0,       0,       0,       0,       0,       0,.,.,.,.,.,.,.,.,.,.,  100.0,    0.5,   50.9,    1.2,   85.1,   39.4,   86.8,   91.4,   13.2,    8.6,  100.0,    0.5,   50.9,    1.2,   85.1,   39.4,   86.8,   91.4,   13.2,    8.6,    0.0,    0.0,    0.0,    0.0,    0.0,    0.0,    0.0,    0.0,    0.0,    0.0,     20,      1,      6,      2,     11,      6,     13,     13,     20,      1,      6,      2,     11,      6,     13,     13,      0,      0,      0,      0,      0,      0,      0,      0,    63.3,    62.0,    80.9,    81.8,    63.3,    62.0,    78.3,    79.8,    63.3,    62.0,    80.9,    81.8,    63.3,    62.0,    78.3,    79.8,     0.0,     0.0,     0.0,     0.0,     0.0,     0.0,     0.0,     0.0,"(CONTRACTS OF 44,000 LBS.)","052645","CME ","063 "
"LEAN HOGS - CHICAGO MERCANTILE EXCHANGE",260922,2026-09-22,054642,CME ,00,054 ,  287713,   78979,  147274,   76414,  110763,   44019,  266156,  267707,   21557,   20006,   42846,   25768,   32123,    1194,   10731,    6670,   37693,   39987,    5153,    2859,  244867,   70256,  132196,   58175,  100032,   37349,  228463,  227720,   16404,   17147,    1790,    4506,    3590,   -1839,   -2106,   -1099,     561,     652,    1229,    1138,  100.0,   27.5,   51.2,   26.6,   38.5,   15.3,   92.5,   93.0,    7.5,    7.0,  100.0,   60.1,   75.0,    2.8,   25.0,   15.6,   88.0,   93.3,   12.0,    6.7,  100.0,   28.7,   54.0,   23.8,   40.9,   15.3,   93.3,   93.0,    6.7,    7.0,    347,     90,    122,    116,     87,     79,    255,    262,    193,     48,     64,     10,     55,     28,    106,    100,    322,     85,    120,    103,     70,     74,    228,    237,    17.2,    13.3,    28.3,    23.0,    15.7,    12.4,    24.5,    21.1,    30.6,    30.0,    47.0,    45.1,    30.2,    30.0,    46.6,    45.1,    19.8,    15.6,    30.3,    23.9,    18.4,    13.7,    27.0,    21.1,"(CONTRACTS OF 40,000 POUNDS)","054642","CME ","054 "
"LIVE CATTLE - CHICAGO MERCANTILE EXCHANGE",260922,2026-09-22,057642,CME ,00,057 ,  284889,   93172,   64860,   54850,  111820,  135047,  259842,  254757,   25047,   30132,  284889,   93172,   64860,   54850,  111820,  135047,  259842,  254757,   25047,   30132,       0,       0,       0,       0,       0,       0,       0,       0,       0,       0,    2771,   -1235,    -779,    1771,     826,    2949,    1362,    3941,    1409,   -1170,  100.0,   32.7,   22.8,   19.3,   39.3,   47.4,   91.2,   89.4,    8.8,   10.6,  100.0,   32.7,   22.8,   19.3,   39.3,   47.4,   91.2,   89.4,    8.8,   10.6,    0.0,    0.0,    0.0,    0.0,    0.0,    0.0,    0.0,    0.0,    0.0,    0.0,    374,    113,     64,    108,    114,    144,    278,    286,    374,    113,     64,    108,    114,    144,    278,    286,      0,      0,      0,      0,      0,      0,      0,      0,    13.8,    15.4,    23.1,    25.3,    13.3,    15.2,    21.7,    24.3,    13.8,    15.4,    23.1,    25.3,    13.3,    15.2,    21.7,    24.3,     0.0,     0.0,     0.0,     0.0,     0.0,     0.0,     0.0,     0.0,"(CONTRACTS OF 40,000 POUNDS)","057642","CME ","057 "
"LUMBER - CHICAGO MERCANTILE EXCHANGE",260922,2026-09-22,058644,CME ,00,058 ,    9441,    2345,    7560,      27,    6145,    1186,    8517,    8773,     924,     668,    9441,    2345,    7560,      27,    6145,    1186,    8517,    8773,     924,     668,       0,       0,       0,       0,       0,       0,       0,       0,       0,       0,     236,      33,     115,       2,     103,      62,     138,     179,      98,      57,  100.0,   24.8,   80.1,    0.3,   65.1,   12.6,   90.2,   92.9,    9.8,    7.1,  100.0,   24.8,   80.1,    0.3,   65.1,   12.6,   90.2,   92.9,    9.8,    7.1,    0.0,    0.0,    0.0,    0.0,    0.0,    0.0,    0.0,    0.0,    0.0,    0.0,     97,     22,     43,      2,     29,     11,     51,     56,     97,     22,     43,      2,     29,     11,     51,     56,      0,      0,      0,      0,      0,      0,      0,      0,    28.8,    27.4,    47.2,    45.0,    28.5,    27.4,    46.0,    45.0,    28.8,    27.4,    47.2,    45.0,    28.5,    27.4,    46.0,    45.0,     0.0,     0.0,     0.0,     0.0,     0.0,     0.0,     0.0,     0.0,"(CONTRACTS OF 27,500 BOARD FEET)","058644","CME ","058 "
"FEEDER CATTLE - CHICAGO MERCANTILE EXCHANGE",260922,2026-09-22,061641,CME ,00,061 ,   61983,   17925,   22384,   17033,   16465,   12239,   51423,   51656,   10560,   10327,   61983,   17925,   22384,   17033,   16465,   12239,   51423,   51656,   10560,   10327,       0,       0,       0,       0,       0,       0,       0,       0,       0,       0,    2350,     185,     791,    1937,    -753,     790,    1369,    3518,     981,   -1168,  100.0,   28.9,   36.1,   27.5,   26.6,   19.7,   83.0,   83.3,   17.0,   16.7,  100.0,   28.9,   36.1,   27.5,   26.6,   19.7,   83.0,   83.3,   17.0,   16.7,    0.0,    0.0,    0.0,    0.0,    0.0,    0.0,    0.0,    0.0,    0.0,    0.0,    224,     63,     53,     65,     64,     63,    167,    156,    224,     63,     53,     65,     64,     63,    167,    156,      0,      0,      0,      0,      0,      0,      0,      0,    15.2,    18.6,    25.8,    28.8,    12.2,    16.7,    19.3,    25.1,    15.2,    18.6,    25.8,    28.8,    12.2,    16.7,    19.3,    25.1,     0.0,     0.0,     0.0,     0.0,     0.0,     0.0,     0.0,     0.0,"(CONTRACTS OF 50,000 POUNDS)","061641","CME ","061 "
"CHEESE (CASH-SETTLED) - CHICAGO MERCANTILE EXCHANGE",260922,2026-09-22,063642,CME ,00,063 ,   32976,     510,   10256,    2103,   29348,   19997,   31961,   32356,    1015,     620,   32976,     510,   10256,    2103,   29348,   19997,   31961,   32356,    1015,     620,       0,       0,       0,       0,       0,       0,       0,       0,       0,       0,    1755,     -43,     733,      17,    1694,     817,    1668,    1567,      87,     188,  100.0,    1.5,   31.1,    6.4,   89.0,   60.6,   96.9,   98.1,    3.1,    1.9,  100.0,    1.5,   31.1,    6.4,   89.0,   60.6,   96.9,   98.1,    3.1,    1.9,    0.0,    0.0,    0.0,    0.0,    0.0,    0.0,    0.0,    0.0,    0.0,    0.0,     74,      7,     24,      9,     33,     31,     46,     58,     74,      7,     24,      9,     33,     31,     46,     58,      0,      0,      0,      0,      0,      0,      0,      0,    51.5,    28.7,    71.5,    48.2,    51.0,    26.3,    69.5,    45.3,    51.5,    28.7,    71.5,    48.2,    51.0,    26.3,    69.5,    45.3,     0.0,     0.0,     0.0,     0.0,     0.0,     0.0,     0.0,     0.0,"(CONTRACTS OF 20,000 POUNDS)","063642","CME ","063 "
"MID-C DAY-AHEAD PEAK - ICE FUTURES ENERGY DIV",260922,2026-09-22,064391,IFED,01,064 ,   42344,    2774,    5929,    4165,   34787,   32130,   41726,   42224,     618,     120,   42344,    2774,    5929,    4165,   34787,   32130,   41726,   42224,     618,     120,       0,       0,       0,       0,       0,       0,       0,       0,       0,       0,    -101,     128,    -244,     130,    -367,      20,    -109,     -94,       8,      -7,  100.0,    6.6,   14.0,    9.8,   82.2,   75.9,   98.5,   99.7,    1.5,    0.3,  100.0,    6.6,   14.0,    9.8,   82.2,   75.9,   98.5,   99.7,    1.5,    0.3,    0.0,    0.0,    0.0,    0.0,    0.0,    0.0,    0.0,    0.0,    0.0,    0.0,     58,      7,     15,      8,     30,     32,     41,     51,     58,      7,     15,      8,     30,     32,     41,     51,      0,      0,      0,      0,      0,      0,      0,      0,    40.4,    34.9,    59.2,    58.5,    34.6,    33.3,    48.4,    48.9,    40.4,    34.9,    59.2,    58.5,    34.6,    33.3,    48.4,    48.9,     0.0,     0.0,     0.0,     0.0,     0.0,     0.0,     0.0,     0.0,"(Contracts of about 400 MWh)","064391","IFED","064 "
"MID-C DAY-AHEAD OFF-PEAK - ICE FUTURES ENERGY DIV",260922,2026-09-22,064392,IFED,01,064 ,   27457,    3705,    4007,    1037,   22028,   22207,   26770,   27251,     687,     206,   27457,    3705,    4007,    1037,   22028,   22207,   26770,   27251,     687,     206,       0,       0,       0,       0,       0,       0,       0,       0,       0,       0,    -136,     196,    -123,     -26,    -306,       8,    -136,    -141,       0,       5,  100.0,   13.5,   14.6,    3.8,   80.2,   80.9,   97.5,   99.2,    2.5,    0.8,  100.0,   13.5,   14.6,    3.8,   80.2,   80.9,   97.5,   99.2,    2.5,    0.8,    0.0,    0.0,    0.0,    0.0,    0.0,    0.0,    0.0,    0.0,    0.0,    0.0,     41,      5,      5,      3,     28,     27,     35,     33,     41,      5,      5,      3,     28,     27,     35,     33,      0,      0,      0,      0,      0,      0,      0,      0,    39.3,    44.5,    57.6,    73.4,    28.5,    41.0,    43.2,    56.2,    39.3,    44.5,    57.6,    73.4,    28.5,    41.0,    43.2,    56.2,     0.0,     0.0,     0.0,     0.0,     0.0,     0.0,     0.0,     0.0,"(Contracts of about 352 MWh)","064392","IFED","064 "
"PJM WESTERN HUB RT OFF - ICE FUTURES ENERGY DIV",260922,2026-09-22,064394,IFED,01,064 ,  257862,   99367,   16000,   30022,  127566,  210686,  256955,  256708,     907,    1154,  257862,   99367,   16000,   30022,  127566,  210686,  256955,  256708,     907,    1154,       0,       0,       0,       0,       0,       0,       0,       0,       0,       0,   -2270,   -4619,   -1871,     552,    1828,   -1803,   -2239,   -3122,     -31,     852,  100.0,   38.5,    6.2,   11.6,   49.5,   81.7,   99.6,   99.6,    0.4,    0.4,  100.0,   38.5,    6.2,   11.6,   49.5,   81.7,   99.6,   99.6,    0.4,    0.4,    0.0,    0.0,    0.0,    0.0,    0.0,    0.0,    0.0,    0.0,    0.0,    0.0,     89,     30,     11,     22,     44,     44,     82,     69,     89,     30,     11,     22,     44,     44,     82,     69,      0,      0,      0,      0,      0,      0,      0,      0,    39.2,    42.5,    52.6,    59.4,    35.5,    34.0,    42.8,    45.1,    39.2,    42.5,    52.6,    59.4,    35.5,    34.0,    42.8,    45.1,     0.0,     0.0,     0.0,     0.0,     0.0,     0.0,     0.0,     0.0,"(Contracts of about 352 MWh)","064394","IFED","064 "
"SP15 FIN DA PEAK FIXED - ICE FUTURES ENERGY DIV",260922,2026-09-22,064395,IFED,01,064 ,  102109,    3821,   18980,   14863,   82911,   68053,  101595,  101896,     514,     213,  102109,    3821,   18980,   14863,   82911,   68053,  101595,  101896,     514,     213,       0,       0,       0,       0,       0,       0,       0,       0,       0,       0,    1672,     533,    1025,     -89,    1195,     680,    1639,    1616,      33,      56,  100.0,    3.7,   18.6,   14.6,   81.2,   66.6,   99.5,   99.8,    0.5,    0.2,  100.0,    3.7,   18.6,   14.6,   81.2,   66.6,   99.5,   99.8,    0.5,    0.2,    0.0,    0.0,    0.0,    0.0,    0.0,    0.0,    0.0,    0.0,    0.0,    0.0,     72,     11,     16,     17,     39,     34,     60,     58,     72,     11,     16,     17,     39,     34,     60,     58,      0,      0,      0,      0,      0,      0,      0,      0,    42.6,    38.7,    68.7,    59.8,    41.2,    30.9,    55.7,    47.8,    42.6,    38.7,    68.7,    59.8,    41.2,    30.9,    55.7,    47.8,     0.0,     0.0,     0.0,     0.0,     0.0,     0.0,     0.0,     0.0,"(Contracts of about 400 MWh)","064395","IFED","064 "
"CAISO SP-15 DA OFF-PK FIXED - ICE FUTURES ENERGY DIV",260922,2026-09-22,064396,IFED,01,064 ,   77160,    2631,   16709,    9323,   65002,   51024,   76956,   77056,     204,     104,   77160,    2631,   16709,    9323,   65002,   51024,   76956,   77056,     204,     104,       0,       0,       0,       0,       0,       0,       0,       0,       0,       0,     763,    -147,       2,     195,     715,     535,     763,     732,       0,      31,  100.0,    3.4,   21.7,   12.1,   84.2,   66.1,   99.7,   99.9,    0.3,    0.1,  100.0,    3.4,   21.7,   12.1,   84.2,   66.1,   99.7,   99.9,    0.3,    0.1,    0.0,    0.0,    0.0,    0.0,    0.0,    0.0,    0.0,    0.0,    0.0,    0.0,     47,      5,      7,      7,     30,     27,     41,     35,     47,      5,      7,      7,     30,     27,     41,     35,      0,      0,      0,      0,      0,      0,      0,      0,    46.9,    52.0,    70.7,    76.3,    44.6,    43.7,    58.5,    63.6,    46.9,    52.0,    70.7,    76.3,    44.6,    43.7,    58.5,    63.6,     0.0,     0.0,     0.0,     0.0,     0.0,     0.0,     0.0,     0.0,"(Contracts of about 352 MWh)","064396","IFED","064 "
"PJM AEP DAYTON RT OFF-PK FIXED - ICE FUTURES ENERGY DIV",260922,2026-09-22,06439A,IFED,01,064 ,   59087,   23405,   10950,    4209,   30859,   42927,   58473,   58086,     614,    1001,   59087,   23405,   10950,    4209,   30859,   42927,   58473,   58086,     614,    1001,       0,       0,       0,       0,       0,       0,       0,       0,       0,       0,    1831,     923,    -759,     760,     -44,    1588,    1639,    1589,     192,     242,  100.0,   39.6,   18.5,    7.1,   52.2,   72.7,   99.0,   98.3,    1.0,    1.7,  100.0,   39.6,   18.5,    7.1,   52.2,   72.7,   99.0,   98.3,    1.0,    1.7,    0.0,    0.0,    0.0,    0.0,    0.0,    0.0,    0.0,    0.0,    0.0,    0.0,     46,      7,      7,      9,     29,     29,     41,     40,     46,      7,      7,      9,     29,     29,     41,     40,      0,      0,      0,      0,      0,      0,      0,      0,    54.6,    31.4,    67.7,    50.8,    46.3,    25.7,    52.7,    39.9,    54.6,    31.4,    67.7,    50.8,    46.3,    25.7,    52.7,    39.9,     0.0,     0.0,     0.0,     0.0,     0.0,     0.0,     0.0,     0.0,"(Contracts of about 352 MWh)","06439A","IFED","064 "
"PJM AEP DAYTON RT PEAK FIXED - ICE FUTURES ENERGY DIV",260922,2026-09-22,06439B,IFED,01,064 ,   74973,   27963,   11753,    5318,   40747,   56905,   74028,   73976,     945,     997,   74973,   27963,   11753,    5318,   40747,   56905,   74028,   73976,     945,     997,       0,       0,       0,       0,       0,       0,       0,       0,       0,       0,    1693,    -478,    -931,    1412,     920,     918,    1854,    1399,    -161,     294,  100.0,   37.3,   15.7,    7.1,   54.3,   75.9,   98.7,   98.7,    1.3,    1.3,  100.0,   37.3,   15.7,    7.1,   54.3,   75.9,   98.7,   98.7,    1.3,    1.3,    0.0,    0.0,    0.0,    0.0,    0.0,    0.0,    0.0,    0.0,    0.0,    0.0,     60,     13,     10,     12,     34,     33,     53,     49,     60,     13,     10,     12,     34,     33,     53,     49,      0,      0,      0,      0,      0,      0,      0,      0,    45.0,    39.3,    61.9,    56.4,    40.1,    35.4,    50.6,    48.2,    45.0,    39.3,    61.9,    56.4,    40.1,    35.4,    50.6,    48.2,     0.0,     0.0,     0.0,     0.0,     0.0,     0.0,     0.0,     0.0,"(Contracts of 800 MWh)","06439B","IFED","064 "
"PJM AEP DAYTON HUB DA OFF-PK - ICE FUTURES ENERGY DIV",260922,2026-09-22,06439C,IFED,01,064 ,   54182,   19182,   12887,    3400,   30408,   37409,   52990,   53696,    1192,     486,   54182,   19182,   12887,    3400,   30408,   37409,   52990,   53696,    1192,     486,       0,       0,       0,       0,       0,       0,       0,       0,       0,       0,     229,      86,     106,     -43,     183,     166,     226,     229,       3,       0,  100.0,   35.4,   23.8,    6.3,   56.1,   69.0,   97.8,   99.1,    2.2,    0.9,  100.0,   35.4,   23.8,    6.3,   56.1,   69.0,   97.8,   99.1,    2.2,    0.9,    0.0,    0.0,    0.0,    0.0,    0.0,    0.0,    0.0,    0.0,    0.0,    0.0,     54,      7,      9,      8,     31,     32,     42,     45,     54,      7,      9,      8,     31,     32,     42,     45,      0,      0,      0,      0,      0,      0,      0,      0,    46.6,    67.3,    64.0,    80.3,    46.4,    63.1,    60.1,    72.2,    46.6,    67.3,    64.0,    80.3,    46.4,    63.1,    60.1,    72.2,     0.0,     0.0,     0.0,     0.0,     0.0,     0.0,     0.0,     0.0,"(Contracts of about 352 MWh)","06439C","IFED","064 "
"PJM AEP DAYTON DA PEAK - ICE FUTURES ENERGY DIV",260922,2026-09-22,06439F,IFED,01,064 ,   62923,   18824,   12650,    4086,   38623,   45719,   61533,   62455,    1390,     468,   62923,   18824,   12650,    4086,   38623,   45719,   61533,   62455,    1390,     468,       0,       0,       0,       0,       0,       0,       0,       0,       0,       0,     198,      10,    -198,     191,      16,     335,     217,     328,     -19,    -130,  100.0,   29.9,   20.1,    6.5,   61.4,   72.7,   97.8,   99.3,    2.2,    0.7,  100.0,   29.9,   20.1,    6.5,   61.4,   72.7,   97.8,   99.3,    2.2,    0.7,    0.0,    0.0,    0.0,    0.0,    0.0,    0.0,    0.0,    0.0,    0.0,    0.0,     64,      8,     13,      9,     35,     34,     46,     53,     64,      8,     13,      9,     35,     34,     46,     53,      0,      0,      0,      0,      0,      0,      0,      0,    41.2,    62.3,    58.1,    78.8,    40.0,    59.7,    54.2,    70.9,    41.2,    62.3,    58.1,    78.8,    40.0,    59.7,    54.2,    70.9,     0.0,     0.0,     0.0,     0.0,     0.0,     0.0,     0.0,     0.0,"(Contracts of about 352 MWh)","06439F","IFED","064 "
"MISO INDIANA  OFF-PEAK - ICE FUTURES ENERGY DIV",260922,2026-09-22,06439K,IFED,01,064 ,   41032,       0,    9790,      85,   40207,   31017,   40292,   40892,     740,     140,   41032,       0,    9790,      85,   40207,   31017,   40292,   40892,     740,     140,       0,       0,       0,       0,       0,       0,       0,       0,       0,       0,     340,       0,     270,       0,     300,      50,     300,     320,      40,      20,  100.0,    0.0,   23.9,    0.2,   98.0,   75.6,   98.2,   99.7,    1.8,    0.3,  100.0,    0.0,   23.9,    0.2,   98.0,   75.6,   98.2,   99.7,    1.8,    0.3,    0.0,    0.0,    0.0,    0.0,    0.0,    0.0,    0.0,    0.0,    0.0,    0.0,     29,      0,      4,      1,     22,     18,     23,     22,     29,      0,      4,      1,     22,     18,     23,     22,      0,      0,      0,      0,      0,      0,      0,      0,    82.2,    56.6,    91.6,    81.3,    71.1,    49.9,    74.2,    69.7,    82.2,    56.6,    91.6,    81.3,    71.1,    49.9,    74.2,    69.7,     0.0,     0.0,     0.0,     0.0,     0.0,     0.0,     0.0,     0.0,"(Contracts of about 352 MWh)","06439K","IFED","064 "
"MISO IN. REAL-TIME OFF-PEAK - ICE FUTURES ENERGY DIV",260922,2026-09-22,06439L,IFED,01,064 ,   30549,    3880,    6242,     940,   25406,   22843,   30226,   30025,     323,     524,   30549,    3880,    6242,     940,   25406,   22843,   30226,   30025,     323,     524,       0,       0,       0,       0,       0,       0,       0,       0,       0,       0,     187,       0,    -220,       0,     188,     412,     188,     192,      -1,      -5,  100.0,   12.7,   20.4,    3.1,   83.2,   74.8,   98.9,   98.3,    1.1,    1.7,  100.0,   12.7,   20.4,    3.1,   83.2,   74.8,   98.9,   98.3,    1.1,    1.7,    0.0,    0.0,    0.0,    0.0,    0.0,    0.0,    0.0,    0.0,    0.0,    0.0,     30,      1,      4,      1,     21,     21,     23,     25,     30,      1,      4,      1,     21,     21,     23,     25,      0,      0,      0,      0,      0,      0,      0,      0,    54.5,    51.1,    74.8,    81.2,    41.7,    42.3,    54.3,    59.2,    54.5,    51.1,    74.8,    81.2,    41.7,    42.3,    54.3,    59.2,     0.0,     0.0,     0.0,     0.0,     0.0,     0.0,     0.0,     0.0,"(Contracts of about 352 MWh)","06439L","IFED","064 "
"ERCOT HOUSTON 345KV RT PK FIX - ICE FUTURES ENERGY DIV",260922,2026-09-22,06439N,IFED,01,064 ,   42153,   11056,     370,    1180,   29385,   40603,   41621,   42153,     532,       0,   42153,   11056,     370,    1180,   29385,   40603,   41621,   42153,     532,       0,       0,       0,       0,       0,       0,       0,       0,       0,       0,       0,    -235,     100,    -270,    -100,      65,     135,      65,    -235,    -300,       0,  100.0,   26.2,    0.9,    2.8,   69.7,   96.3,   98.7,  100.0,    1.3,    0.0,  100.0,   26.2,    0.9,    2.8,   69.7,   96.3,   98.7,  100.0,    1.3,    0.0,    0.0,    0.0,    0.0,    0.0,    0.0,    0.0,    0.0,    0.0,    0.0,    0.0,     35,      5,      2,      5,     22,     19,     28,     25,     35,      5,      2,      5,     22,     19,     28,     25,      0,      0,      0,      0,      0,      0,      0,      0,    35.2,    70.2,    55.3,    85.0,    33.5,    70.2,    50.7,    76.2,    35.2,    70.2,    55.3,    85.0,    33.5,    70.2,    50.7,    76.2,     0.0,     0.0,     0.0,     0.0,     0.0,     0.0,     0.0,     0.0,"(Contracts of about 352 MWh)","06439N","IFED","064 "
"ERCOT Houston 345KV RT OFF FIX - ICE FUTURES ENERGY DIV",260922,2026-09-22,06439Q,IFED,01,064 ,   41083,   11546,      50,    1060,   28005,   39973,   40611,   41083,     472,       0,   41083,   11546,      50,    1060,   28005,   39973,   40611,   41083,     472,       0,       0,       0,       0,       0,       0,       0,       0,       0,       0,       0,     320,     220,    -150,    -100,     500,     570,     620,     320,    -300,       0,  100.0,   28.1,    0.1,    2.6,   68.2,   97.3,   98.9,  100.0,    1.1,    0.0,  100.0,   28.1,    0.1,    2.6,   68.2,   97.3,   98.9,  100.0,    1.1,    0.0,    0.0,    0.0,    0.0,    0.0,    0.0,    0.0,    0.0,    0.0,    0.0,    0.0,     34,      6,      1,      4,     20,     18,     26,     23,     34,      6,      1,      4,     20,     18,     26,     23,      0,      0,      0,      0,      0,      0,      0,      0,    35.8,    70.6,    56.4,    85.8,    34.6,    70.3,    52.1,    76.5,    35.8,    70.6,    56.4,    85.8,    34.6,    70.3,    52.1,    76.5,     0.0,     0.0,     0.0,     0.0,     0.0,     0.0,     0.0,     0.0,"(Contracts of about 352 MWh)","06439Q","IFED","064 "
"ERCOT NORTH 345KV RT PK FIX - ICE FUTURES ENERGY DIV",260922,2026-09-22,06439R,IFED,01,064 ,  267291,   92698,   22940,   28270,  144968,  215496,  265936,  266706,    1355,     585,  267291,   92698,   22940,   28270,  144968,  215496,  265936,  266706,    1355,     585,       0,       0,       0,       0,       0,       0,       0,       0,       0,       0,    4709,    2478,     412,     -50,    2304,    4406,    4732,    4768,     -23,     -59,  100.0,   34.7,    8.6,   10.6,   54.2,   80.6,   99.5,   99.8,    0.5,    0.2,  100.0,   34.7,    8.6,   10.6,   54.2,   80.6,   99.5,   99.8,    0.5,    0.2,    0.0,    0.0,    0.0,    0.0,    0.0,    0.0,    0.0,    0.0,    0.0,    0.0,    114,     27,     27,     27,     52,     51,     90,     95,    114,     27,     27,     27,     52,     51,     90,     95,      0,      0,      0,      0,      0,      0,      0,      0,    33.5,    37.3,    53.1,    53.7,    24.8,    32.0,    39.4,    41.2,    33.5,    37.3,    53.1,    53.7,    24.8,    32.0,    39.4,    41.2,     0.0,     0.0,     0.0,     0.0,     0.0,     0.0,     0.0,     0.0,"(1 Mw per Peak Hour)","06439R","IFED","064 "
"ERCOT SOUTH 345 KV RT PEAK FIX - ICE FUTURES ENERGY DIV",260922,2026-09-22,06439S,IFED,01,064 ,   28279,     450,    3310,     350,   27208,   24215,   28008,   27875,     271,     404,   28279,     450,    3310,     350,   27208,   24215,   28008,   27875,     271,     404,       0,       0,       0,       0,       0,       0,       0,       0,       0,       0,       0,       0,       0,       0,       0,       0,       0,       0,       0,       0,  100.0,    1.6,   11.7,    1.2,   96.2,   85.6,   99.0,   98.6,    1.0,    1.4,  100.0,    1.6,   11.7,    1.2,   96.2,   85.6,   99.0,   98.6,    1.0,    1.4,    0.0,    0.0,    0.0,    0.0,    0.0,    0.0,    0.0,    0.0,    0.0,    0.0,     26,      1,      2,      1,     17,     13,     19,     15,     26,      1,      2,      1,     17,     13,     19,     15,      0,      0,      0,      0,      0,      0,      0,      0,    50.9,    52.1,    76.4,    87.8,    50.9,    52.1,    73.4,    85.4,    50.9,    52.1,    76.4,    87.8,    50.9,    52.1,    73.4,    85.4,     0.0,     0.0,     0.0,     0.0,     0.0,     0.0,     0.0,     0.0,"(1 Mw per Peak Hour)","06439S","IFED","064 "
"ERCOT-SOUTH MONTHLY OFFPEAK - ICE FUTURES ENERGY DIV",260922,2026-09-22,06439U,IFED,01,064 ,   27528,     450,    3310,     350,   26457,   23464,   27257,   27124,     271,     404,   27528,     450,    3310,     350,   26457,   23464,   27257,   27124,     271,     404,       0,       0,       0,       0,       0,       0,       0,       0,       0,       0,       0,       0,       0,       0,       0,       0,       0,       0,       0,       0,  100.0,    1.6,   12.0,    1.3,   96.1,   85.2,   99.0,   98.5,    1.0,    1.5,  100.0,    1.6,   12.0,    1.3,   96.1,   85.2,   99.0,   98.5,    1.0,    1.5,    0.0,    0.0,    0.0,    0.0,    0.0,    0.0,    0.0,    0.0,    0.0,    0.0,     26,      1,      2,      1,     17,     13,     19,     15,     26,      1,      2,      1,     17,     13,     19,     15,      0,      0,      0,      0,      0,      0,      0,      0,    52.3,    53.5,    74.9,    87.7,    52.3,    53.5,    71.1,    84.3,    52.3,    53.5,    74.9,    87.7,    52.3,    53.5,    71.1,    84.3,     0.0,     0.0,     0.0,     0.0,     0.0,     0.0,     0.0,     0.0,"(1 MW per off-peak hour)","06439U","IFED","064 "
"ERCOT WEST 345KV RT PEAK - ICE FUTURES ENERGY DIV",260922,2026-09-22,06439V,IFED,01,064 ,   33250,     600,    3820,     921,   31555,   28071,   33076,   32812,     174,     438,   33250,     600,    3820,     921,   31555,   28071,   33076,   32812,     174,     438,       0,       0,       0,       0,       0,       0,       0,       0,       0,       0,     339,    -101,     819,    -139,     579,    -281,     339,     399,       0,     -60,  100.0,    1.8,   11.5,    2.8,   94.9,   84.4,   99.5,   98.7,    0.5,    1.3,  100.0,    1.8,   11.5,    2.8,   94.9,   84.4,   99.5,   98.7,    0.5,    1.3,    0.0,    0.0,    0.0,    0.0,    0.0,    0.0,    0.0,    0.0,    0.0,    0.0,     27,      1,      4,      3,     20,     15,     24,     19,     27,      1,      4,      3,     20,     15,     24,     19,      0,      0,      0,      0,      0,      0,      0,      0,    57.9,    62.5,    74.5,    86.0,    56.7,    56.7,    68.8,    77.8,    57.9,    62.5,    74.5,    86.0,    56.7,    56.7,    68.8,    77.8,     0.0,     0.0,     0.0,     0.0,     0.0,     0.0,     0.0,     0.0,"(1 MW per peak hour)","06439V","IFED","064 "
"ERCOT WEST 345K RT OFF-PEAK - ICE FUTURES ENERGY DIV",260922,2026-09-22,06439W,IFED,01,064 ,   33174,     600,    3820,     921,   31479,   28025,   33000,   32766,     174,     408,   33174,     600,    3820,     921,   31479,   28025,   33000,   32766,     174,     408,       0,       0,       0,       0,       0,       0,       0,       0,       0,       0,     339,    -101,     819,    -139,     579,    -281,     339,     399,       0,     -60,  100.0,    1.8,   11.5,    2.8,   94.9,   84.5,   99.5,   98.8,    0.5,    1.2,  100.0,    1.8,   11.5,    2.8,   94.9,   84.5,   99.5,   98.8,    0.5,    1.2,    0.0,    0.0,    0.0,    0.0,    0.0,    0.0,    0.0,    0.0,    0.0,    0.0,     27,      1,      4,      3,     20,     15,     24,     19,     27,      1,      4,      3,     20,     15,     24,     19,      0,      0,      0,      0,      0,      0,      0,      0,    57.8,    62.7,    74.5,    86.2,    56.7,    56.9,    68.9,    78.0,    57.8,    62.7,    74.5,    86.2,    56.7,    56.9,    68.9,    78.0,     0.0,     0.0,     0.0,     0.0,     0.0,     0.0,     0.0,     0.0,"(1 MW per Off-Peak Hour)","06439W","IFED","064 "
"ERCOT NORTH 345KV DA PK DLY FI - ICE FUTURES ENERGY DIV",260922,2026-09-22,0643A5,IFED,01,064 ,    6250,    1500,    1900,     600,    4100,    3700,    6200,    6200,      50,      50,    6250,    1500,    1900,     600,    4100,    3700,    6200,    6200,      50,      50,       0,       0,       0,       0,       0,       0,       0,       0,       0,       0,.,.,.,.,.,.,.,.,.,.,  100.0,   24.0,   30.4,    9.6,   65.6,   59.2,   99.2,   99.2,    0.8,    0.8,  100.0,   24.0,   30.4,    9.6,   65.6,   59.2,   99.2,   99.2,    0.8,    0.8,    0.0,    0.0,    0.0,    0.0,    0.0,    0.0,    0.0,    0.0,    0.0,    0.0,     20,      2,      6,      3,      8,      8,     12,     15,     20,      2,      6,      3,      8,      8,     12,     15,      0,      0,      0,      0,      0,      0,      0,      0,    68.0,    60.8,    90.4,    85.6,    57.6,    58.4,    72.8,    72.0,    68.0,    60.8,    90.4,    85.6,    57.6,    58.4,    72.8,    72.0,     0.0,     0.0,     0.0,     0.0,     0.0,     0.0,     0.0,     0.0,"Megawatt Hours (MWh)","0643A5","IFED","064 "
"ERCOT - NORTH MONTHLY OFF-PEAK - ICE FUTURES ENERGY DIV",260922,2026-09-22,0643A8,IFED,01,064 ,  117438,    4015,   13760,    5871,  106748,   97104,  116634,  116735,     804,     703,  117438,    4015,   13760,    5871,  106748,   97104,  116634,  116735,     804,     703,       0,       0,       0,       0,       0,       0,       0,       0,       0,       0,    1506,   -1990,     290,     980,    2360,     596,    1350,    1866,     156,    -360,  100.0,    3.4,   11.7,    5.0,   90.9,   82.7,   99.3,   99.4,    0.7,    0.6,  100.0,    3.4,   11.7,    5.0,   90.9,   82.7,   99.3,   99.4,    0.7,    0.6,    0.0,    0.0,    0.0,    0.0,    0.0,    0.0,    0.0,    0.0,    0.0,    0.0,     48,      4,     11,      6,     30,     28,     38,     41,     48,      4,     11,      6,     30,     28,     38,     41,      0,      0,      0,      0,      0,      0,      0,      0,    43.1,    43.2,    69.7,    61.9,    39.0,    39.7,    61.1,    54.0,    43.1,    43.2,    69.7,    61.9,    39.0,    39.7,    61.1,    54.0,     0.0,     0.0,     0.0,     0.0,     0.0,     0.0,     0.0,     0.0,"1 Mw per Off-Peak Hour","0643A8","IFED","064 "
"MISO IN. DAY-AHEAD PEAK - ICE FUTURES ENERGY DIV",260922,2026-09-22,0643AZ,IFED,01,064 ,   22879,     625,    3408,     490,   21249,   18797,   22364,   22695,     515,     184,   22879,     625,    3408,     490,   21249,   18797,   22364,   22695,     515,     184,       0,       0,       0,       0,       0,       0,       0,       0,       0,       0,    1117,     575,     335,      20,     542,     782,    1137,    1137,     -20,     -20,  100.0,    2.7,   14.9,    2.1,   92.9,   82.2,   97.7,   99.2,    2.3,    0.8,  100.0,    2.7,   14.9,    2.1,   92.9,   82.2,   97.7,   99.2,    2.3,    0.8,    0.0,    0.0,    0.0,    0.0,    0.0,    0.0,    0.0,    0.0,    0.0,    0.0,     37,      2,      6,      3,     29,     16,     34,     22,     37,      2,      6,      3,     29,     16,     34,     22,      0,      0,      0,      0,      0,      0,      0,      0,    58.6,    74.2,    75.9,    91.9,    47.2,    63.2,    61.4,    72.2,    58.6,    74.2,    75.9,    91.9,    47.2,    63.2,    61.4,    72.2,     0.0,     0.0,     0.0,     0.0,     0.0,     0.0,     0.0,     0.0,"(1 MW per peak hour)","0643AZ","IFED","064 "
"MISO INDIANA HUB RT PEAK - ICE FUTURES ENERGY DIV",260922,2026-09-22,0643B3,IFED,01,064 ,   39116,    4027,    8798,    3088,   31380,   26515,   38495,   38401,     621,     715,   39116,    4027,    8798,    3088,   31380,   26515,   38495,   38401,     621,     715,       0,       0,       0,       0,       0,       0,       0,       0,       0,       0,    1263,      15,     240,       0,    1270,    1005,    1285,    1245,     -22,      18,  100.0,   10.3,   22.5,    7.9,   80.2,   67.8,   98.4,   98.2,    1.6,    1.8,  100.0,   10.3,   22.5,    7.9,   80.2,   67.8,   98.4,   98.2,    1.6,    1.8,    0.0,    0.0,    0.0,    0.0,    0.0,    0.0,    0.0,    0.0,    0.0,    0.0,     36,      5,      5,      1,     20,     23,     26,     28,     36,      5,      5,      1,     20,     23,     26,     28,      0,      0,      0,      0,      0,      0,      0,      0,    54.3,    52.6,    78.0,    73.3,    43.8,    42.4,    57.2,    58.1,    54.3,    52.6,    78.0,    73.3,    43.8,    42.4,    57.2,    58.1,     0.0,     0.0,     0.0,     0.0,     0.0,     0.0,     0.0,     0.0,"(Contracts of 800 MWh)","0643B3","IFED","064 "
"PJM N. IL HUB DA OFF-PK - ICE FUTURES ENERGY DIV",260922,2026-09-22,0643BC,IFED,01,064 ,   22967,    2910,     722,     767,   18802,   20929,   22479,   22418,     488,     549,   22967,    2910,     722,     767,   18802,   20929,   22479,   22418,     488,     549,       0,       0,       0,       0,       0,       0,       0,       0,       0,       0,     385,       0,    -329,     204,     180,     510,     384,     385,       1,       0,  100.0,   12.7,    3.1,    3.3,   81.9,   91.1,   97.9,   97.6,    2.1,    2.4,  100.0,   12.7,    3.1,    3.3,   81.9,   91.1,   97.9,   97.6,    2.1,    2.4,    0.0,    0.0,    0.0,    0.0,    0.0,    0.0,    0.0,    0.0,    0.0,    0.0,     34,      2,      5,      2,     19,     18,     23,     23,     34,      2,      5,      2,     19,     18,     23,     23,      0,      0,      0,      0,      0,      0,      0,      0,    49.4,    70.0,    73.5,    85.6,    49.4,    68.9,    71.2,    80.4,    49.4,    70.0,    73.5,    85.6,    49.4,    68.9,    71.2,    80.4,     0.0,     0.0,     0.0,     0.0,     0.0,     0.0,     0.0,     0.0,"(1 MW per off-peak hour)","0643BC","IFED","064 "
"PJM N. IL HUB DA PEAK - ICE FUTURES ENERGY DIV",260922,2026-09-22,0643BE,IFED,01,064 ,   22209,    2850,     250,     578,   18361,   20913,   21789,   21741,     420,     468,   22209,    2850,     250,     578,   18361,   20913,   21789,   21741,     420,     468,       0,       0,       0,       0,       0,       0,       0,       0,       0,       0,     283,       0,    -329,     204,      75,     408,     279,     283,       4,       0,  100.0,   12.8,    1.1,    2.6,   82.7,   94.2,   98.1,   97.9,    1.9,    2.1,  100.0,   12.8,    1.1,    2.6,   82.7,   94.2,   98.1,   97.9,    1.9,    2.1,    0.0,    0.0,    0.0,    0.0,    0.0,    0.0,    0.0,    0.0,    0.0,    0.0,     36,      2,      5,      3,     24,     18,     28,     24,     36,      2,      5,      3,     24,     18,     28,     24,      0,      0,      0,      0,      0,      0,      0,      0,    48.7,    68.3,    70.4,    84.1,    48.0,    67.1,    69.6,    78.8,    48.7,    68.3,    70.4,    84.1,    48.0,    67.1,    69.6,    78.8,     0.0,     0.0,     0.0,     0.0,     0.0,     0.0,     0.0,     0.0,"(1 MW per peak hour)","0643BE","IFED","064 "
"ISO NE MASS HUB DA OFF-PK FIXD - ICE FUTURES ENERGY DIV",260922,2026-09-22,0643BF,IFED,01,064 ,   63258,    9538,    7099,     684,   52620,   55291,   62842,   63074,     416,     184,   63258,    9538,    7099,     684,   52620,   55291,   62842,   63074,     416,     184,       0,       0,       0,       0,       0,       0,       0,       0,       0,       0,    1591,    1967,    1626,    -758,     366,     720,    1575,    1588,      16,       3,  100.0,   15.1,   11.2,    1.1,   83.2,   87.4,   99.3,   99.7,    0.7,    0.3,  100.0,   15.1,   11.2,    1.1,   83.2,   87.4,   99.3,   99.7,    0.7,    0.3,    0.0,    0.0,    0.0,    0.0,    0.0,    0.0,    0.0,    0.0,    0.0,    0.0,     50,      7,     10,     10,     27,     25,     39,     40,     50,      7,     10,     10,     27,     25,     39,     40,      0,      0,      0,      0,      0,      0,      0,      0,    45.3,    66.4,    67.2,    81.4,    45.1,    65.3,    65.5,    77.9,    45.3,    66.4,    67.2,    81.4,    45.1,    65.3,    65.5,    77.9,     0.0,     0.0,     0.0,     0.0,     0.0,     0.0,     0.0,     0.0,"(1 MW per Hour for about 368 Hours)","0643BF","IFED","064 "
"ISO NE MASS HUB DA PEAK - ICE FUTURES ENERGY DIV",260922,2026-09-22,0643BG,IFED,01,064 ,   84447,    7486,   14495,    4952,   71552,   64693,   83990,   84140,     457,     307,   84447,    7486,   14495,    4952,   71552,   64693,   83990,   84140,     457,     307,       0,       0,       0,       0,       0,       0,       0,       0,       0,       0,   -2512,     468,    1312,   -2041,    -833,   -1760,   -2406,   -2489,    -106,     -23,  100.0,    8.9,   17.2,    5.9,   84.7,   76.6,   99.5,   99.6,    0.5,    0.4,  100.0,    8.9,   17.2,    5.9,   84.7,   76.6,   99.5,   99.6,    0.5,    0.4,    0.0,    0.0,    0.0,    0.0,    0.0,    0.0,    0.0,    0.0,    0.0,    0.0,     67,      8,     21,     16,     29,     27,     48,     53,     67,      8,     21,     16,     29,     27,     48,     53,      0,      0,      0,      0,      0,      0,      0,      0,    47.3,    59.3,    67.1,    73.8,    47.1,    57.2,    64.6,    69.7,    47.3,    59.3,    67.1,    73.8,    47.1,    57.2,    64.6,    69.7,     0.0,     0.0,     0.0,     0.0,     0.0,     0.0,     0.0,     0.0,"(Contracts of 800MWh)","0643BG","IFED","064 "
"CAISO NP-15 PEAK - ICE FUTURES ENERGY DIV",260922,2026-09-22,0643BM,IFED,01,064 ,   44794,    2555,    9312,    4137,   37764,   31192,   44456,   44641,     338,     153,   44794,    2555,    9312,    4137,   37764,   31192,   44456,   44641,     338,     153,       0,       0,       0,       0,       0,       0,       0,       0,       0,       0,     334,       4,      98,     128,      66,      42,     198,     268,     136,      66,  100.0,    5.7,   20.8,    9.2,   84.3,   69.6,   99.2,   99.7,    0.8,    0.3,  100.0,    5.7,   20.8,    9.2,   84.3,   69.6,   99.2,   99.7,    0.8,    0.3,    0.0,    0.0,    0.0,    0.0,    0.0,    0.0,    0.0,    0.0,    0.0,    0.0,     44,      6,      6,      7,     27,     18,     38,     27,     44,      6,      6,      7,     27,     18,     38,     27,      0,      0,      0,      0,      0,      0,      0,      0,    48.8,    68.3,    71.2,    87.1,    48.7,    66.1,    64.7,    76.3,    48.8,    68.3,    71.2,    87.1,    48.7,    66.1,    64.7,    76.3,     0.0,     0.0,     0.0,     0.0,     0.0,     0.0,     0.0,     0.0,"(Contracts of 400MWh)","0643BM","IFED","064 "
"CAISO NP-15 DA OFF-PK FIXED - ICE FUTURES ENERGY DIV",260922,2026-09-22,0643BR,IFED,01,064 ,   46910,    7741,   14006,    1443,   37463,   31381,   46647,   46830,     263,      80,   46910,    7741,   14006,    1443,   37463,   31381,   46647,   46830,     263,      80,       0,       0,       0,       0,       0,       0,       0,       0,       0,       0,    -104,     137,     -64,       0,    -241,     -40,    -104,    -104,       0,       0,  100.0,   16.5,   29.9,    3.1,   79.9,   66.9,   99.4,   99.8,    0.6,    0.2,  100.0,   16.5,   29.9,    3.1,   79.9,   66.9,   99.4,   99.8,    0.6,    0.2,    0.0,    0.0,    0.0,    0.0,    0.0,    0.0,    0.0,    0.0,    0.0,    0.0,     36,      6,      3,      5,     21,     17,     29,     23,     36,      6,      3,      5,     21,     17,     29,     23,      0,      0,      0,      0,      0,      0,      0,      0,    55.3,    83.1,    75.7,    93.7,    54.9,    81.1,    72.7,    89.2,    55.3,    83.1,    75.7,    93.7,    54.9,    81.1,    72.7,    89.2,     0.0,     0.0,     0.0,     0.0,     0.0,     0.0,     0.0,     0.0,"(1 MW per Hour for about 386 Hours)","0643BR","IFED","064 "
"PJM NI HUB RT OFF-PK FIXED - ICE FUTURES ENERGY DIV",260922,2026-09-22,0643BS,IFED,01,064 ,   84005,   55430,       0,    4277,   23536,   79008,   83243,   83285,     762,     720,   84005,   55430,       0,    4277,   23536,   79008,   83243,   83285,     762,     720,       0,       0,       0,       0,       0,       0,       0,       0,       0,       0,     200,    -215,       0,      55,     361,     145,     201,     200,      -1,       0,  100.0,   66.0,    0.0,    5.1,   28.0,   94.1,   99.1,   99.1,    0.9,    0.9,  100.0,   66.0,    0.0,    5.1,   28.0,   94.1,   99.1,   99.1,    0.9,    0.9,    0.0,    0.0,    0.0,    0.0,    0.0,    0.0,    0.0,    0.0,    0.0,    0.0,     34,      6,      0,      3,     22,     22,     29,     25,     34,      6,      0,      3,     22,     22,     29,     25,      0,      0,      0,      0,      0,      0,      0,      0,    76.0,    74.4,    88.0,    84.2,    71.3,    73.6,    80.3,    79.7,    76.0,    74.4,    88.0,    84.2,    71.3,    73.6,    80.3,    79.7,     0.0,     0.0,     0.0,     0.0,     0.0,     0.0,     0.0,     0.0,"(1 MW per Hour for about 386 Hours)","0643BS","IFED","064 "
"PJM N. IL HUB RT PEAK - ICE FUTURES ENERGY DIV",260922,2026-09-22,0643BT,IFED,01,064 ,   67882,   26090,       0,     978,   40168,   66678,   67236,   67656,     646,     226,   67882,   26090,       0,     978,   40168,   66678,   67236,   67656,     646,     226,       0,       0,       0,       0,       0,       0,       0,       0,       0,       0,    2945,    2014,       0,     139,     991,    2821,    3144,    2960,    -199,     -15,  100.0,   38.4,    0.0,    1.4,   59.2,   98.2,   99.0,   99.7,    1.0,    0.3,  100.0,   38.4,    0.0,    1.4,   59.2,   98.2,   99.0,   99.7,    1.0,    0.3,    0.0,    0.0,    0.0,    0.0,    0.0,    0.0,    0.0,    0.0,    0.0,    0.0,     35,      7,      0,      3,     26,     24,     33,     27,     35,      7,      0,      3,     26,     24,     33,     27,      0,      0,      0,      0,      0,      0,      0,      0,    63.9,    70.3,    80.1,    86.0,    57.7,    69.0,    72.0,    75.8,    63.9,    70.3,    80.1,    86.0,    57.7,    69.0,    72.0,    75.8,     0.0,     0.0,     0.0,     0.0,     0.0,     0.0,     0.0,     0.0,"(Contracts of 800 MWh)","0643BT","IFED","064 "
"NYISO ZONE J DA PEAK - ICE FUTURES ENERGY DIV",260922,2026-09-22,0643BW,IFED,01,064 ,   11166,    3142,    2611,      60,    7645,    8371,   10847,   11042,     319,     124,   11166,    3142,    2611,      60,    7645,    8371,   10847,   11042,     319,     124,       0,       0,       0,       0,       0,       0,       0,       0,       0,       0,     960,     415,     975,      15,     600,      10,    1030,    1000,     -70,     -40,  100.0,   28.1,   23.4,    0.5,   68.5,   75.0,   97.1,   98.9,    2.9,    1.1,  100.0,   28.1,   23.4,    0.5,   68.5,   75.0,   97.1,   98.9,    2.9,    1.1,    0.0,    0.0,    0.0,    0.0,    0.0,    0.0,    0.0,    0.0,    0.0,    0.0,     25,      4,      2,      2,     15,     12,     20,     15,     25,      4,      2,      2,     15,     12,     20,     15,      0,      0,      0,      0,      0,      0,      0,      0,    52.6,    66.9,    73.5,    87.4,    51.2,    64.2,    69.8,    81.4,    52.6,    66.9,    73.5,    87.4,    51.2,    64.2,    69.8,    81.4,     0.0,     0.0,     0.0,     0.0,     0.0,     0.0,     0.0,     0.0,"(Contracts of 800MWh)","0643BW","IFED","064 "
"NYISO ZONE J DA OFF-PK FIXED - ICE FUTURES ENERGY DIV",260922,2026-09-22,0643BX,IFED,01,064 ,    9591,    2960,    2245,      25,    6139,    7201,    9124,    9471,     467,     120,    9591,    2960,    2245,      25,    6139,    7201,    9124,    9471,     467,     120,       0,       0,       0,       0,       0,       0,       0,       0,       0,       0,     965,     435,     975,      10,     600,      10,    1045,     995,     -80,     -30,  100.0,   30.9,   23.4,    0.3,   64.0,   75.1,   95.1,   98.7,    4.9,    1.3,  100.0,   30.9,   23.4,    0.3,   64.0,   75.1,   95.1,   98.7,    4.9,    1.3,    0.0,    0.0,    0.0,    0.0,    0.0,    0.0,    0.0,    0.0,    0.0,    0.0,     22,      4,      1,      2,     13,     12,     17,     15,     22,      4,      1,      2,     13,     12,     17,     15,      0,      0,      0,      0,      0,      0,      0,      0,    55.5,    67.6,    76.0,    87.9,    55.5,    64.5,    73.5,    83.3,    55.5,    67.6,    76.0,    87.9,    55.5,    64.5,    73.5,    83.3,     0.0,     0.0,     0.0,     0.0,     0.0,     0.0,     0.0,     0.0,"(1 MW for about 368 Hours)","0643BX","IFED","064 "
"NYISO ZONE A DA PEAK - ICE FUTURES ENERGY DIV",260922,2026-09-22,0643BY,IFED,01,064 ,   33413,     478,    2542,     639,   31414,   29370,   32531,   32551,     882,     862,   33413,     478,    2542,     639,   31414,   29370,   32531,   32551,     882,     862,       0,       0,       0,       0,       0,       0,       0,       0,       0,       0,     337,      20,     521,    -199,     474,       0,     295,     322,      42,      15,  100.0,    1.4,    7.6,    1.9,   94.0,   87.9,   97.4,   97.4,    2.6,    2.6,  100.0,    1.4,    7.6,    1.9,   94.0,   87.9,   97.4,   97.4,    2.6,    2.6,    0.0,    0.0,    0.0,    0.0,    0.0,    0.0,    0.0,    0.0,    0.0,    0.0,     35,      3,      5,      4,     23,     21,     30,     26,     35,      3,      5,      4,     23,     21,     30,     26,      0,      0,      0,      0,      0,      0,      0,      0,    68.5,    65.4,    82.3,    81.2,    66.9,    59.0,    74.6,    72.3,    68.5,    65.4,    82.3,    81.2,    66.9,    59.0,    74.6,    72.3,     0.0,     0.0,     0.0,     0.0,     0.0,     0.0,     0.0,     0.0,"(Contracts of 800MWh)","0643BY","IFED","064 "
"NYISO ZONE A DA OFF-PK FIX PR - ICE FUTURES ENERGY DIV",260922,2026-09-22,0643BZ,IFED,01,064 ,   33570,    1243,     992,     924,   30497,   31301,   32664,   33217,     906,     353,   33570,    1243,     992,     924,   30497,   31301,   32664,   33217,     906,     353,       0,       0,       0,       0,       0,       0,       0,       0,       0,       0,      33,    -506,     -72,     -85,     513,     125,     -78,     -32,     111,      65,  100.0,    3.7,    3.0,    2.8,   90.8,   93.2,   97.3,   98.9,    2.7,    1.1,  100.0,    3.7,    3.0,    2.8,   90.8,   93.2,   97.3,   98.9,    2.7,    1.1,    0.0,    0.0,    0.0,    0.0,    0.0,    0.0,    0.0,    0.0,    0.0,    0.0,     35,      3,      4,      3,     22,     19,     27,     24,     35,      3,      4,      3,     22,     19,     27,     24,      0,      0,      0,      0,      0,      0,      0,      0,    66.4,    68.8,    78.6,    82.9,    61.4,    66.4,    69.5,    72.2,    66.4,    68.8,    78.6,    82.9,    61.4,    66.4,    69.5,    72.2,     0.0,     0.0,     0.0,     0.0,     0.0,     0.0,     0.0,     0.0,"(1MW for about 368 Hours)","0643BZ","IFED","064 "
"NYISO ZONE G DA PEAK - ICE FUTURES ENERGY DIV",260922,2026-09-22,0643C3,IFED,01,064 ,   26110,     617,    5045,    2312,   22503,   18602,   25432,   25959,     678,     151,   26110,     617,    5045,    2312,   22503,   18602,   25432,   25959,     678,     151,       0,       0,       0,       0,       0,       0,       0,       0,       0,       0,    2109,    -170,      86,    1118,    1155,     905,    2103,    2109,       6,       0,  100.0,    2.4,   19.3,    8.9,   86.2,   71.2,   97.4,   99.4,    2.6,    0.6,  100.0,    2.4,   19.3,    8.9,   86.2,   71.2,   97.4,   99.4,    2.6,    0.6,    0.0,    0.0,    0.0,    0.0,    0.0,    0.0,    0.0,    0.0,    0.0,    0.0,     46,      6,     10,      8,     26,     24,     36,     38,     46,      6,     10,      8,     26,     24,     36,     38,      0,      0,      0,      0,      0,      0,      0,      0,    43.8,    49.1,    64.0,    67.4,    41.4,    40.4,    55.6,    56.6,    43.8,    49.1,    64.0,    67.4,    41.4,    40.4,    55.6,    56.6,     0.0,     0.0,     0.0,     0.0,     0.0,     0.0,     0.0,     0.0,"(Contracts of 800MWh)","0643C3","IFED","064 "
"NYISO ZONE G DA OFF-PK - ICE FUTURES ENERGY DIV",260922,2026-09-22,0643C4,IFED,01,064 ,   23010,     120,    4524,    1563,   20505,   16402,   22188,   22489,     822,     521,   23010,     120,    4524,    1563,   20505,   16402,   22188,   22489,     822,     521,       0,       0,       0,       0,       0,       0,       0,       0,       0,       0,    1839,       0,      95,     665,    1104,    1067,    1769,    1827,      70,      12,  100.0,    0.5,   19.7,    6.8,   89.1,   71.3,   96.4,   97.7,    3.6,    2.3,  100.0,    0.5,   19.7,    6.8,   89.1,   71.3,   96.4,   97.7,    3.6,    2.3,    0.0,    0.0,    0.0,    0.0,    0.0,    0.0,    0.0,    0.0,    0.0,    0.0,     37,      1,      9,      3,     23,     22,     27,     31,     37,      1,      9,      3,     23,     22,     27,     31,      0,      0,      0,      0,      0,      0,      0,      0,    43.5,    49.7,    64.1,    66.9,    41.0,    40.2,    56.7,    53.6,    43.5,    49.7,    64.1,    66.9,    41.0,    40.2,    56.7,    53.6,     0.0,     0.0,     0.0,     0.0,     0.0,     0.0,     0.0,     0.0,"(1MW for about 368 Hours)","0643C4","IFED","064 "
"PALO VERDE DA PEAK - ICE FUTURES ENERGY DIV",260922,2026-09-22,0643CB,IFED,01,064 ,   23133,     940,     212,    1259,   20837,   21589,   23036,   23060,      97,      73,   23133,     940,     212,    1259,   20837,   21589,   23036,   23060,      97,      73,       0,       0,       0,       0,       0,       0,       0,       0,       0,       0,     154,       0,     -15,      90,      64,      64,     154,     139,       0,      15,  100.0,    4.1,    0.9,    5.4,   90.1,   93.3,   99.6,   99.7,    0.4,    0.3,  100.0,    4.1,    0.9,    5.4,   90.1,   93.3,   99.6,   99.7,    0.4,    0.3,    0.0,    0.0,    0.0,    0.0,    0.0,    0.0,    0.0,    0.0,    0.0,    0.0,     39,      5,      4,      4,     24,     21,     31,     27,     39,      5,      4,      4,     24,     21,     31,     27,      0,      0,      0,      0,      0,      0,      0,      0,    52.3,    63.0,    71.2,    79.7,    39.4,    48.2,    52.4,    59.3,    52.3,    63.0,    71.2,    79.7,    39.4,    48.2,    52.4,    59.3,     0.0,     0.0,     0.0,     0.0,     0.0,     0.0,     0.0,     0.0,"(Contracts of 400MWh)","0643CB","IFED","064 "
"PALO VERDE DA OFF-PK FiXED PR - ICE FUTURES ENERGY DIV",260922,2026-09-22,0643CC,IFED,01,064 ,   18478,    4216,     487,    1274,   12879,   16480,   18369,   18241,     109,     237,   18478,    4216,     487,    1274,   12879,   16480,   18369,   18241,     109,     237,       0,       0,       0,       0,       0,       0,       0,       0,       0,       0,      -1,     -90,       0,     -51,     140,      50,      -1,      -1,       0,       0,  100.0,   22.8,    2.6,    6.9,   69.7,   89.2,   99.4,   98.7,    0.6,    1.3,  100.0,   22.8,    2.6,    6.9,   69.7,   89.2,   99.4,   98.7,    0.6,    1.3,    0.0,    0.0,    0.0,    0.0,    0.0,    0.0,    0.0,    0.0,    0.0,    0.0,     35,      3,      4,      4,     20,     23,     25,     29,     35,      3,      4,      4,     20,     23,     25,     29,      0,      0,      0,      0,      0,      0,      0,      0,    64.2,    55.1,    82.3,    70.3,    58.6,    51.5,    72.6,    64.4,    64.2,    55.1,    82.3,    70.3,    58.6,    51.5,    72.6,    64.4,     0.0,     0.0,     0.0,     0.0,     0.0,     0.0,     0.0,     0.0,"(1 MW for about 368 Hours)","0643CC","IFED","064 "
"PJM WESTERN HUB DA OFF-PK - ICE FUTURES ENERGY DIV",260922,2026-09-22,0643DB,IFED,01,064 ,  118080,   18110,    5534,    2601,   96678,  109075,  117389,  117210,     691,     870,  118080,   18110,    5534,    2601,   96678,  109075,  117389,  117210,     691,     870,       0,       0,       0,       0,       0,       0,       0,       0,       0,       0,     823,     424,      17,     -67,     440,     826,     797,     776,      26,      47,  100.0,   15.3,    4.7,    2.2,   81.9,   92.4,   99.4,   99.3,    0.6,    0.7,  100.0,   15.3,    4.7,    2.2,   81.9,   92.4,   99.4,   99.3,    0.6,    0.7,    0.0,    0.0,    0.0,    0.0,    0.0,    0.0,    0.0,    0.0,    0.0,    0.0,     67,     12,     10,      4,     42,     34,     56,     46,     67,     12,     10,      4,     42,     34,     56,     46,      0,      0,      0,      0,      0,      0,      0,      0,    42.4,    65.6,    60.7,    80.5,    37.4,    65.0,    55.5,    72.8,    42.4,    65.6,    60.7,    80.5,    37.4,    65.0,    55.5,    72.8,     0.0,     0.0,     0.0,     0.0,     0.0,     0.0,     0.0,     0.0,"(1 MW per off-peak hour)","0643DB","IFED","064 "
"PJM WESTERN HUB DA PEAK - ICE FUTURES ENERGY DIV",260922,2026-09-22,0643DC,IFED,01,064 ,  126677,   21881,    9027,    3198,  101240,  113916,  126319,  126141,     358,     536,  126677,   21881,    9027,    3198,  101240,  113916,  126319,  126141,     358,     536,       0,       0,       0,       0,       0,       0,       0,       0,       0,       0,    1879,    1101,     728,    -156,     978,    1457,    1923,    2029,     -44,    -150,  100.0,   17.3,    7.1,    2.5,   79.9,   89.9,   99.7,   99.6,    0.3,    0.4,  100.0,   17.3,    7.1,    2.5,   79.9,   89.9,   99.7,   99.6,    0.3,    0.4,    0.0,    0.0,    0.0,    0.0,    0.0,    0.0,    0.0,    0.0,    0.0,    0.0,     83,     22,     10,      6,     43,     37,     66,     52,     83,     22,     10,      6,     43,     37,     66,     52,      0,      0,      0,      0,      0,      0,      0,      0,    39.4,    64.8,    58.3,    78.0,    36.3,    63.7,    54.7,    73.0,    39.4,    64.8,    58.3,    78.0,    36.3,    63.7,    54.7,    73.0,     0.0,     0.0,     0.0,     0.0,     0.0,     0.0,     0.0,     0.0,"(Contracts of about 352 MWh)","0643DC","IFED","064 "
"PJM WESTERN HUB RT PEAK MINI - ICE FUTURES ENERGY DIV",260922,2026-09-22,0643DF,IFED,01,064 ,  388747,   89764,  101382,   65572,  232226,  220612,  387562,  387566,    1185,    1181,  388747,   89764,  101382,   65572,  232226,  220612,  387562,  387566,    1185,    1181,       0,       0,       0,       0,       0,       0,       0,       0,       0,       0,    6943,     604,    8176,   -1399,    8052,     329,    7257,    7106,    -314,    -163,  100.0,   23.1,   26.1,   16.9,   59.7,   56.7,   99.7,   99.7,    0.3,    0.3,  100.0,   23.1,   26.1,   16.9,   59.7,   56.7,   99.7,   99.7,    0.3,    0.3,    0.0,    0.0,    0.0,    0.0,    0.0,    0.0,    0.0,    0.0,    0.0,    0.0,    130,     49,     23,     40,     52,     50,    120,     94,    130,     49,     23,     40,     52,     50,    120,     94,      0,      0,      0,      0,      0,      0,      0,      0,    21.3,    34.9,    35.9,    51.8,    19.2,    30.2,    29.9,    42.7,    21.3,    34.9,    35.9,    51.8,    19.2,    30.2,    29.9,    42.7,     0.0,     0.0,     0.0,     0.0,     0.0,     0.0,     0.0,     0.0,"(1 MW per peak hour)","0643DF","IFED","064 "
"MISO ARKANSAS DA PEAK FIXED - ICE FUTURES ENERGY DIV",260922,2026-09-22,0643F9,IFED,01,064 ,    6964,     300,     160,      50,    6586,    6754,    6936,    6964,      28,       0,    6964,     300,     160,      50,    6586,    6754,    6936,    6964,      28,       0,       0,       0,       0,       0,       0,       0,       0,       0,       0,       0,      20,       0,       0,       0,      20,      20,      20,      20,       0,       0,  100.0,    4.3,    2.3,    0.7,   94.6,   97.0,   99.6,  100.0,    0.4,    0.0,  100.0,    4.3,    2.3,    0.7,   94.6,   97.0,   99.6,  100.0,    0.4,    0.0,    0.0,    0.0,    0.0,    0.0,    0.0,    0.0,    0.0,    0.0,    0.0,    0.0,     20,      2,      2,      1,     12,     11,     14,     14,     20,      2,      2,      1,     12,     11,     14,     14,      0,      0,      0,      0,      0,      0,      0,      0,    76.6,    86.5,    91.1,    95.4,    71.5,    78.0,    80.3,    82.6,    76.6,    86.5,    91.1,    95.4,    71.5,    78.0,    80.3,    82.6,     0.0,     0.0,     0.0,     0.0,     0.0,     0.0,     0.0,     0.0,"1 MW","0643F9","IFED","064 "
"CAISO SP-15 PEAK 0900-1600 HE - ICE FUTURES ENERGY DIV",260922,2026-09-22,0643HS,IFED,01,064 ,   21106,    4232,     150,     870,   15994,   19996,   21096,   21016,      10,      90,   21106,    4232,     150,     870,   15994,   19996,   21096,   21016,      10,      90,       0,       0,       0,       0,       0,       0,       0,       0,       0,       0,.,.,.,.,.,.,.,.,.,.,  100.0,   20.1,    0.7,    4.1,   75.8,   94.7,  100.0,   99.6,    0.0,    0.4,  100.0,   20.1,    0.7,    4.1,   75.8,   94.7,  100.0,   99.6,    0.0,    0.4,    0.0,    0.0,    0.0,    0.0,    0.0,    0.0,    0.0,    0.0,    0.0,    0.0,     20,      3,      1,      2,     12,      9,     15,     12,     20,      3,      1,      2,     12,      9,     15,     12,      0,      0,      0,      0,      0,      0,      0,      0,    62.8,    89.0,    94.3,    97.6,    62.3,    88.8,    89.7,    93.7,    62.8,    89.0,    94.3,    97.6,    62.3,    88.8,    89.7,    93.7,     0.0,     0.0,     0.0,     0.0,     0.0,     0.0,     0.0,     0.0,"368 MWh","0643HS","IFED","064 "
"PJM WEST HUB REAL TIME PK MINI - ICE FUTURES ENERGY DIV",260922,2026-09-22,0643IA,IFED,01,064 ,    2865,     985,    1310,     437,    1050,     875,    2472,    2622,     393,     243,    2865,     985,    1310,     437,    1050,     875,    2472,    2622,     393,     243,       0,       0,       0,       0,       0,       0,       0,       0,       0,       0,   -1230,   -1171,    -270,    -343,     440,    -505,   -1074,   -1118,    -156,    -112,  100.0,   34.4,   45.7,   15.3,   36.6,   30.5,   86.3,   91.5,   13.7,    8.5,  100.0,   34.4,   45.7,   15.3,   36.6,   30.5,   86.3,   91.5,   13.7,    8.5,    0.0,    0.0,    0.0,    0.0,    0.0,    0.0,    0.0,    0.0,    0.0,    0.0,     28,      5,      7,      5,     11,      9,     19,     18,     28,      5,      7,      5,     11,      9,     19,     18,      0,      0,      0,      0,      0,      0,      0,      0,    50.5,    39.1,    70.6,    64.2,    39.8,    32.1,    59.5,    54.5,    50.5,    39.1,    70.6,    64.2,    39.8,    32.1,    59.5,    54.5,     0.0,     0.0,     0.0,     0.0,     0.0,     0.0,     0.0,     0.0,"16 MWh","0643IA","IFED","064 "
"ERCOT N 345KV REAL T PK DALY M - ICE FUTURES ENERGY DIV",260922,2026-09-22,0643IB,IFED,01,064 ,   11810,    2656,    4670,    1601,    6875,    5185,   11132,   11456,     678,     354,   11810,    2656,    4670,    1601,    6875,    5185,   11132,   11456,     678,     354,       0,       0,       0,       0,       0,       0,       0,       0,       0,       0,    -813,    -459,     875,    -287,     -50,    -865,    -796,    -277,     -17,    -536,  100.0,   22.5,   39.5,   13.6,   58.2,   43.9,   94.3,   97.0,    5.7,    3.0,  100.0,   22.5,   39.5,   13.6,   58.2,   43.9,   94.3,   97.0,    5.7,    3.0,    0.0,    0.0,    0.0,    0.0,    0.0,    0.0,    0.0,    0.0,    0.0,    0.0,     62,      9,     18,     15,     28,     26,     47,     49,     62,      9,     18,     15,     28,     26,     47,     49,      0,      0,      0,      0,      0,      0,      0,      0,    34.7,    35.1,    53.2,    54.2,    34.0,    34.7,    49.7,    51.0,    34.7,    35.1,    53.2,    54.2,    34.0,    34.7,    49.7,    51.0,     0.0,     0.0,     0.0,     0.0,     0.0,     0.0,     0.0,     0.0,"(240 MW = 15 Hours X 16 MWh)","0643IB","IFED","064 "
"ERCOT N 345KV REAL T PK 2x16 - ICE FUTURES ENERGY DIV",260922,2026-09-22,0643ID,IFED,01,064 ,  134663,   18884,   11738,    2188,  113059,  120565,  134131,  134491,     532,     172,  134663,   18884,   11738,    2188,  113059,  120565,  134131,  134491,     532,     172,       0,       0,       0,       0,       0,       0,       0,       0,       0,       0,    1822,     160,     123,      40,    1526,    1938,    1726,    2101,      96,    -279,  100.0,   14.0,    8.7,    1.6,   84.0,   89.5,   99.6,   99.9,    0.4,    0.1,  100.0,   14.0,    8.7,    1.6,   84.0,   89.5,   99.6,   99.9,    0.4,    0.1,    0.0,    0.0,    0.0,    0.0,    0.0,    0.0,    0.0,    0.0,    0.0,    0.0,     67,     12,      9,     14,     39,     35,     57,     53,     67,     12,      9,     14,     39,     35,     57,     53,      0,      0,      0,      0,      0,      0,      0,      0,    44.0,    36.9,    64.4,    61.6,    38.0,    28.2,    54.5,    45.7,    44.0,    36.9,    64.4,    61.6,    38.0,    28.2,    54.5,    45.7,     0.0,     0.0,     0.0,     0.0,     0.0,     0.0,     0.0,     0.0,"(1MW for about 352 Hours)","0643ID","IFED","064 "
"ERCOT North 345KV Hub RT 7x8 - ICE FUTURES ENERGY DIV",260922,2026-09-22,0643IK,IFED,01,064 ,  270571,  139427,    4676,   15092,  114986,  250497,  269505,  270265,    1066,     306,  270571,  139427,    4676,   15092,  114986,  250497,  269505,  270265,    1066,     306,       0,       0,       0,       0,       0,       0,       0,       0,       0,       0,    5675,    4797,     102,    -292,     969,    5842,    5474,    5652,     201,      23,  100.0,   51.5,    1.7,    5.6,   42.5,   92.6,   99.6,   99.9,    0.4,    0.1,  100.0,   51.5,    1.7,    5.6,   42.5,   92.6,   99.6,   99.9,    0.4,    0.1,    0.0,    0.0,    0.0,    0.0,    0.0,    0.0,    0.0,    0.0,    0.0,    0.0,     66,     17,      8,     17,     31,     35,     54,     54,     66,     17,      8,     17,     31,     35,     54,     54,      0,      0,      0,      0,      0,      0,      0,      0,    58.5,    50.7,    71.2,    70.5,    52.9,    48.6,    60.9,    63.1,    58.5,    50.7,    71.2,    70.5,    52.9,    48.6,    60.9,    63.1,     0.0,     0.0,     0.0,     0.0,     0.0,     0.0,     0.0,     0.0,"(1MW for about 352 Hours)","0643IK","IFED","064 "
"ERCOT Houston 345KV Hub RT 7x8 - ICE FUTURES ENERGY DIV",260922,2026-09-22,0643IL,IFED,01,064 ,   14695,     100,       0,       0,   14595,   14575,   14695,   14575,       0,     120,   14695,     100,       0,       0,   14595,   14575,   14695,   14575,       0,     120,       0,       0,       0,       0,       0,       0,       0,       0,       0,       0,       0,       0,       0,       0,       0,       0,       0,       0,       0,       0,  100.0,    0.7,    0.0,    0.0,   99.3,   99.2,  100.0,   99.2,    0.0,    0.8,  100.0,    0.7,    0.0,    0.0,   99.3,   99.2,  100.0,   99.2,    0.0,    0.8,    0.0,    0.0,    0.0,    0.0,    0.0,    0.0,    0.0,    0.0,    0.0,    0.0,     21,      1,      0,      0,     13,     10,     14,     10,     21,      1,      0,      0,     13,     10,     14,     10,      0,      0,      0,      0,      0,      0,      0,      0,    81.0,    57.7,    95.8,    92.2,    76.9,    57.7,    91.7,    91.8,    81.0,    57.7,    95.8,    92.2,    76.9,    57.7,    91.7,    91.8,     0.0,     0.0,     0.0,     0.0,     0.0,     0.0,     0.0,     0.0,"(1MW for about 352 Hours)","0643IL","IFED","064 "
"ISONE.H.INTERNAL_HUB_mo_on_dap - NODAL EXCHANGE",260922,2026-09-22,064AAA,NODX,01,064 ,   81645,   13243,    2285,     335,   57053,   67923,   70631,   70543,   11014,   11102,   81645,   13243,    2285,     335,   57053,   67923,   70631,   70543,   11014,   11102,       0,       0,       0,       0,       0,       0,       0,       0,       0,       0,    1533,     650,     360,     -50,     633,     923,    1233,    1233,     300,     300,  100.0,   16.2,    2.8,    0.4,   69.9,   83.2,   86.5,   86.4,   13.5,   13.6,  100.0,   16.2,    2.8,    0.4,   69.9,   83.2,   86.5,   86.4,   13.5,   13.6,    0.0,    0.0,    0.0,    0.0,    0.0,    0.0,    0.0,    0.0,    0.0,    0.0,     32,      3,      3,      2,     21,     23,     26,     26,     32,      3,      3,      2,     21,     23,     26,     26,      0,      0,      0,      0,      0,      0,      0,      0,    66.5,    48.7,    78.4,    64.9,    65.0,    42.8,    71.5,    56.3,    66.5,    48.7,    78.4,    64.9,    65.0,    42.8,    71.5,    56.3,     0.0,     0.0,     0.0,     0.0,     0.0,     0.0,     0.0,     0.0,"(Contracts of 400 MWh)","064AAA","NODX","064 "
"ISONE.H.INTERNAL_HB_mo_off_dap - NODAL EXCHANGE",260922,2026-09-22,064AAB,NODX,01,064 ,   76756,   12991,    2898,     290,   53990,   63786,   67271,   66974,    9485,    9782,   76756,   12991,    2898,     290,   53990,   63786,   67271,   66974,    9485,    9782,       0,       0,       0,       0,       0,       0,       0,       0,       0,       0,    1445,     705,     360,       0,     538,     883,    1243,    1243,     202,     202,  100.0,   16.9,    3.8,    0.4,   70.3,   83.1,   87.6,   87.3,   12.4,   12.7,  100.0,   16.9,    3.8,    0.4,   70.3,   83.1,   87.6,   87.3,   12.4,   12.7,    0.0,    0.0,    0.0,    0.0,    0.0,    0.0,    0.0,    0.0,    0.0,    0.0,     32,      3,      3,      2,     21,     23,     26,     26,     32,      3,      3,      2,     21,     23,     26,     26,      0,      0,      0,      0,      0,      0,      0,      0,    65.9,    46.3,    78.7,    62.8,    63.8,    43.0,    71.7,    54.5,    65.9,    46.3,    78.7,    62.8,    63.8,    43.0,    71.7,    54.5,     0.0,     0.0,     0.0,     0.0,     0.0,     0.0,     0.0,     0.0,"(Contracts of 400 MWh)","064AAB","NODX","064 "
"MISO.INDIANA.HUB_month_on_dap - NODAL EXCHANGE",260922,2026-09-22,064BFI,NODX,01,064 ,   20859,     100,    1078,    1135,   16614,   15559,   17849,   17772,    3010,    3087,   20859,     100,    1078,    1135,   16614,   15559,   17849,   17772,    3010,    3087,       0,       0,       0,       0,       0,       0,       0,       0,       0,       0,     507,       0,    -100,     100,     407,     507,     507,     507,       0,       0,  100.0,    0.5,    5.2,    5.4,   79.6,   74.6,   85.6,   85.2,   14.4,   14.8,  100.0,    0.5,    5.2,    5.4,   79.6,   74.6,   85.6,   85.2,   14.4,   14.8,    0.0,    0.0,    0.0,    0.0,    0.0,    0.0,    0.0,    0.0,    0.0,    0.0,     25,      1,      2,      2,     14,     20,     17,     22,     25,      1,      2,      2,     14,     20,     17,     22,      0,      0,      0,      0,      0,      0,      0,      0,    51.4,    57.7,    73.5,    72.5,    48.4,    49.1,    60.5,    58.8,    51.4,    57.7,    73.5,    72.5,    48.4,    49.1,    60.5,    58.8,     0.0,     0.0,     0.0,     0.0,     0.0,     0.0,     0.0,     0.0,"Megawatt Hours (MWh)","064BFI","NODX","064 "
"MISO.INDIANA.HUB_month_off_dap - NODAL EXCHANGE",260922,2026-09-22,064BFJ,NODX,01,064 ,   21387,     100,    1279,    1275,   17107,   15971,   18482,   18525,    2905,    2862,   21387,     100,    1279,    1275,   17107,   15971,   18482,   18525,    2905,    2862,       0,       0,       0,       0,       0,       0,       0,       0,       0,       0,     407,       0,       0,       0,     407,     407,     407,     407,       0,       0,  100.0,    0.5,    6.0,    6.0,   80.0,   74.7,   86.4,   86.6,   13.6,   13.4,  100.0,    0.5,    6.0,    6.0,   80.0,   74.7,   86.4,   86.6,   13.6,   13.4,    0.0,    0.0,    0.0,    0.0,    0.0,    0.0,    0.0,    0.0,    0.0,    0.0,     26,      1,      2,      2,     15,     20,     18,     22,     26,      1,      2,      2,     15,     20,     18,     22,      0,      0,      0,      0,      0,      0,      0,      0,    53.2,    55.9,    73.1,    71.6,    49.8,    47.7,    57.6,    57.2,    53.2,    55.9,    73.1,    71.6,    49.8,    47.7,    57.6,    57.2,     0.0,     0.0,     0.0,     0.0,     0.0,     0.0,     0.0,     0.0,"Megawatt Hours (MWh)","064BFJ","NODX","064 "
"NYISO.CENTRL_month_on_dap - NODAL EXCHANGE",260922,2026-09-22,064CTQ,NODX,01,064 ,   35213,   11507,      20,     100,   22133,   34408,   33740,   34528,    1473,     685,   35213,   11507,      20,     100,   22133,   34408,   33740,   34528,    1473,     685,       0,       0,       0,       0,       0,       0,       0,       0,       0,       0,      30,     -65,       0,       0,     -35,      30,    -100,      30,     130,       0,  100.0,   32.7,    0.1,    0.3,   62.9,   97.7,   95.8,   98.1,    4.2,    1.9,  100.0,   32.7,    0.1,    0.3,   62.9,   97.7,   95.8,   98.1,    4.2,    1.9,    0.0,    0.0,    0.0,    0.0,    0.0,    0.0,    0.0,    0.0,    0.0,    0.0,     23,      3,      1,      1,     16,      9,     20,     10,     23,      3,      1,      1,     16,      9,     20,     10,      0,      0,      0,      0,      0,      0,      0,      0,    68.4,    96.6,    82.3,    98.0,    67.9,    95.3,    81.7,    95.4,    68.4,    96.6,    82.3,    98.0,    67.9,    95.3,    81.7,    95.4,     0.0,     0.0,     0.0,     0.0,     0.0,     0.0,     0.0,     0.0,"Megawatt Hours (MWh)","064CTQ","NODX","064 "
"NYISO.CENTRL_month_off_dap - NODAL EXCHANGE",260922,2026-09-22,064CTR,NODX,01,064 ,   32434,   10225,      20,     100,   20619,   31849,   30944,   31969,    1490,     465,   32434,   10225,      20,     100,   20619,   31849,   30944,   31969,    1490,     465,       0,       0,       0,       0,       0,       0,       0,       0,       0,       0,      30,     -65,       0,       0,     -35,      30,    -100,      30,     130,       0,  100.0,   31.5,    0.1,    0.3,   63.6,   98.2,   95.4,   98.6,    4.6,    1.4,  100.0,   31.5,    0.1,    0.3,   63.6,   98.2,   95.4,   98.6,    4.6,    1.4,    0.0,    0.0,    0.0,    0.0,    0.0,    0.0,    0.0,    0.0,    0.0,    0.0,     23,      3,      1,      1,     17,      8,     21,      9,     23,      3,      1,      1,     17,      8,     21,      9,      0,      0,      0,      0,      0,      0,      0,      0,    69.1,    97.1,    84.3,    98.5,    68.6,    96.5,    83.8,    96.5,    69.1,    97.1,    84.3,    98.5,    68.6,    96.5,    83.8,    96.5,     0.0,     0.0,     0.0,     0.0,     0.0,     0.0,     0.0,     0.0,"Megawatt Hours (MWh)","064CTR","NODX","064 "
"NYISO.HUD VL_month_on_dap - NODAL EXCHANGE",260922,2026-09-22,064CXO,NODX,01,064 ,   38779,    1040,    6291,    1150,   30376,   25210,   32566,   32651,    6213,    6128,   38779,    1040,    6291,    1150,   30376,   25210,   32566,   32651,    6213,    6128,       0,       0,       0,       0,       0,       0,       0,       0,       0,       0,    1689,       0,     180,    -120,    1630,    1510,    1510,    1570,     179,     119,  100.0,    2.7,   16.2,    3.0,   78.3,   65.0,   84.0,   84.2,   16.0,   15.8,  100.0,    2.7,   16.2,    3.0,   78.3,   65.0,   84.0,   84.2,   16.0,   15.8,    0.0,    0.0,    0.0,    0.0,    0.0,    0.0,    0.0,    0.0,    0.0,    0.0,     32,      2,      5,      3,     23,     18,     28,     23,     32,      2,      5,      3,     23,     18,     28,     23,      0,      0,      0,      0,      0,      0,      0,      0,    35.8,    42.2,    55.3,    60.8,    34.4,    38.5,    50.7,    53.6,    35.8,    42.2,    55.3,    60.8,    34.4,    38.5,    50.7,    53.6,     0.0,     0.0,     0.0,     0.0,     0.0,     0.0,     0.0,     0.0,"Megawatt Hours (MWh)","064CXO","NODX","064 "
"NYISO.HUD VL_month_off_dap - NODAL EXCHANGE",260922,2026-09-22,064CXP,NODX,01,064 ,   37750,    1200,    6270,    1319,   29349,   24424,   31868,   32013,    5882,    5737,   37750,    1200,    6270,    1319,   29349,   24424,   31868,   32013,    5882,    5737,       0,       0,       0,       0,       0,       0,       0,       0,       0,       0,    1605,       0,     240,    -120,    1550,    1370,    1430,    1490,     175,     115,  100.0,    3.2,   16.6,    3.5,   77.7,   64.7,   84.4,   84.8,   15.6,   15.2,  100.0,    3.2,   16.6,    3.5,   77.7,   64.7,   84.4,   84.8,   15.6,   15.2,    0.0,    0.0,    0.0,    0.0,    0.0,    0.0,    0.0,    0.0,    0.0,    0.0,     32,      3,      4,      2,     23,     20,     27,     25,     32,      3,      4,      2,     23,     20,     27,     25,      0,      0,      0,      0,      0,      0,      0,      0,    34.4,    45.0,    53.6,    64.2,    33.9,    41.1,    49.1,    55.4,    34.4,    45.0,    53.6,    64.2,    33.9,    41.1,    49.1,    55.4,     0.0,     0.0,     0.0,     0.0,     0.0,     0.0,     0.0,     0.0,"Megawatt Hours (MWh)","064CXP","NODX","064 "
"NYISO.N.Y.C._month_on_dap - NODAL EXCHANGE",260922,2026-09-22,064CZS,NODX,01,064 ,   29428,    1346,     600,     204,   24204,   25419,   25754,   26223,    3674,    3205,   29428,    1346,     600,     204,   24204,   25419,   25754,   26223,    3674,    3205,       0,       0,       0,       0,       0,       0,       0,       0,       0,       0,     100,       0,       0,       0,     100,     100,     100,     100,       0,       0,  100.0,    4.6,    2.0,    0.7,   82.2,   86.4,   87.5,   89.1,   12.5,   10.9,  100.0,    4.6,    2.0,    0.7,   82.2,   86.4,   87.5,   89.1,   12.5,   10.9,    0.0,    0.0,    0.0,    0.0,    0.0,    0.0,    0.0,    0.0,    0.0,    0.0,     28,      2,      2,      1,     18,     17,     20,     20,     28,      2,      2,      1,     18,     17,     20,     20,      0,      0,      0,      0,      0,      0,      0,      0,    56.3,    56.3,    73.4,    80.5,    56.3,    56.3,    70.4,    78.2,    56.3,    56.3,    73.4,    80.5,    56.3,    56.3,    70.4,    78.2,     0.0,     0.0,     0.0,     0.0,     0.0,     0.0,     0.0,     0.0,"Megawatt Hours (MWh)","064CZS","NODX","064 "
"NYISO.N.Y.C._month_off_dap - NODAL EXCHANGE",260922,2026-09-22,064CZT,NODX,01,064 ,   29098,    1226,     600,     189,   23836,   25119,   25251,   25908,    3847,    3190,   29098,    1226,     600,     189,   23836,   25119,   25251,   25908,    3847,    3190,       0,       0,       0,       0,       0,       0,       0,       0,       0,       0,     100,       0,       0,       0,     100,     100,     100,     100,       0,       0,  100.0,    4.2,    2.1,    0.6,   81.9,   86.3,   86.8,   89.0,   13.2,   11.0,  100.0,    4.2,    2.1,    0.6,   81.9,   86.3,   86.8,   89.0,   13.2,   11.0,    0.0,    0.0,    0.0,    0.0,    0.0,    0.0,    0.0,    0.0,    0.0,    0.0,     27,      2,      2,      1,     16,     16,     18,     19,     27,      2,      2,      1,     16,     16,     18,     19,      0,      0,      0,      0,      0,      0,      0,      0,    56.2,    55.6,    73.9,    80.8,    56.2,    55.1,    70.3,    78.8,    56.2,    55.6,    73.9,    80.8,    56.2,    55.1,    70.3,    78.8,     0.0,     0.0,     0.0,     0.0,     0.0,     0.0,     0.0,     0.0,"Megawatt Hours (MWh)","064CZT","NODX","064 "
"NYISO.WEST_month_on_dap - NODAL EXCHANGE",260922,2026-09-22,064DEU,NODX,01,064 ,   37381,       0,    4647,     523,   34386,   30173,   34909,   35343,    2472,    2038,   37381,       0,    4647,     523,   34386,   30173,   34909,   35343,    2472,    2038,       0,       0,       0,       0,       0,       0,       0,       0,       0,       0,    1515,       0,     770,      25,    1475,     920,    1500,    1715,      15,    -200,  100.0,    0.0,   12.4,    1.4,   92.0,   80.7,   93.4,   94.5,    6.6,    5.5,  100.0,    0.0,   12.4,    1.4,   92.0,   80.7,   93.4,   94.5,    6.6,    5.5,    0.0,    0.0,    0.0,    0.0,    0.0,    0.0,    0.0,    0.0,    0.0,    0.0,     30,      0,      4,      2,     19,     19,     21,     23,     30,      0,      4,      2,     19,     19,     21,     23,      0,      0,      0,      0,      0,      0,      0,      0,    72.3,    51.3,    82.8,    75.6,    65.6,    46.7,    74.4,    69.2,    72.3,    51.3,    82.8,    75.6,    65.6,    46.7,    74.4,    69.2,     0.0,     0.0,     0.0,     0.0,     0.0,     0.0,     0.0,     0.0,"Megawatt Hours (MWh)","064DEU","NODX","064 "
"NYISO.WEST_month_off_dap - NODAL EXCHANGE",260922,2026-09-22,064DEV,NODX,01,064 ,   37138,       0,    3666,     844,   33665,   30457,   34509,   34967,    2629,    2171,   37138,       0,    3666,     844,   33665,   30457,   34509,   34967,    2629,    2171,       0,       0,       0,       0,       0,       0,       0,       0,       0,       0,    1428,       0,     535,      25,    1407,     877,    1432,    1437,      -4,      -9,  100.0,    0.0,    9.9,    2.3,   90.6,   82.0,   92.9,   94.2,    7.1,    5.8,  100.0,    0.0,    9.9,    2.3,   90.6,   82.0,   92.9,   94.2,    7.1,    5.8,    0.0,    0.0,    0.0,    0.0,    0.0,    0.0,    0.0,    0.0,    0.0,    0.0,     26,      0,      4,      2,     15,     19,     17,     23,     26,      0,      4,      2,     15,     19,     17,     23,      0,      0,      0,      0,      0,      0,      0,      0,    76.4,    51.9,    88.0,    76.4,    71.0,    48.3,    79.5,    70.6,    76.4,    51.9,    88.0,    76.4,    71.0,    48.3,    79.5,    70.6,     0.0,     0.0,     0.0,     0.0,     0.0,     0.0,     0.0,     0.0,"Megawatt Hours (MWh)","064DEV","NODX","064 "
"PJM.AEP_month_on_dap - NODAL EXCHANGE",260922,2026-09-22,064DLQ,NODX,01,064 ,   27848,    1956,    4646,     330,   24127,   21927,   26413,   26903,    1435,     945,   27848,    1956,    4646,     330,   24127,   21927,   26413,   26903,    1435,     945,       0,       0,       0,       0,       0,       0,       0,       0,       0,       0,     472,       0,     120,     -50,     220,     352,     170,     422,     302,      50,  100.0,    7.0,   16.7,    1.2,   86.6,   78.7,   94.8,   96.6,    5.2,    3.4,  100.0,    7.0,   16.7,    1.2,   86.6,   78.7,   94.8,   96.6,    5.2,    3.4,    0.0,    0.0,    0.0,    0.0,    0.0,    0.0,    0.0,    0.0,    0.0,    0.0,     22,      2,      2,      1,     15,      5,     18,      7,     22,      2,      2,      1,     15,      5,     18,      7,      0,      0,      0,      0,      0,      0,      0,      0,    62.4,    93.7,    78.4,    96.6,    62.4,    92.5,    78.4,    93.9,    62.4,    93.7,    78.4,    96.6,    62.4,    92.5,    78.4,    93.9,     0.0,     0.0,     0.0,     0.0,     0.0,     0.0,     0.0,     0.0,"Megawatt Hours (MWh)","064DLQ","NODX","064 "
"PJM.AEP_month_off_dap - NODAL EXCHANGE",260922,2026-09-22,064DLR,NODX,01,064 ,   27788,    1956,    4646,     330,   24087,   21867,   26373,   26843,    1415,     945,   27788,    1956,    4646,     330,   24087,   21867,   26373,   26843,    1415,     945,       0,       0,       0,       0,       0,       0,       0,       0,       0,       0,     447,       0,     120,     -50,     195,     327,     145,     397,     302,      50,  100.0,    7.0,   16.7,    1.2,   86.7,   78.7,   94.9,   96.6,    5.1,    3.4,  100.0,    7.0,   16.7,    1.2,   86.7,   78.7,   94.9,   96.6,    5.1,    3.4,    0.0,    0.0,    0.0,    0.0,    0.0,    0.0,    0.0,    0.0,    0.0,    0.0,     22,      2,      2,      1,     15,      5,     18,      7,     22,      2,      2,      1,     15,      5,     18,      7,      0,      0,      0,      0,      0,      0,      0,      0,    62.5,    93.7,    78.4,    96.6,    62.5,    92.5,    78.4,    93.9,    62.5,    93.7,    78.4,    96.6,    62.5,    92.5,    78.4,    93.9,     0.0,     0.0,     0.0,     0.0,     0.0,     0.0,     0.0,     0.0,"Megawatt Hours (MWh)","064DLR","NODX","064 "
"PJM.AEP-DAYTON HUB_mo_on_dap - NODAL EXCHANGE",260922,2026-09-22,064DLW,NODX,01,064 ,  101837,   28565,    7856,    1451,   51451,   71503,   81467,   80810,   20370,   21027,  101837,   28565,    7856,    1451,   51451,   71503,   81467,   80810,   20370,   21027,       0,       0,       0,       0,       0,       0,       0,       0,       0,       0,    1302,     120,     -80,      30,     913,     861,    1063,     811,     239,     491,  100.0,   28.0,    7.7,    1.4,   50.5,   70.2,   80.0,   79.4,   20.0,   20.6,  100.0,   28.0,    7.7,    1.4,   50.5,   70.2,   80.0,   79.4,   20.0,   20.6,    0.0,    0.0,    0.0,    0.0,    0.0,    0.0,    0.0,    0.0,    0.0,    0.0,     45,      8,      5,      6,     22,     28,     32,     37,     45,      8,      5,      6,     22,     28,     32,     37,      0,      0,      0,      0,      0,      0,      0,      0,    46.3,    35.0,    64.3,    55.1,    44.2,    33.5,    57.0,    50.2,    46.3,    35.0,    64.3,    55.1,    44.2,    33.5,    57.0,    50.2,     0.0,     0.0,     0.0,     0.0,     0.0,     0.0,     0.0,     0.0,"Megawatt Hours (MWh)","064DLW","NODX","064 "
"PJM.AEP-DAYTON HUB_mo_off_dap - NODAL EXCHANGE",260922,2026-09-22,064DLX,NODX,01,064 ,   98907,   28434,    5130,    1542,   49419,   72111,   79395,   78783,   19512,   20124,   98907,   28434,    5130,    1542,   49419,   72111,   79395,   78783,   19512,   20124,       0,       0,       0,       0,       0,       0,       0,       0,       0,       0,    1052,     135,       0,     -50,     812,     695,     897,     645,     155,     407,  100.0,   28.7,    5.2,    1.6,   50.0,   72.9,   80.3,   79.7,   19.7,   20.3,  100.0,   28.7,    5.2,    1.6,   50.0,   72.9,   80.3,   79.7,   19.7,   20.3,    0.0,    0.0,    0.0,    0.0,    0.0,    0.0,    0.0,    0.0,    0.0,    0.0,     43,      7,      5,      6,     21,     28,     30,     37,     43,      7,      5,      6,     21,     28,     30,     37,      0,      0,      0,      0,      0,      0,      0,      0,    47.5,    34.8,    65.5,    54.4,    42.9,    33.8,    55.4,    49.3,    47.5,    34.8,    65.5,    54.4,    42.9,    33.8,    55.4,    49.3,     0.0,     0.0,     0.0,     0.0,     0.0,     0.0,     0.0,     0.0,"Megawatt Hours (MWh)","064DLX","NODX","064 "
"PJM.APS_month_on_dap - NODAL EXCHANGE",260922,2026-09-22,064DMY,NODX,01,064 ,   12662,    2813,     365,       0,    8090,   11718,   10903,   12083,    1759,     579,   12662,    2813,     365,       0,    8090,   11718,   10903,   12083,    1759,     579,       0,       0,       0,       0,       0,       0,       0,       0,       0,       0,       0,       0,       0,       0,       0,       0,       0,       0,       0,       0,  100.0,   22.2,    2.9,    0.0,   63.9,   92.5,   86.1,   95.4,   13.9,    4.6,  100.0,   22.2,    2.9,    0.0,   63.9,   92.5,   86.1,   95.4,   13.9,    4.6,    0.0,    0.0,    0.0,    0.0,    0.0,    0.0,    0.0,    0.0,    0.0,    0.0,     20,      3,      1,      0,     13,      7,     16,      8,     20,      3,      1,      0,     13,      7,     16,      8,      0,      0,      0,      0,      0,      0,      0,      0,    42.6,    82.5,    67.5,    95.4,    42.6,    81.3,    67.5,    88.9,    42.6,    82.5,    67.5,    95.4,    42.6,    81.3,    67.5,    88.9,     0.0,     0.0,     0.0,     0.0,     0.0,     0.0,     0.0,     0.0,"Megawatt Hours (MWh)","064DMY","NODX","064 "
"PJM.APS_month_off_dap - NODAL EXCHANGE",260922,2026-09-22,064DMZ,NODX,01,064 ,   12134,    2573,     365,       0,    7817,   11190,   10390,   11555,    1744,     579,   12134,    2573,     365,       0,    7817,   11190,   10390,   11555,    1744,     579,       0,       0,       0,       0,       0,       0,       0,       0,       0,       0,       0,       0,       0,       0,       0,       0,       0,       0,       0,       0,  100.0,   21.2,    3.0,    0.0,   64.4,   92.2,   85.6,   95.2,   14.4,    4.8,  100.0,   21.2,    3.0,    0.0,   64.4,   92.2,   85.6,   95.2,   14.4,    4.8,    0.0,    0.0,    0.0,    0.0,    0.0,    0.0,    0.0,    0.0,    0.0,    0.0,     20,      3,      1,      0,     13,      7,     16,      8,     20,      3,      1,      0,     13,      7,     16,      8,      0,      0,      0,      0,      0,      0,      0,      0,    43.8,    82.6,    67.8,    95.2,    43.8,    81.3,    67.8,    90.0,    43.8,    82.6,    67.8,    95.2,    43.8,    81.3,    67.8,    90.0,     0.0,     0.0,     0.0,     0.0,     0.0,     0.0,     0.0,     0.0,"Megawatt Hours (MWh)","064DMZ","NODX","064 "
"PJM.BGE_month_on_dap - NODAL EXCHANGE",260922,2026-09-22,064DPQ,NODX,01,064 ,   26350,    3950,    2510,     215,   21620,   22855,   25785,   25580,     565,     770,   26350,    3950,    2510,     215,   21620,   22855,   25785,   25580,     565,     770,       0,       0,       0,       0,       0,       0,       0,       0,       0,       0,     -65,     -25,     600,    -175,     510,    -115,     310,     310,    -375,    -375,  100.0,   15.0,    9.5,    0.8,   82.0,   86.7,   97.9,   97.1,    2.1,    2.9,  100.0,   15.0,    9.5,    0.8,   82.0,   86.7,   97.9,   97.1,    2.1,    2.9,    0.0,    0.0,    0.0,    0.0,    0.0,    0.0,    0.0,    0.0,    0.0,    0.0,     26,      4,      2,      1,     17,     10,     22,     12,     26,      4,      2,      1,     17,     10,     22,     12,      0,      0,      0,      0,      0,      0,      0,      0,    56.9,    88.3,    76.3,    94.3,    56.0,    86.7,    74.5,    90.4,    56.9,    88.3,    76.3,    94.3,    56.0,    86.7,    74.5,    90.4,     0.0,     0.0,     0.0,     0.0,     0.0,     0.0,     0.0,     0.0,"Megawatt Hours (MWh)","064DPQ","NODX","064 "
"PJM.BGE_month_off_dap - NODAL EXCHANGE",260922,2026-09-22,064DPR,NODX,01,064 ,   26250,    3965,    2535,     215,   21165,   22410,   25345,   25160,     905,    1090,   26250,    3965,    2535,     215,   21165,   22410,   25345,   25160,     905,    1090,       0,       0,       0,       0,       0,       0,       0,       0,       0,       0,     -75,     -25,     600,    -175,     510,    -115,     310,     310,    -385,    -385,  100.0,   15.1,    9.7,    0.8,   80.6,   85.4,   96.6,   95.8,    3.4,    4.2,  100.0,   15.1,    9.7,    0.8,   80.6,   85.4,   96.6,   95.8,    3.4,    4.2,    0.0,    0.0,    0.0,    0.0,    0.0,    0.0,    0.0,    0.0,    0.0,    0.0,     26,      4,      2,      1,     17,     10,     22,     12,     26,      4,      2,      1,     17,     10,     22,     12,      0,      0,      0,      0,      0,      0,      0,      0,    56.5,    87.9,    74.4,    93.4,    55.6,    86.3,    72.6,    88.9,    56.5,    87.9,    74.4,    93.4,    55.6,    86.3,    72.6,    88.9,     0.0,     0.0,     0.0,     0.0,     0.0,     0.0,     0.0,     0.0,"Megawatt Hours (MWh)","064DPR","NODX","064 "
"PJM.DOM_month_on_dap - NODAL EXCHANGE",260922,2026-09-22,064DZS,NODX,01,064 ,   11349,    1725,    2585,      25,    8914,    8024,   10664,   10634,     685,     715,   11349,    1725,    2585,      25,    8914,    8024,   10664,   10634,     685,     715,       0,       0,       0,       0,       0,       0,       0,       0,       0,       0,    -300,       0,       0,       0,    -300,    -300,    -300,    -300,       0,       0,  100.0,   15.2,   22.8,    0.2,   78.5,   70.7,   94.0,   93.7,    6.0,    6.3,  100.0,   15.2,   22.8,    0.2,   78.5,   70.7,   94.0,   93.7,    6.0,    6.3,    0.0,    0.0,    0.0,    0.0,    0.0,    0.0,    0.0,    0.0,    0.0,    0.0,     23,      2,      4,      1,     12,      9,     15,     13,     23,      2,      4,      1,     12,      9,     15,     13,      0,      0,      0,      0,      0,      0,      0,      0,    60.8,    71.3,    83.8,    90.7,    60.8,    65.2,    81.3,    83.7,    60.8,    71.3,    83.8,    90.7,    60.8,    65.2,    81.3,    83.7,     0.0,     0.0,     0.0,     0.0,     0.0,     0.0,     0.0,     0.0,"Megawatt Hours (MWh)","064DZS","NODX","064 "
"PJM.DOM_month_off_dap - NODAL EXCHANGE",260922,2026-09-22,064DZT,NODX,01,064 ,   11839,    1725,    2585,      25,    9454,    8619,   11204,   11229,     635,     610,   11839,    1725,    2585,      25,    9454,    8619,   11204,   11229,     635,     610,       0,       0,       0,       0,       0,       0,       0,       0,       0,       0,    -300,       0,       0,       0,    -300,    -300,    -300,    -300,       0,       0,  100.0,   14.6,   21.8,    0.2,   79.9,   72.8,   94.6,   94.8,    5.4,    5.2,  100.0,   14.6,   21.8,    0.2,   79.9,   72.8,   94.6,   94.8,    5.4,    5.2,    0.0,    0.0,    0.0,    0.0,    0.0,    0.0,    0.0,    0.0,    0.0,    0.0,     25,      2,      4,      1,     14,     10,     17,     14,     25,      2,      4,      1,     14,     10,     17,     14,      0,      0,      0,      0,      0,      0,      0,      0,    59.3,    71.6,    82.9,    91.6,    59.3,    65.8,    82.3,    84.3,    59.3,    71.6,    82.9,    91.6,    59.3,    65.8,    82.3,    84.3,     0.0,     0.0,     0.0,     0.0,     0.0,     0.0,     0.0,     0.0,"Megawatt Hours (MWh)","064DZT","NODX","064 "
"PJM.JCPL_month_on_dap - NODAL EXCHANGE",260922,2026-09-22,064EJI,NODX,01,064 ,   48697,    6610,    5255,     975,   36367,   39032,   43952,   45262,    4745,    3435,   48697,    6610,    5255,     975,   36367,   39032,   43952,   45262,    4745,    3435,       0,       0,       0,       0,       0,       0,       0,       0,       0,       0,     750,       0,     100,       0,     650,     550,     650,     650,     100,     100,  100.0,   13.6,   10.8,    2.0,   74.7,   80.2,   90.3,   92.9,    9.7,    7.1,  100.0,   13.6,   10.8,    2.0,   74.7,   80.2,   90.3,   92.9,    9.7,    7.1,    0.0,    0.0,    0.0,    0.0,    0.0,    0.0,    0.0,    0.0,    0.0,    0.0,     30,      5,      2,      2,     18,     14,     24,     17,     30,      5,      2,      2,     18,     14,     24,     17,      0,      0,      0,      0,      0,      0,      0,      0,    54.8,    79.7,    71.2,    89.1,    51.4,    79.7,    67.9,    85.3,    54.8,    79.7,    71.2,    89.1,    51.4,    79.7,    67.9,    85.3,     0.0,     0.0,     0.0,     0.0,     0.0,     0.0,     0.0,     0.0,"Megawatt Hours (MWh)","064EJI","NODX","064 "
"PJM.JCPL_month_off_dap - NODAL EXCHANGE",260922,2026-09-22,064EJJ,NODX,01,064 ,   45937,    6935,    4270,     605,   33427,   37342,   40967,   42217,    4970,    3720,   45937,    6935,    4270,     605,   33427,   37342,   40967,   42217,    4970,    3720,       0,       0,       0,       0,       0,       0,       0,       0,       0,       0,     -75,       0,       0,       0,     -75,     -75,     -75,     -75,       0,       0,  100.0,   15.1,    9.3,    1.3,   72.8,   81.3,   89.2,   91.9,   10.8,    8.1,  100.0,   15.1,    9.3,    1.3,   72.8,   81.3,   89.2,   91.9,   10.8,    8.1,    0.0,    0.0,    0.0,    0.0,    0.0,    0.0,    0.0,    0.0,    0.0,    0.0,     30,      6,      1,      2,     19,     14,     25,     17,     30,      6,      1,      2,     19,     14,     25,     17,      0,      0,      0,      0,      0,      0,      0,      0,    52.8,    80.3,    70.5,    87.8,    50.8,    80.2,    68.5,    86.0,    52.8,    80.3,    70.5,    87.8,    50.8,    80.2,    68.5,    86.0,     0.0,     0.0,     0.0,     0.0,     0.0,     0.0,     0.0,     0.0,"Megawatt Hours (MWh)","064EJJ","NODX","064 "
"PJM.METED_month_on_dap - NODAL EXCHANGE",260922,2026-09-22,064EOW,NODX,01,064 ,   11999,     165,     575,     255,    9651,   10297,   10071,   11127,    1928,     872,   11999,     165,     575,     255,    9651,   10297,   10071,   11127,    1928,     872,       0,       0,       0,       0,       0,       0,       0,       0,       0,       0,      65,       0,     420,     -70,     135,    -285,      65,      65,       0,       0,  100.0,    1.4,    4.8,    2.1,   80.4,   85.8,   83.9,   92.7,   16.1,    7.3,  100.0,    1.4,    4.8,    2.1,   80.4,   85.8,   83.9,   92.7,   16.1,    7.3,    0.0,    0.0,    0.0,    0.0,    0.0,    0.0,    0.0,    0.0,    0.0,    0.0,     21,      2,      2,      2,     14,      7,     17,     10,     21,      2,      2,      2,     14,      7,     17,     10,      0,      0,      0,      0,      0,      0,      0,      0,    54.5,    76.6,    72.8,    89.9,    54.5,    74.9,    70.9,    83.1,    54.5,    76.6,    72.8,    89.9,    54.5,    74.9,    70.9,    83.1,     0.0,     0.0,     0.0,     0.0,     0.0,     0.0,     0.0,     0.0,"Megawatt Hours (MWh)","064EOW","NODX","064 "
"PJM.METED_month_off_dap - NODAL EXCHANGE",260922,2026-09-22,064EOX,NODX,01,064 ,   12246,     165,     575,     255,    9901,   10587,   10321,   11417,    1925,     829,   12246,     165,     575,     255,    9901,   10587,   10321,   11417,    1925,     829,       0,       0,       0,       0,       0,       0,       0,       0,       0,       0,     120,       0,     420,     -70,     190,    -230,     120,     120,       0,       0,  100.0,    1.3,    4.7,    2.1,   80.9,   86.5,   84.3,   93.2,   15.7,    6.8,  100.0,    1.3,    4.7,    2.1,   80.9,   86.5,   84.3,   93.2,   15.7,    6.8,    0.0,    0.0,    0.0,    0.0,    0.0,    0.0,    0.0,    0.0,    0.0,    0.0,     21,      2,      2,      2,     14,      8,     17,     11,     21,      2,      2,      2,     14,      8,     17,     11,      0,      0,      0,      0,      0,      0,      0,      0,    52.4,    76.2,    73.5,    89.2,    51.3,    74.5,    67.5,    82.0,    52.4,    76.2,    73.5,    89.2,    51.3,    74.5,    67.5,    82.0,     0.0,     0.0,     0.0,     0.0,     0.0,     0.0,     0.0,     0.0,"Megawatt Hours (MWh)","064EOX","NODX","064 "
"PJM.N ILLINOIS HUB_mo_on_dap - NODAL EXCHANGE",260922,2026-09-22,064ERM,NODX,01,064 ,   93692,    3110,     410,       0,   82793,   85439,   85903,   85849,    7789,    7843,   93692,    3110,     410,       0,   82793,   85439,   85903,   85849,    7789,    7843,       0,       0,       0,       0,       0,       0,       0,       0,       0,       0,      95,       0,       0,       0,     110,     110,     110,     110,     -15,     -15,  100.0,    3.3,    0.4,    0.0,   88.4,   91.2,   91.7,   91.6,    8.3,    8.4,  100.0,    3.3,    0.4,    0.0,   88.4,   91.2,   91.7,   91.6,    8.3,    8.4,    0.0,    0.0,    0.0,    0.0,    0.0,    0.0,    0.0,    0.0,    0.0,    0.0,     31,      3,      2,      0,     20,     20,     23,     22,     31,      3,      2,      0,     20,     20,     23,     22,      0,      0,      0,      0,      0,      0,      0,      0,    59.0,    74.3,    82.7,    83.9,    56.2,    74.1,    77.5,    82.1,    59.0,    74.3,    82.7,    83.9,    56.2,    74.1,    77.5,    82.1,     0.0,     0.0,     0.0,     0.0,     0.0,     0.0,     0.0,     0.0,"Megawatt Hours (MWh)","064ERM","NODX","064 "
"PJM.N ILLINOIS HUB_mo_off_dap - NODAL EXCHANGE",260922,2026-09-22,064ERN,NODX,01,064 ,   92245,    3050,     410,       0,   81516,   84102,   84566,   84512,    7679,    7733,   92245,    3050,     410,       0,   81516,   84102,   84566,   84512,    7679,    7733,       0,       0,       0,       0,       0,       0,       0,       0,       0,       0,      45,       0,       0,       0,      60,      60,      60,      60,     -15,     -15,  100.0,    3.3,    0.4,    0.0,   88.4,   91.2,   91.7,   91.6,    8.3,    8.4,  100.0,    3.3,    0.4,    0.0,   88.4,   91.2,   91.7,   91.6,    8.3,    8.4,    0.0,    0.0,    0.0,    0.0,    0.0,    0.0,    0.0,    0.0,    0.0,    0.0,     31,      3,      2,      0,     20,     21,     23,     23,     31,      3,      2,      0,     20,     21,     23,     23,      0,      0,      0,      0,      0,      0,      0,      0,    58.8,    74.8,    81.4,    84.2,    55.9,    74.5,    76.4,    82.4,    58.8,    74.8,    81.4,    84.2,    55.9,    74.5,    76.4,    82.4,     0.0,     0.0,     0.0,     0.0,     0.0,     0.0,     0.0,     0.0,"Megawatt Hours (MWh)","064ERN","NODX","064 "
"PJM.PECO_month_on_dap - NODAL EXCHANGE",260922,2026-09-22,064EUY,NODX,01,064 ,  101987,   21645,    1136,     334,   72449,   93335,   94428,   94805,    7559,    7182,  101987,   21645,    1136,     334,   72449,   93335,   94428,   94805,    7559,    7182,       0,       0,       0,       0,       0,       0,       0,       0,       0,       0,       0,      25,     -25,       0,     -25,      25,       0,       0,       0,       0,  100.0,   21.2,    1.1,    0.3,   71.0,   91.5,   92.6,   93.0,    7.4,    7.0,  100.0,   21.2,    1.1,    0.3,   71.0,   91.5,   92.6,   93.0,    7.4,    7.0,    0.0,    0.0,    0.0,    0.0,    0.0,    0.0,    0.0,    0.0,    0.0,    0.0,     36,      4,      5,      3,     22,     16,     28,     22,     36,      4,      5,      3,     22,     16,     28,     22,      0,      0,      0,      0,      0,      0,      0,      0,    52.1,    76.6,    74.0,    89.1,    47.8,    75.5,    62.5,    77.9,    52.1,    76.6,    74.0,    89.1,    47.8,    75.5,    62.5,    77.9,     0.0,     0.0,     0.0,     0.0,     0.0,     0.0,     0.0,     0.0,"Megawatt Hours (MWh)","064EUY","NODX","064 "
"PJM.PECO_month_off_dap - NODAL EXCHANGE",260922,2026-09-22,064EUZ,NODX,01,064 ,  101097,   21420,     861,     484,   70954,   91800,   92858,   93145,    8239,    7952,  101097,   21420,     861,     484,   70954,   91800,   92858,   93145,    8239,    7952,       0,       0,       0,       0,       0,       0,       0,       0,       0,       0,       0,      25,     -25,       0,     -25,      25,       0,       0,       0,       0,  100.0,   21.2,    0.9,    0.5,   70.2,   90.8,   91.9,   92.1,    8.1,    7.9,  100.0,   21.2,    0.9,    0.5,   70.2,   90.8,   91.9,   92.1,    8.1,    7.9,    0.0,    0.0,    0.0,    0.0,    0.0,    0.0,    0.0,    0.0,    0.0,    0.0,     36,      4,      5,      4,     22,     16,     29,     22,     36,      4,      5,      4,     22,     16,     29,     22,      0,      0,      0,      0,      0,      0,      0,      0,    50.8,    75.9,    73.3,    88.4,    45.0,    74.6,    61.4,    77.0,    50.8,    75.9,    73.3,    88.4,    45.0,    74.6,    61.4,    77.0,     0.0,     0.0,     0.0,     0.0,     0.0,     0.0,     0.0,     0.0,"Megawatt Hours (MWh)","064EUZ","NODX","064 "
"PJM.PENELEC_month_on_dap - NODAL EXCHANGE",260922,2026-09-22,064EVA,NODX,01,064 ,   13583,    7511,       0,      40,    4464,   12473,   12015,   12513,    1568,    1070,   13583,    7511,       0,      40,    4464,   12473,   12015,   12513,    1568,    1070,       0,       0,       0,       0,       0,       0,       0,       0,       0,       0,       0,       0,       0,       0,       0,       0,       0,       0,       0,       0,  100.0,   55.3,    0.0,    0.3,   32.9,   91.8,   88.5,   92.1,   11.5,    7.9,  100.0,   55.3,    0.0,    0.3,   32.9,   91.8,   88.5,   92.1,   11.5,    7.9,    0.0,    0.0,    0.0,    0.0,    0.0,    0.0,    0.0,    0.0,    0.0,    0.0,     20,      5,      0,      1,     10,      8,     15,      9,     20,      5,      0,      1,     10,      8,     15,      9,      0,      0,      0,      0,      0,      0,      0,      0,    65.7,    87.2,    78.6,    91.9,    65.4,    87.2,    78.0,    89.9,    65.7,    87.2,    78.6,    91.9,    65.4,    87.2,    78.0,    89.9,     0.0,     0.0,     0.0,     0.0,     0.0,     0.0,     0.0,     0.0,"Megawatt Hours (MWh)","064EVA","NODX","064 "
"PJM.PEPCO_month_on_dap - NODAL EXCHANGE",260922,2026-09-22,064EVG,NODX,01,064 ,   26172,     850,    6862,     705,   21624,   16073,   23179,   23640,    2993,    2532,   26172,     850,    6862,     705,   21624,   16073,   23179,   23640,    2993,    2532,       0,       0,       0,       0,       0,       0,       0,       0,       0,       0,    1970,       0,    -525,     170,    1313,    1838,    1483,    1483,     487,     487,  100.0,    3.2,   26.2,    2.7,   82.6,   61.4,   88.6,   90.3,   11.4,    9.7,  100.0,    3.2,   26.2,    2.7,   82.6,   61.4,   88.6,   90.3,   11.4,    9.7,    0.0,    0.0,    0.0,    0.0,    0.0,    0.0,    0.0,    0.0,    0.0,    0.0,     31,      3,      3,      2,     21,     14,     25,     18,     31,      3,      3,      2,     21,     14,     25,     18,      0,      0,      0,      0,      0,      0,      0,      0,    43.4,    67.9,    63.7,    82.7,    43.1,    61.4,    60.9,    75.1,    43.4,    67.9,    63.7,    82.7,    43.1,    61.4,    60.9,    75.1,     0.0,     0.0,     0.0,     0.0,     0.0,     0.0,     0.0,     0.0,"Megawatt Hours (MWh)","064EVG","NODX","064 "
"PJM.PEPCO_month_off_dap - NODAL EXCHANGE",260922,2026-09-22,064EVH,NODX,01,064 ,   26172,     850,    6862,     705,   21624,   16073,   23179,   23640,    2993,    2532,   26172,     850,    6862,     705,   21624,   16073,   23179,   23640,    2993,    2532,       0,       0,       0,       0,       0,       0,       0,       0,       0,       0,    1970,       0,    -525,     170,    1313,    1838,    1483,    1483,     487,     487,  100.0,    3.2,   26.2,    2.7,   82.6,   61.4,   88.6,   90.3,   11.4,    9.7,  100.0,    3.2,   26.2,    2.7,   82.6,   61.4,   88.6,   90.3,   11.4,    9.7,    0.0,    0.0,    0.0,    0.0,    0.0,    0.0,    0.0,    0.0,    0.0,    0.0,     31,      3,      3,      2,     21,     14,     25,     18,     31,      3,      3,      2,     21,     14,     25,     18,      0,      0,      0,      0,      0,      0,      0,      0,    43.4,    67.9,    63.7,    82.7,    43.1,    61.4,    60.9,    75.1,    43.4,    67.9,    63.7,    82.7,    43.1,    61.4,    60.9,    75.1,     0.0,     0.0,     0.0,     0.0,     0.0,     0.0,     0.0,     0.0,"Megawatt Hours (MWh)","064EVH","NODX","064 "
"PJM.PPL_month_on_dap - NODAL EXCHANGE",260922,2026-09-22,064EWU,NODX,01,064 ,   69861,    3090,    3495,    1245,   63364,   63326,   67699,   68066,    2162,    1795,   69861,    3090,    3495,    1245,   63364,   63326,   67699,   68066,    2162,    1795,       0,       0,       0,       0,       0,       0,       0,       0,       0,       0,    5041,     -25,    -195,       0,    4688,    4856,    4663,    4661,     378,     380,  100.0,    4.4,    5.0,    1.8,   90.7,   90.6,   96.9,   97.4,    3.1,    2.6,  100.0,    4.4,    5.0,    1.8,   90.7,   90.6,   96.9,   97.4,    3.1,    2.6,    0.0,    0.0,    0.0,    0.0,    0.0,    0.0,    0.0,    0.0,    0.0,    0.0,     39,      5,      1,      3,     29,     22,     34,     26,     39,      5,      1,      3,     29,     22,     34,     26,      0,      0,      0,      0,      0,      0,      0,      0,    66.8,    53.7,    78.4,    73.8,    65.3,    53.3,    74.2,    71.3,    66.8,    53.7,    78.4,    73.8,    65.3,    53.3,    74.2,    71.3,     0.0,     0.0,     0.0,     0.0,     0.0,     0.0,     0.0,     0.0,"Megawatt Hours (MWh)","064EWU","NODX","064 "
"PJM.PPL_month_off_dap - NODAL EXCHANGE",260922,2026-09-22,064EWV,NODX,01,064 ,   69869,    3090,    3360,    1245,   63390,   63469,   67725,   68074,    2144,    1795,   69869,    3090,    3360,    1245,   63390,   63469,   67725,   68074,    2144,    1795,       0,       0,       0,       0,       0,       0,       0,       0,       0,       0,    5106,     -25,    -195,       0,    4751,    4921,    4726,    4726,     380,     380,  100.0,    4.4,    4.8,    1.8,   90.7,   90.8,   96.9,   97.4,    3.1,    2.6,  100.0,    4.4,    4.8,    1.8,   90.7,   90.8,   96.9,   97.4,    3.1,    2.6,    0.0,    0.0,    0.0,    0.0,    0.0,    0.0,    0.0,    0.0,    0.0,    0.0,     39,      5,      1,      3,     28,     22,     33,     26,     39,      5,      1,      3,     28,     22,     33,     26,      0,      0,      0,      0,      0,      0,      0,      0,    67.7,    54.3,    79.2,    74.3,    66.2,    54.2,    75.0,    72.3,    67.7,    54.3,    79.2,    74.3,    66.2,    54.2,    75.0,    72.3,     0.0,     0.0,     0.0,     0.0,     0.0,     0.0,     0.0,     0.0,"Megawatt Hours (MWh)","064EWV","NODX","064 "
"PJM PSEG DAP - NODAL EXCHANGE",260922,2026-09-22,064EXE,NODX,01,064 ,   86894,    7470,    9654,    2710,   63996,   61922,   74176,   74286,   12718,   12608,   86894,    7470,    9654,    2710,   63996,   61922,   74176,   74286,   12718,   12608,       0,       0,       0,       0,       0,       0,       0,       0,       0,       0,    -396,      35,     609,       0,    -260,    -705,    -225,     -96,    -171,    -300,  100.0,    8.6,   11.1,    3.1,   73.6,   71.3,   85.4,   85.5,   14.6,   14.5,  100.0,    8.6,   11.1,    3.1,   73.6,   71.3,   85.4,   85.5,   14.6,   14.5,    0.0,    0.0,    0.0,    0.0,    0.0,    0.0,    0.0,    0.0,    0.0,    0.0,     40,      3,      5,      4,     30,     21,     36,     27,     40,      3,      5,      4,     30,     21,     36,     27,      0,      0,      0,      0,      0,      0,      0,      0,    34.2,    45.4,    51.5,    67.1,    29.7,    31.6,    40.6,    49.7,    34.2,    45.4,    51.5,    67.1,    29.7,    31.6,    40.6,    49.7,     0.0,     0.0,     0.0,     0.0,     0.0,     0.0,     0.0,     0.0,"Megawatt Hours (MWh)","064EXE","NODX","064 "
"PJM.PSEG_month_off_dap - NODAL EXCHANGE",260922,2026-09-22,064EXF,NODX,01,064 ,   83848,    6815,    8579,    2845,   61031,   60002,   70691,   71426,   13157,   12422,   83848,    6815,    8579,    2845,   61031,   60002,   70691,   71426,   13157,   12422,       0,       0,       0,       0,       0,       0,       0,       0,       0,       0,    -606,      35,     609,       0,    -440,   -1005,    -405,    -396,    -201,    -210,  100.0,    8.1,   10.2,    3.4,   72.8,   71.6,   84.3,   85.2,   15.7,   14.8,  100.0,    8.1,   10.2,    3.4,   72.8,   71.6,   84.3,   85.2,   15.7,   14.8,    0.0,    0.0,    0.0,    0.0,    0.0,    0.0,    0.0,    0.0,    0.0,    0.0,     39,      5,      3,      5,     29,     21,     36,     27,     39,      5,      3,      5,     29,     21,     36,     27,      0,      0,      0,      0,      0,      0,      0,      0,    34.5,    46.8,    51.4,    67.1,    30.2,    33.6,    40.6,    51.1,    34.5,    46.8,    51.4,    67.1,    30.2,    33.6,    40.6,    51.1,     0.0,     0.0,     0.0,     0.0,     0.0,     0.0,     0.0,     0.0,"Megawatt Hours (MWh)","064EXF","NODX","064 "
"PJM.WESTERN HUB DAP - NODAL EXCHANGE",260922,2026-09-22,064FHK,NODX,01,064 ,  244394,   11818,   28704,    3944,  176133,  159192,  191895,  191840,   52499,   52554,  244394,   11818,   28704,    3944,  176133,  159192,  191895,  191840,   52499,   52554,       0,       0,       0,       0,       0,       0,       0,       0,       0,       0,    1099,     225,   -1199,    -155,    1434,    2849,    1504,    1495,    -405,    -396,  100.0,    4.8,   11.7,    1.6,   72.1,   65.1,   78.5,   78.5,   21.5,   21.5,  100.0,    4.8,   11.7,    1.6,   72.1,   65.1,   78.5,   78.5,   21.5,   21.5,    0.0,    0.0,    0.0,    0.0,    0.0,    0.0,    0.0,    0.0,    0.0,    0.0,     55,      7,      6,      8,     35,     36,     45,     47,     55,      7,      6,      8,     35,     36,     45,     47,      0,      0,      0,      0,      0,      0,      0,      0,    45.3,    32.4,    56.2,    50.8,    37.1,    27.0,    46.3,    41.9,    45.3,    32.4,    56.2,    50.8,    37.1,    27.0,    46.3,    41.9,     0.0,     0.0,     0.0,     0.0,     0.0,     0.0,     0.0,     0.0,"Megawatt Hours (MWh)","064FHK","NODX","064 "
"PJM.WESTERN HUB_month_off_dap - NODAL EXCHANGE",260922,2026-09-22,064FHL,NODX,01,064 ,  238490,    5447,   29891,    5781,  173000,  148346,  184228,  184018,   54262,   54472,  238490,    5447,   29891,    5781,  173000,  148346,  184228,  184018,   54262,   54472,       0,       0,       0,       0,       0,       0,       0,       0,       0,       0,     112,     225,   -1199,    -280,     428,    1843,     373,     364,    -261,    -252,  100.0,    2.3,   12.5,    2.4,   72.5,   62.2,   77.2,   77.2,   22.8,   22.8,  100.0,    2.3,   12.5,    2.4,   72.5,   62.2,   77.2,   77.2,   22.8,   22.8,    0.0,    0.0,    0.0,    0.0,    0.0,    0.0,    0.0,    0.0,    0.0,    0.0,     55,      6,      7,      9,     34,     37,     44,     49,     55,      6,      7,      9,     34,     37,     44,     49,      0,      0,      0,      0,      0,      0,      0,      0,    44.3,    30.7,    55.2,    49.1,    37.5,    26.3,    46.2,    41.0,    44.3,    30.7,    55.2,    49.1,    37.5,    26.3,    46.2,    41.0,     0.0,     0.0,     0.0,     0.0,     0.0,     0.0,     0.0,     0.0,"Megawatt Hours (MWh)","064FHL","NODX","064 "
"MISO.INDIANA.HUB_month_on_rtp - NODAL EXCHANGE",260922,2026-09-22,064FJY,NODX,01,064 ,   28615,     520,    3185,      80,   24440,   22215,   25040,   25480,    3575,    3135,   28615,     520,    3185,      80,   24440,   22215,   25040,   25480,    3575,    3135,       0,       0,       0,       0,       0,       0,       0,       0,       0,       0,     275,       0,     -75,       0,     275,     350,     275,     275,       0,       0,  100.0,    1.8,   11.1,    0.3,   85.4,   77.6,   87.5,   89.0,   12.5,   11.0,  100.0,    1.8,   11.1,    0.3,   85.4,   77.6,   87.5,   89.0,   12.5,   11.0,    0.0,    0.0,    0.0,    0.0,    0.0,    0.0,    0.0,    0.0,    0.0,    0.0,     21,      2,      1,      2,     16,     17,     19,     19,     21,      2,      1,      2,     16,     17,     19,     19,      0,      0,      0,      0,      0,      0,      0,      0,    58.4,    63.1,    74.8,    75.0,    48.7,    47.3,    53.3,    53.0,    58.4,    63.1,    74.8,    75.0,    48.7,    47.3,    53.3,    53.0,     0.0,     0.0,     0.0,     0.0,     0.0,     0.0,     0.0,     0.0,"Megawatt Hours (MWh)","064FJY","NODX","064 "
"MISO.INDIANA.HUB_month_off_rtp - NODAL EXCHANGE",260922,2026-09-22,064FJZ,NODX,01,064 ,   27570,     865,    3238,      77,   24259,   22061,   25201,   25376,    2369,    2194,   27570,     865,    3238,      77,   24259,   22061,   25201,   25376,    2369,    2194,       0,       0,       0,       0,       0,       0,       0,       0,       0,       0,     300,       0,       0,       0,     300,     300,     300,     300,       0,       0,  100.0,    3.1,   11.7,    0.3,   88.0,   80.0,   91.4,   92.0,    8.6,    8.0,  100.0,    3.1,   11.7,    0.3,   88.0,   80.0,   91.4,   92.0,    8.6,    8.0,    0.0,    0.0,    0.0,    0.0,    0.0,    0.0,    0.0,    0.0,    0.0,    0.0,     22,      2,      1,      2,     16,     17,     19,     19,     22,      2,      1,      2,     16,     17,     19,     19,      0,      0,      0,      0,      0,      0,      0,      0,    63.4,    63.5,    78.3,    78.4,    54.3,    51.1,    58.8,    57.5,    63.4,    63.5,    78.3,    78.4,    54.3,    51.1,    58.8,    57.5,     0.0,     0.0,     0.0,     0.0,     0.0,     0.0,     0.0,     0.0,"Megawatt Hours (MWh)","064FJZ","NODX","064 "
"PJM.AEP-DAYTON HUB_mo_on_rtp - NODAL EXCHANGE",260922,2026-09-22,064FKA,NODX,01,064 ,   72110,    8920,    6610,    3181,   50568,   53143,   62669,   62934,    9441,    9176,   72110,    8920,    6610,    3181,   50568,   53143,   62669,   62934,    9441,    9176,       0,       0,       0,       0,       0,       0,       0,       0,       0,       0,     210,     -10,       0,      10,     115,      45,     115,      55,      95,     155,  100.0,   12.4,    9.2,    4.4,   70.1,   73.7,   86.9,   87.3,   13.1,   12.7,  100.0,   12.4,    9.2,    4.4,   70.1,   73.7,   86.9,   87.3,   13.1,   12.7,    0.0,    0.0,    0.0,    0.0,    0.0,    0.0,    0.0,    0.0,    0.0,    0.0,     42,      8,      4,      7,     28,     28,     38,     37,     42,      8,      4,      7,     28,     28,     38,     37,      0,      0,      0,      0,      0,      0,      0,      0,    34.1,    45.3,    51.6,    61.1,    25.1,    34.9,    37.1,    46.5,    34.1,    45.3,    51.6,    61.1,    25.1,    34.9,    37.1,    46.5,     0.0,     0.0,     0.0,     0.0,     0.0,     0.0,     0.0,     0.0,"Megawatt Hours (MWh)","064FKA","NODX","064 "
"PJM.AEP-DAYTON HUB_mo_off_rtp - NODAL EXCHANGE",260922,2026-09-22,064FKB,NODX,01,064 ,   73820,    3371,    8155,    3275,   57348,   53164,   63994,   64594,    9826,    9226,   73820,    3371,    8155,    3275,   57348,   53164,   63994,   64594,    9826,    9226,       0,       0,       0,       0,       0,       0,       0,       0,       0,       0,    1424,      20,     750,    -180,    1419,     609,    1259,    1179,     165,     245,  100.0,    4.6,   11.0,    4.4,   77.7,   72.0,   86.7,   87.5,   13.3,   12.5,  100.0,    4.6,   11.0,    4.4,   77.7,   72.0,   86.7,   87.5,   13.3,   12.5,    0.0,    0.0,    0.0,    0.0,    0.0,    0.0,    0.0,    0.0,    0.0,    0.0,     41,      6,      6,      7,     26,     27,     36,     36,     41,      6,      6,      7,     26,     27,     36,     36,      0,      0,      0,      0,      0,      0,      0,      0,    40.3,    42.2,    54.4,    58.3,    29.7,    32.8,    39.7,    44.2,    40.3,    42.2,    54.4,    58.3,    29.7,    32.8,    39.7,    44.2,     0.0,     0.0,     0.0,     0.0,     0.0,     0.0,     0.0,     0.0,"Megawatt Hours (MWh)","064FKB","NODX","064 "
"PJM.N ILLINOIS HUB_mo_on_rtp - NODAL EXCHANGE",260922,2026-09-22,064FKC,NODX,01,064 ,   67173,     920,       0,     515,   59430,   60574,   60865,   61089,    6308,    6084,   67173,     920,       0,     515,   59430,   60574,   60865,   61089,    6308,    6084,       0,       0,       0,       0,       0,       0,       0,       0,       0,       0,    -750,     -80,       0,       0,   -1070,    -750,   -1150,    -750,     400,       0,  100.0,    1.4,    0.0,    0.8,   88.5,   90.2,   90.6,   90.9,    9.4,    9.1,  100.0,    1.4,    0.0,    0.8,   88.5,   90.2,   90.6,   90.9,    9.4,    9.1,    0.0,    0.0,    0.0,    0.0,    0.0,    0.0,    0.0,    0.0,    0.0,    0.0,     25,      4,      0,      2,     16,     17,     20,     19,     25,      4,      0,      2,     16,     17,     20,     19,      0,      0,      0,      0,      0,      0,      0,      0,    56.3,    60.5,    77.7,    78.0,    37.9,    49.2,    53.8,    57.7,    56.3,    60.5,    77.7,    78.0,    37.9,    49.2,    53.8,    57.7,     0.0,     0.0,     0.0,     0.0,     0.0,     0.0,     0.0,     0.0,"Megawatt Hours (MWh)","064FKC","NODX","064 "
"PJM.N ILLINOIS HUB_mo_off_rtp - NODAL EXCHANGE",260922,2026-09-22,064FKD,NODX,01,064 ,   64713,    3039,       0,     415,   53964,   57387,   57418,   57802,    7295,    6911,   64713,    3039,       0,     415,   53964,   57387,   57418,   57802,    7295,    6911,       0,       0,       0,       0,       0,       0,       0,       0,       0,       0,   -1045,    -180,       0,     -30,   -1175,   -1015,   -1385,   -1045,     340,       0,  100.0,    4.7,    0.0,    0.6,   83.4,   88.7,   88.7,   89.3,   11.3,   10.7,  100.0,    4.7,    0.0,    0.6,   83.4,   88.7,   88.7,   89.3,   11.3,   10.7,    0.0,    0.0,    0.0,    0.0,    0.0,    0.0,    0.0,    0.0,    0.0,    0.0,     25,      3,      0,      2,     17,     20,     20,     22,     25,      3,      0,      2,     17,     20,     20,     22,      0,      0,      0,      0,      0,      0,      0,      0,    56.3,    59.8,    73.3,    75.1,    31.1,    43.8,    45.1,    50.0,    56.3,    59.8,    73.3,    75.1,    31.1,    43.8,    45.1,    50.0,     0.0,     0.0,     0.0,     0.0,     0.0,     0.0,     0.0,     0.0,"Megawatt Hours (MWh)","064FKD","NODX","064 "
"PJM.WESTERN HUB_month_on_rtp - NODAL EXCHANGE",260922,2026-09-22,064FKE,NODX,01,064 ,  234339,    9601,   17462,    5574,  191054,  183064,  206229,  206100,   28110,   28239,  234339,    9601,   17462,    5574,  191054,  183064,  206229,  206100,   28110,   28239,       0,       0,       0,       0,       0,       0,       0,       0,       0,       0,     670,    -590,     205,     300,     449,    -346,     159,     159,     511,     511,  100.0,    4.1,    7.5,    2.4,   81.5,   78.1,   88.0,   87.9,   12.0,   12.1,  100.0,    4.1,    7.5,    2.4,   81.5,   78.1,   88.0,   87.9,   12.0,   12.1,    0.0,    0.0,    0.0,    0.0,    0.0,    0.0,    0.0,    0.0,    0.0,    0.0,     51,      9,      4,     11,     31,     35,     43,     47,     51,      9,      4,     11,     31,     35,     43,     47,      0,      0,      0,      0,      0,      0,      0,      0,    35.2,    46.9,    58.7,    62.4,    31.8,    41.8,    50.7,    53.4,    35.2,    46.9,    58.7,    62.4,    31.8,    41.8,    50.7,    53.4,     0.0,     0.0,     0.0,     0.0,     0.0,     0.0,     0.0,     0.0,"Megawatt Hours (MWh)","064FKE","NODX","064 "
"PJM.WESTERN HUB_month_off_rtp - NODAL EXCHANGE",260922,2026-09-22,064FKF,NODX,01,064 ,  197492,   11480,   11950,    7378,  144394,  144020,  163252,  163348,   34240,   34144,  197492,   11480,   11950,    7378,  144394,  144020,  163252,  163348,   34240,   34144,       0,       0,       0,       0,       0,       0,       0,       0,       0,       0,    3265,   -1070,   -1025,    1198,    1683,    1508,    1811,    1681,    1454,    1584,  100.0,    5.8,    6.1,    3.7,   73.1,   72.9,   82.7,   82.7,   17.3,   17.3,  100.0,    5.8,    6.1,    3.7,   73.1,   72.9,   82.7,   82.7,   17.3,   17.3,    0.0,    0.0,    0.0,    0.0,    0.0,    0.0,    0.0,    0.0,    0.0,    0.0,     48,      6,      5,      9,     33,     33,     42,     44,     48,      6,      5,      9,     33,     33,     42,     44,      0,      0,      0,      0,      0,      0,      0,      0,    36.5,    46.0,    53.9,    58.2,    31.9,    40.9,    45.4,    49.2,    36.5,    46.0,    53.9,    58.2,    31.9,    40.9,    45.4,    49.2,     0.0,     0.0,     0.0,     0.0,     0.0,     0.0,     0.0,     0.0,"Megawatt Hours (MWh)","064FKF","NODX","064 "
"ERCOT.HB_NORTH_month_on_rtp - NODAL EXCHANGE",260922,2026-09-22,064FOK,NODX,01,064 ,   79483,    1900,    1940,       0,   68853,   68813,   70753,   70753,    8730,    8730,   79483,    1900,    1940,       0,   68853,   68813,   70753,   70753,    8730,    8730,       0,       0,       0,       0,       0,       0,       0,       0,       0,       0,    -180,       0,       0,       0,     870,     870,     870,     870,   -1050,   -1050,  100.0,    2.4,    2.4,    0.0,   86.6,   86.6,   89.0,   89.0,   11.0,   11.0,  100.0,    2.4,    2.4,    0.0,   86.6,   86.6,   89.0,   89.0,   11.0,   11.0,    0.0,    0.0,    0.0,    0.0,    0.0,    0.0,    0.0,    0.0,    0.0,    0.0,     27,      1,      2,      0,     19,     21,     20,     23,     27,      1,      2,      0,     19,     21,     20,     23,      0,      0,      0,      0,      0,      0,      0,      0,    66.1,    48.9,    79.4,    70.4,    60.6,    46.8,    72.3,    64.0,    66.1,    48.9,    79.4,    70.4,    60.6,    46.8,    72.3,    64.0,     0.0,     0.0,     0.0,     0.0,     0.0,     0.0,     0.0,     0.0,"Megawatt Hours (MWh)","064FOK","NODX","064 "
"ERCOT.HB_NORTH_month_off_rtp - NODAL EXCHANGE",260922,2026-09-22,064FOL,NODX,01,064 ,   76748,       0,    1040,       0,   68944,   67860,   68944,   68900,    7804,    7848,   76748,       0,    1040,       0,   68944,   67860,   68944,   68900,    7804,    7848,       0,       0,       0,       0,       0,       0,       0,       0,       0,       0,      95,       0,       0,       0,     800,     800,     800,     800,    -705,    -705,  100.0,    0.0,    1.4,    0.0,   89.8,   88.4,   89.8,   89.8,   10.2,   10.2,  100.0,    0.0,    1.4,    0.0,   89.8,   88.4,   89.8,   89.8,   10.2,   10.2,    0.0,    0.0,    0.0,    0.0,    0.0,    0.0,    0.0,    0.0,    0.0,    0.0,     23,      0,      1,      0,     17,     20,     17,     21,     23,      0,      1,      0,     17,     20,     17,     21,      0,      0,      0,      0,      0,      0,      0,      0,    70.6,    50.8,    84.8,    72.1,    64.1,    48.7,    75.1,    66.0,    70.6,    50.8,    84.8,    72.1,    64.1,    48.7,    75.1,    66.0,     0.0,     0.0,     0.0,     0.0,     0.0,     0.0,     0.0,     0.0,"Megawatt Hours (MWh)","064FOL","NODX","064 "
"PJM.ATSI_month_on_dap - NODAL EXCHANGE",260922,2026-09-22,064FZA,NODX,01,064 ,   31285,    7802,    1455,     225,   21335,   27574,   29362,   29254,    1923,    2031,   31285,    7802,    1455,     225,   21335,   27574,   29362,   29254,    1923,    2031,       0,       0,       0,       0,       0,       0,       0,       0,       0,       0,     280,      12,       0,       0,     268,     280,     280,     280,       0,       0,  100.0,   24.9,    4.7,    0.7,   68.2,   88.1,   93.9,   93.5,    6.1,    6.5,  100.0,   24.9,    4.7,    0.7,   68.2,   88.1,   93.9,   93.5,    6.1,    6.5,    0.0,    0.0,    0.0,    0.0,    0.0,    0.0,    0.0,    0.0,    0.0,    0.0,     22,      2,      3,      1,     13,      8,     16,     11,     22,      2,      3,      1,     13,      8,     16,     11,      0,      0,      0,      0,      0,      0,      0,      0,    68.1,    77.3,    84.5,    89.9,    63.9,    76.8,    77.8,    85.0,    68.1,    77.3,    84.5,    89.9,    63.9,    76.8,    77.8,    85.0,     0.0,     0.0,     0.0,     0.0,     0.0,     0.0,     0.0,     0.0,"Megawatt Hours (MWh)","064FZA","NODX","064 "
"PJM.ATSI_month_off_dap - NODAL EXCHANGE",260922,2026-09-22,064FZB,NODX,01,064 ,   31285,    7802,    1455,     225,   21335,   27574,   29362,   29254,    1923,    2031,   31285,    7802,    1455,     225,   21335,   27574,   29362,   29254,    1923,    2031,       0,       0,       0,       0,       0,       0,       0,       0,       0,       0,     280,      12,       0,       0,     268,     280,     280,     280,       0,       0,  100.0,   24.9,    4.7,    0.7,   68.2,   88.1,   93.9,   93.5,    6.1,    6.5,  100.0,   24.9,    4.7,    0.7,   68.2,   88.1,   93.9,   93.5,    6.1,    6.5,    0.0,    0.0,    0.0,    0.0,    0.0,    0.0,    0.0,    0.0,    0.0,    0.0,     22,      2,      3,      1,     13,      8,     16,     11,     22,      2,      3,      1,     13,      8,     16,     11,      0,      0,      0,      0,      0,      0,      0,      0,    68.1,    77.3,    84.5,    89.9,    63.9,    76.8,    77.8,    85.0,    68.1,    77.3,    84.5,    89.9,    63.9,    76.8,    77.8,    85.0,     0.0,     0.0,     0.0,     0.0,     0.0,     0.0,     0.0,     0.0,"Megawatt Hours (MWh)","064FZB","NODX","064 "
"ERCOT.HB_NORTH_month_2x16_rtp - NODAL EXCHANGE",260922,2026-09-22,064GBC,NODX,01,064 ,   16204,    2900,       0,       0,   12004,   14904,   14904,   14904,    1300,    1300,   16204,    2900,       0,       0,   12004,   14904,   14904,   14904,    1300,    1300,       0,       0,       0,       0,       0,       0,       0,       0,       0,       0,.,.,.,.,.,.,.,.,.,.,  100.0,   17.9,    0.0,    0.0,   74.1,   92.0,   92.0,   92.0,    8.0,    8.0,  100.0,   17.9,    0.0,    0.0,   74.1,   92.0,   92.0,   92.0,    8.0,    8.0,    0.0,    0.0,    0.0,    0.0,    0.0,    0.0,    0.0,    0.0,    0.0,    0.0,     20,      2,      0,      0,     12,     14,     14,     14,     20,      2,      0,      0,     12,     14,     14,     14,      0,      0,      0,      0,      0,      0,      0,      0,    55.6,    57.4,    77.8,    79.3,    33.3,    26.2,    40.7,    39.2,    55.6,    57.4,    77.8,    79.3,    33.3,    26.2,    40.7,    39.2,     0.0,     0.0,     0.0,     0.0,     0.0,     0.0,     0.0,     0.0,"Megawatt Hours (MWh)","064GBC","NODX","064 "
"ERCOT.HB_NORTH_month_7x8_rtp - NODAL EXCHANGE",260922,2026-09-22,064GBD,NODX,01,064 ,   37765,    7200,    1150,    2350,   26465,   32695,   36015,   36195,    1750,    1570,   37765,    7200,    1150,    2350,   26465,   32695,   36015,   36195,    1750,    1570,       0,       0,       0,       0,       0,       0,       0,       0,       0,       0,       0,       0,       0,       0,       0,       0,       0,       0,       0,       0,  100.0,   19.1,    3.0,    6.2,   70.1,   86.6,   95.4,   95.8,    4.6,    4.2,  100.0,   19.1,    3.0,    6.2,   70.1,   86.6,   95.4,   95.8,    4.6,    4.2,    0.0,    0.0,    0.0,    0.0,    0.0,    0.0,    0.0,    0.0,    0.0,    0.0,     21,      1,      1,      1,     17,     14,     19,     15,     21,      1,      1,      1,     17,     14,     19,     15,      0,      0,      0,      0,      0,      0,      0,      0,    56.3,    62.6,    77.6,    85.8,    48.4,    48.4,    56.5,    59.2,    56.3,    62.6,    77.6,    85.8,    48.4,    48.4,    56.5,    59.2,     0.0,     0.0,     0.0,     0.0,     0.0,     0.0,     0.0,     0.0,"Megawatt Hours (MWh)","064GBD","NODX","064 "
"ERCOT North 345KV Hub RT 7x16 - ICE FUTURES ENERGY DIV",260922,2026-09-22,064IBM,IFED,01,064 ,   16211,     425,    2505,     300,   15106,   13151,   15831,   15956,     380,     255,   16211,     425,    2505,     300,   15106,   13151,   15831,   15956,     380,     255,       0,       0,       0,       0,       0,       0,       0,       0,       0,       0,       0,       0,       0,       0,       0,       0,       0,       0,       0,       0,  100.0,    2.6,   15.5,    1.9,   93.2,   81.1,   97.7,   98.4,    2.3,    1.6,  100.0,    2.6,   15.5,    1.9,   93.2,   81.1,   97.7,   98.4,    2.3,    1.6,    0.0,    0.0,    0.0,    0.0,    0.0,    0.0,    0.0,    0.0,    0.0,    0.0,     27,      3,      4,      2,     18,     16,     22,     21,     27,      3,      4,      2,     18,     16,     22,     21,      0,      0,      0,      0,      0,      0,      0,      0,    46.0,    51.5,    71.9,    73.1,    25.1,    33.7,    37.4,    43.2,    46.0,    51.5,    71.9,    73.1,    25.1,    33.7,    37.4,    43.2,     0.0,     0.0,     0.0,     0.0,     0.0,     0.0,     0.0,     0.0,"(1MW for about 352 Hours)","064IBM","IFED","064 "
"PROPANE ARGUS CIF ARA MINI - ICE FUTURES ENERGY DIV",260922,2026-09-22,066391,IFED,01,066 ,    7066,     233,    4325,     131,    6167,    2076,    6531,    6532,     535,     534,    7066,     233,    4325,     131,    6167,    2076,    6531,    6532,     535,     534,       0,       0,       0,       0,       0,       0,       0,       0,       0,       0,     231,      65,     209,     -20,     241,      32,     286,     221,     -55,      10,  100.0,    3.3,   61.2,    1.9,   87.3,   29.4,   92.4,   92.4,    7.6,    7.6,  100.0,    3.3,   61.2,    1.9,   87.3,   29.4,   92.4,   92.4,    7.6,    7.6,    0.0,    0.0,    0.0,    0.0,    0.0,    0.0,    0.0,    0.0,    0.0,    0.0,     36,      2,      7,      5,     23,     20,     29,     28,     36,      2,      7,      5,     23,     20,     29,     28,      0,      0,      0,      0,      0,      0,      0,      0,    36.3,    61.7,    61.5,    79.6,    35.9,    60.8,    59.2,    75.6,    36.3,    61.7,    61.5,    79.6,    35.9,    60.8,    59.2,    75.6,     0.0,     0.0,     0.0,     0.0,     0.0,     0.0,     0.0,     0.0,"100 metric tonnes","066391","IFED","066 "
"PROPANE ARGUS FAR EAST MINI - ICE FUTURES ENERGY DIV",260922,2026-09-22,066393,IFED,01,066 ,   10416,    2091,    3488,     596,    6575,    5514,    9262,    9598,    1154,     818,   10416,    2091,    3488,     596,    6575,    5514,    9262,    9598,    1154,     818,       0,       0,       0,       0,       0,       0,       0,       0,       0,       0,     663,     210,     305,      28,     390,     340,     628,     673,      35,     -10,  100.0,   20.1,   33.5,    5.7,   63.1,   52.9,   88.9,   92.1,   11.1,    7.9,  100.0,   20.1,   33.5,    5.7,   63.1,   52.9,   88.9,   92.1,   11.1,    7.9,    0.0,    0.0,    0.0,    0.0,    0.0,    0.0,    0.0,    0.0,    0.0,    0.0,     72,     14,     10,     13,     39,     32,     57,     51,     72,     14,     10,     13,     39,     32,     57,     51,      0,      0,      0,      0,      0,      0,      0,      0,    16.4,    53.4,    29.8,    64.9,    15.9,    52.1,    28.7,    60.6,    16.4,    53.4,    29.8,    64.9,    15.9,    52.1,    28.7,    60.6,     0.0,     0.0,     0.0,     0.0,     0.0,     0.0,     0.0,     0.0,"100  metric tonnes","066393","IFED","066 "
"BUTANE,OPIS MT B, NONTET FIX - ICE FUTURES ENERGY DIV",260922,2026-09-22,066397,IFED,01,066 ,    1388,     162,       0,     239,     895,    1086,    1296,    1325,      92,      63,    1388,     162,       0,     239,     895,    1086,    1296,    1325,      92,      63,       0,       0,       0,       0,       0,       0,       0,       0,       0,       0,.,.,.,.,.,.,.,.,.,.,  100.0,   11.7,    0.0,   17.2,   64.5,   78.2,   93.4,   95.5,    6.6,    4.5,  100.0,   11.7,    0.0,   17.2,   64.5,   78.2,   93.4,   95.5,    6.6,    4.5,    0.0,    0.0,    0.0,    0.0,    0.0,    0.0,    0.0,    0.0,    0.0,    0.0,     20,      4,      0,      3,     11,     10,     15,     13,     20,      4,      0,      3,     11,     10,     15,     13,      0,      0,      0,      0,      0,      0,      0,      0,    52.1,    67.6,    76.6,    86.8,    39.5,    58.9,    55.3,    65.4,    52.1,    67.6,    76.6,    86.8,    39.5,    58.9,    55.3,    65.4,     0.0,     0.0,     0.0,     0.0,     0.0,     0.0,     0.0,     0.0,"42000 gallons(1000 barrels)","066397","IFED","066 "
"PROPANE ARGUS SAUDI CP MINI - ICE FUTURES ENERGY DIV",260922,2026-09-22,06639H,IFED,01,066 ,    2788,     480,    1262,     143,    1403,     613,    2026,    2018,     762,     770,    2788,     480,    1262,     143,    1403,     613,    2026,    2018,     762,     770,       0,       0,       0,       0,       0,       0,       0,       0,       0,       0,      95,     -20,       0,       0,      95,      30,      75,      30,      20,      65,  100.0,   17.2,   45.3,    5.1,   50.3,   22.0,   72.7,   72.4,   27.3,   27.6,  100.0,   17.2,   45.3,    5.1,   50.3,   22.0,   72.7,   72.4,   27.3,   27.6,    0.0,    0.0,    0.0,    0.0,    0.0,    0.0,    0.0,    0.0,    0.0,    0.0,     23,      5,      6,      4,     11,      4,     20,     10,     23,      5,      6,      4,     11,      4,     20,     10,      0,      0,      0,      0,      0,      0,      0,      0,    41.4,    52.9,    55.3,    69.0,    38.8,    47.6,    49.6,    56.7,    41.4,    52.9,    55.3,    69.0,    38.8,    47.6,    49.6,    56.7,     0.0,     0.0,     0.0,     0.0,     0.0,     0.0,     0.0,     0.0,"100 Metric  Tonnes","06639H","IFED","066 "
"PROPANE,OPIS MT B TET/AFEI - ICE FUTURES ENERGY DIV",260922,2026-09-22,06639W,IFED,01,066 ,    4617,     463,    1640,     479,    2809,    1693,    3751,    3812,     866,     805,    4617,     463,    1640,     479,    2809,    1693,    3751,    3812,     866,     805,       0,       0,       0,       0,       0,       0,       0,       0,       0,       0,     323,     243,     186,      34,     -39,     -33,     238,     187,      85,     136,  100.0,   10.0,   35.5,   10.4,   60.8,   36.7,   81.2,   82.6,   18.8,   17.4,  100.0,   10.0,   35.5,   10.4,   60.8,   36.7,   81.2,   82.6,   18.8,   17.4,    0.0,    0.0,    0.0,    0.0,    0.0,    0.0,    0.0,    0.0,    0.0,    0.0,     25,      6,      4,      8,     12,     10,     22,     18,     25,      6,      4,      8,     12,     10,     22,     18,      0,      0,      0,      0,      0,      0,      0,      0,    44.5,    68.6,    61.2,    78.1,    44.4,    64.7,    57.4,    68.9,    44.5,    68.6,    61.2,    78.1,    44.4,    64.7,    57.4,    68.9,     0.0,     0.0,     0.0,     0.0,     0.0,     0.0,     0.0,     0.0,"1000 Metric Tonnes","06639W","IFED","066 "
"PROPANE,OPIS MT BELV TET BALMO - ICE FUTURES ENERGY DIV",260922,2026-09-22,06639Z,IFED,01,066 ,    2319,     118,     834,     761,    1384,     688,    2263,    2283,      56,      36,    2319,     118,     834,     761,    1384,     688,    2263,    2283,      56,      36,       0,       0,       0,       0,       0,       0,       0,       0,       0,       0,.,.,.,.,.,.,.,.,.,.,  100.0,    5.1,   36.0,   32.8,   59.7,   29.7,   97.6,   98.4,    2.4,    1.6,  100.0,    5.1,   36.0,   32.8,   59.7,   29.7,   97.6,   98.4,    2.4,    1.6,    0.0,    0.0,    0.0,    0.0,    0.0,    0.0,    0.0,    0.0,    0.0,    0.0,     20,      2,      4,      3,     13,      5,     18,      9,     20,      2,      4,      3,     13,      5,     18,      9,      0,      0,      0,      0,      0,      0,      0,      0,    48.2,    72.7,    70.8,    97.8,    33.3,    45.6,    48.0,    56.4,    48.2,    72.7,    70.8,    97.8,    33.3,    45.6,    48.0,    56.4,     0.0,     0.0,     0.0,     0.0,     0.0,     0.0,     0.0,     0.0,"42000 gallons(1000 barrels)","06639Z","IFED","066 "
"ARGUS CIF ARA Lg Finl Propane - ICE FUTURES ENERGY DIV",260922,2026-09-22,066411,IFED,01,066 ,    4172,     883,     198,     460,    2150,    2787,    3493,    3445,     679,     727,    4172,     883,     198,     460,    2150,    2787,    3493,    3445,     679,     727,       0,       0,       0,       0,       0,       0,       0,       0,       0,       0,      51,      38,       0,      -9,     -14,      65,      15,      56,      36,      -5,  100.0,   21.2,    4.7,   11.0,   51.5,   66.8,   83.7,   82.6,   16.3,   17.4,  100.0,   21.2,    4.7,   11.0,   51.5,   66.8,   83.7,   82.6,   16.3,   17.4,    0.0,    0.0,    0.0,    0.0,    0.0,    0.0,    0.0,    0.0,    0.0,    0.0,     22,      3,      2,      4,     15,     16,     19,     21,     22,      3,      2,      4,     15,     16,     19,     21,      0,      0,      0,      0,      0,      0,      0,      0,    44.9,    38.4,    66.0,    58.0,    33.6,    28.3,    40.9,    36.9,    44.9,    38.4,    66.0,    58.0,    33.6,    28.3,    40.9,    36.9,     0.0,     0.0,     0.0,     0.0,     0.0,     0.0,     0.0,     0.0,"1000 metric tonnes","066411","IFED","066 "
"ARGUS FAR EAST PROPANE - ICE FUTURES ENERGY DIV",260922,2026-09-22,066413,IFED,01,066 ,   16751,    2149,    1144,    2099,   10920,   12580,   15168,   15823,    1583,     928,   16751,    2149,    1144,    2099,   10920,   12580,   15168,   15823,    1583,     928,       0,       0,       0,       0,       0,       0,       0,       0,       0,       0,     888,     194,      99,      51,     450,     674,     695,     824,     193,      64,  100.0,   12.8,    6.8,   12.5,   65.2,   75.1,   90.5,   94.5,    9.5,    5.5,  100.0,   12.8,    6.8,   12.5,   65.2,   75.1,   90.5,   94.5,    9.5,    5.5,    0.0,    0.0,    0.0,    0.0,    0.0,    0.0,    0.0,    0.0,    0.0,    0.0,     72,     10,      8,     19,     48,     50,     68,     69,     72,     10,      8,     19,     48,     50,     68,     69,      0,      0,      0,      0,      0,      0,      0,      0,    31.2,    28.9,    44.1,    43.9,    26.8,    27.6,    35.7,    39.7,    31.2,    28.9,    44.1,    43.9,    26.8,    27.6,    35.7,    39.7,     0.0,     0.0,     0.0,     0.0,     0.0,     0.0,     0.0,     0.0,"1000  metric tonnes","066413","IFED","066 "
"ETHANE, MT. BELV-ENTERPRISE - ICE FUTURES ENERGY DIV",260922,2026-09-22,066416,IFED,01,066 ,   93885,   15131,    2417,   11399,   66905,   79878,   93435,   93694,     450,     191,   93885,   15131,    2417,   11399,   66905,   79878,   93435,   93694,     450,     191,       0,       0,       0,       0,       0,       0,       0,       0,       0,       0,    2455,     427,     -30,    -289,    2287,    2774,    2425,    2455,      30,       0,  100.0,   16.1,    2.6,   12.1,   71.3,   85.1,   99.5,   99.8,    0.5,    0.2,  100.0,   16.1,    2.6,   12.1,   71.3,   85.1,   99.5,   99.8,    0.5,    0.2,    0.0,    0.0,    0.0,    0.0,    0.0,    0.0,    0.0,    0.0,    0.0,    0.0,     57,      9,      6,     10,     36,     39,     50,     50,     57,      9,      6,     10,     36,     39,     50,     50,      0,      0,      0,      0,      0,      0,      0,      0,    44.5,    37.4,    62.9,    56.4,    27.0,    23.2,    34.4,    32.7,    44.5,    37.4,    62.9,    56.4,    27.0,    23.2,    34.4,    32.7,     0.0,     0.0,     0.0,     0.0,     0.0,     0.0,     0.0,     0.0,"42000 gallons(1000 barrels)","066416","IFED","066 "
"ISOBUTANE OPIS MT BELV NONTET - ICE FUTURES ENERGY DIV",260922,2026-09-22,066418,IFED,01,066 ,    8898,     500,    1379,      30,    8193,    7011,    8723,    8420,     175,     478,    8898,     500,    1379,      30,    8193,    7011,    8723,    8420,     175,     478,       0,       0,       0,       0,       0,       0,       0,       0,       0,       0,     270,      49,      25,      28,     235,     245,     312,     298,     -42,     -28,  100.0,    5.6,   15.5,    0.3,   92.1,   78.8,   98.0,   94.6,    2.0,    5.4,  100.0,    5.6,   15.5,    0.3,   92.1,   78.8,   98.0,   94.6,    2.0,    5.4,    0.0,    0.0,    0.0,    0.0,    0.0,    0.0,    0.0,    0.0,    0.0,    0.0,     34,      3,      3,      2,     19,     13,     23,     17,     34,      3,      3,      2,     19,     13,     23,     17,      0,      0,      0,      0,      0,      0,      0,      0,    49.0,    55.9,    70.9,    82.5,    42.6,    55.9,    63.5,    77.9,    49.0,    55.9,    70.9,    82.5,    42.6,    55.9,    63.5,    77.9,     0.0,     0.0,     0.0,     0.0,     0.0,     0.0,     0.0,     0.0,"42000 gallons(1000 barrels)","066418","IFED","066 "
"NAT GASLNE OPIS MT B NONTET FP - ICE FUTURES ENERGY DIV",260922,2026-09-22,06641A,IFED,01,066 ,   17557,     177,    4471,     696,   16646,   11513,   17519,   16680,      38,     877,   17557,     177,    4471,     696,   16646,   11513,   17519,   16680,      38,     877,       0,       0,       0,       0,       0,       0,       0,       0,       0,       0,     733,      -5,     590,      60,     728,     318,     783,     968,     -50,    -235,  100.0,    1.0,   25.5,    4.0,   94.8,   65.6,   99.8,   95.0,    0.2,    5.0,  100.0,    1.0,   25.5,    4.0,   94.8,   65.6,   99.8,   95.0,    0.2,    5.0,    0.0,    0.0,    0.0,    0.0,    0.0,    0.0,    0.0,    0.0,    0.0,    0.0,     34,      1,      4,      4,     22,     26,     26,     31,     34,      1,      4,      4,     22,     26,     26,     31,      0,      0,      0,      0,      0,      0,      0,      0,    62.7,    60.6,    82.0,    74.4,    49.9,    46.6,    63.4,    56.3,    62.7,    60.6,    82.0,    74.4,    49.9,    46.6,    63.4,    56.3,     0.0,     0.0,     0.0,     0.0,     0.0,     0.0,     0.0,     0.0,"42000 gallons(1000 barrels)","06641A","IFED","066 "
"BUTANE OPIS MT BELV NONTET FP - ICE FUTURES ENERGY DIV",260922,2026-09-22,06641D,IFED,01,066 ,   68898,   10836,    5902,    8464,   49375,   54054,   68675,   68420,     223,     478,   68898,   10836,    5902,    8464,   49375,   54054,   68675,   68420,     223,     478,       0,       0,       0,       0,       0,       0,       0,       0,       0,       0,    5116,      79,     212,     861,    4175,    3987,    5115,    5060,       1,      56,  100.0,   15.7,    8.6,   12.3,   71.7,   78.5,   99.7,   99.3,    0.3,    0.7,  100.0,   15.7,    8.6,   12.3,   71.7,   78.5,   99.7,   99.3,    0.3,    0.7,    0.0,    0.0,    0.0,    0.0,    0.0,    0.0,    0.0,    0.0,    0.0,    0.0,     97,     16,      5,     18,     60,     58,     83,     77,     97,     16,      5,     18,     60,     58,     83,     77,      0,      0,      0,      0,      0,      0,      0,      0,    26.1,    29.8,    42.1,    45.9,    20.6,    18.4,    32.1,    29.8,    26.1,    29.8,    42.1,    45.9,    20.6,    18.4,    32.1,    29.8,     0.0,     0.0,     0.0,     0.0,     0.0,     0.0,     0.0,     0.0,"42000 gallons(1000 barrels)","06641D","IFED","066 "
"PROPANE OPIS CONWAY INWELL FP - ICE FUTURES ENERGY DIV",260922,2026-09-22,06641E,IFED,01,066 ,   11031,    2206,     825,     701,    7807,    9055,   10714,   10581,     317,     450,   11031,    2206,     825,     701,    7807,    9055,   10714,   10581,     317,     450,       0,       0,       0,       0,       0,       0,       0,       0,       0,       0,     429,     -95,       0,      76,     448,     353,     429,     429,       0,       0,  100.0,   20.0,    7.5,    6.4,   70.8,   82.1,   97.1,   95.9,    2.9,    4.1,  100.0,   20.0,    7.5,    6.4,   70.8,   82.1,   97.1,   95.9,    2.9,    4.1,    0.0,    0.0,    0.0,    0.0,    0.0,    0.0,    0.0,    0.0,    0.0,    0.0,     36,      5,      2,      6,     25,     23,     31,     30,     36,      5,      2,      6,     25,     23,     31,     30,      0,      0,      0,      0,      0,      0,      0,      0,    58.2,    52.8,    72.1,    75.8,    53.1,    46.9,    61.1,    59.3,    58.2,    52.8,    72.1,    75.8,    53.1,    46.9,    61.1,    59.3,     0.0,     0.0,     0.0,     0.0,     0.0,     0.0,     0.0,     0.0,"42000 gallons(1000 barrels)","06641E","IFED","066 "
"PROPANE OPIS MT BELV NONTET FP - ICE FUTURES ENERGY DIV",260922,2026-09-22,06641F,IFED,01,066 ,  107776,   15319,    5729,   11394,   80694,   90002,  107407,  107125,     369,     651,  107776,   15319,    5729,   11394,   80694,   90002,  107407,  107125,     369,     651,       0,       0,       0,       0,       0,       0,       0,       0,       0,       0,    1473,     890,      31,    -968,    1527,    2377,    1449,    1440,      24,      33,  100.0,   14.2,    5.3,   10.6,   74.9,   83.5,   99.7,   99.4,    0.3,    0.6,  100.0,   14.2,    5.3,   10.6,   74.9,   83.5,   99.7,   99.4,    0.3,    0.6,    0.0,    0.0,    0.0,    0.0,    0.0,    0.0,    0.0,    0.0,    0.0,    0.0,     78,      6,      8,      7,     42,     44,     53,     54,     78,      6,      8,      7,     42,     44,     53,     54,      0,      0,      0,      0,      0,      0,      0,      0,    55.2,    34.8,    72.4,    58.1,    47.7,    27.6,    62.2,    49.1,    55.2,    34.8,    72.4,    58.1,    47.7,    27.6,    62.2,    49.1,     0.0,     0.0,     0.0,     0.0,     0.0,     0.0,     0.0,     0.0,"42000 gallons(1000 barrels)","06641F","IFED","066 "
"PROPANE OPIS MT BELVIEU TET FP - ICE FUTURES ENERGY DIV",260922,2026-09-22,06641G,IFED,01,066 ,  185955,   29737,   37702,   23352,  132200,  124246,  185289,  185300,     666,     655,  185955,   29737,   37702,   23352,  132200,  124246,  185289,  185300,     666,     655,       0,       0,       0,       0,       0,       0,       0,       0,       0,       0,    6593,   -1307,    2106,    1436,    6441,    3025,    6570,    6567,      23,      26,  100.0,   16.0,   20.3,   12.6,   71.1,   66.8,   99.6,   99.6,    0.4,    0.4,  100.0,   16.0,   20.3,   12.6,   71.1,   66.8,   99.6,   99.6,    0.4,    0.4,    0.0,    0.0,    0.0,    0.0,    0.0,    0.0,    0.0,    0.0,    0.0,    0.0,    143,     15,     26,     27,     86,     86,    118,    122,    143,     15,     26,     27,     86,     86,    118,    122,      0,      0,      0,      0,      0,      0,      0,      0,    29.6,    28.9,    45.0,    42.4,    29.3,    23.7,    42.0,    34.5,    29.6,    28.9,    45.0,    42.4,    29.3,    23.7,    42.0,    34.5,     0.0,     0.0,     0.0,     0.0,     0.0,     0.0,     0.0,     0.0,"42000 gallons(1000 barrels)","06641G","IFED","066 "
"PROPANE ARGUS SAUDI CP FP - ICE FUTURES ENERGY DIV",260922,2026-09-22,06641H,IFED,01,066 ,    3659,     725,     252,     214,    1228,    2762,    2167,    3228,    1492,     431,    3659,     725,     252,     214,    1228,    2762,    2167,    3228,    1492,     431,       0,       0,       0,       0,       0,       0,       0,       0,       0,       0,     237,      87,      75,     -31,     196,     268,     252,     312,     -15,     -75,  100.0,   19.8,    6.9,    5.8,   33.6,   75.5,   59.2,   88.2,   40.8,   11.8,  100.0,   19.8,    6.9,    5.8,   33.6,   75.5,   59.2,   88.2,   40.8,   11.8,    0.0,    0.0,    0.0,    0.0,    0.0,    0.0,    0.0,    0.0,    0.0,    0.0,     33,      9,      3,      4,     14,     17,     24,     23,     33,      9,      3,      4,     14,     17,     24,     23,      0,      0,      0,      0,      0,      0,      0,      0,    30.2,    44.8,    44.7,    66.9,    25.8,    44.4,    37.6,    63.9,    30.2,    44.8,    44.7,    66.9,    25.8,    44.4,    37.6,    63.9,     0.0,     0.0,     0.0,     0.0,     0.0,     0.0,     0.0,     0.0,"1000 Metric  Tonnes","06641H","IFED","066 "
"ARGUS PROPANE FAR EAST INDEX - NEW YORK MERCANTILE EXCHANGE",260922,2026-09-22,06665B,NYME,01,066 ,    4433,     998,      35,      66,    2505,    3825,    3569,    3926,     864,     507,    4433,     998,      35,      66,    2505,    3825,    3569,    3926,     864,     507,       0,       0,       0,       0,       0,       0,       0,       0,       0,       0,     -11,      -4,       0,      32,      -6,     -53,      22,     -21,     -33,      10,  100.0,   22.5,    0.8,    1.5,   56.5,   86.3,   80.5,   88.6,   19.5,   11.4,  100.0,   22.5,    0.8,    1.5,   56.5,   86.3,   80.5,   88.6,   19.5,   11.4,    0.0,    0.0,    0.0,    0.0,    0.0,    0.0,    0.0,    0.0,    0.0,    0.0,     26,      5,      1,      3,     18,     16,     23,     20,     26,      5,      1,      3,     18,     16,     23,     20,      0,      0,      0,      0,      0,      0,      0,      0,    47.7,    67.0,    60.9,    77.9,    45.1,    64.1,    55.0,    67.7,    47.7,    67.0,    60.9,    77.9,    45.1,    64.1,    55.0,    67.7,     0.0,     0.0,     0.0,     0.0,     0.0,     0.0,     0.0,     0.0,"(CONTRACTS OF 1,000 METRIC TONS)","06665B","NYME","066 "
"PROPANE NON-LDH MT BEL - NEW YORK MERCANTILE EXCHANGE",260922,2026-09-22,06665G,NYME,01,066 ,   30248,    2402,    1147,    2017,   25373,   26395,   29792,   29559,     456,     689,   30248,    2402,    1147,    2017,   25373,   26395,   29792,   29559,     456,     689,       0,       0,       0,       0,       0,       0,       0,       0,       0,       0,     493,      42,     230,      -7,     422,     270,     457,     493,      36,       0,  100.0,    7.9,    3.8,    6.7,   83.9,   87.3,   98.5,   97.7,    1.5,    2.3,  100.0,    7.9,    3.8,    6.7,   83.9,   87.3,   98.5,   97.7,    1.5,    2.3,    0.0,    0.0,    0.0,    0.0,    0.0,    0.0,    0.0,    0.0,    0.0,    0.0,     58,      3,      3,      3,     40,     32,     45,     36,     58,      3,      3,      3,     40,     32,     45,     36,      0,      0,      0,      0,      0,      0,      0,      0,    33.0,    43.3,    51.5,    60.6,    33.0,    39.2,    48.7,    54.7,    33.0,    43.3,    51.5,    60.6,    33.0,    39.2,    48.7,    54.7,     0.0,     0.0,     0.0,     0.0,     0.0,     0.0,     0.0,     0.0,"(CONTRACTS OF 42,000 GALLONS)","06665G","NYME","066 "
"PROPANE - NEW YORK MERCANTILE EXCHANGE",260922,2026-09-22,06665O,NYME,01,066 ,  109519,    5863,   12110,   13858,   88902,   82738,  108623,  108706,     896,     813,  109519,    5863,   12110,   13858,   88902,   82738,  108623,  108706,     896,     813,       0,       0,       0,       0,       0,       0,       0,       0,       0,       0,     914,     704,     459,     622,    -458,    -172,     868,     909,      46,       5,  100.0,    5.4,   11.1,   12.7,   81.2,   75.5,   99.2,   99.3,    0.8,    0.7,  100.0,    5.4,   11.1,   12.7,   81.2,   75.5,   99.2,   99.3,    0.8,    0.7,    0.0,    0.0,    0.0,    0.0,    0.0,    0.0,    0.0,    0.0,    0.0,    0.0,    134,     21,     15,     24,     85,     77,    119,    105,    134,     21,     15,     24,     85,     77,    119,    105,      0,      0,      0,      0,      0,      0,      0,      0,    34.2,    23.5,    48.5,    40.7,    30.0,    22.4,    34.3,    33.3,    34.2,    23.5,    48.5,    40.7,    30.0,    22.4,    34.3,    33.3,     0.0,     0.0,     0.0,     0.0,     0.0,     0.0,     0.0,     0.0,"(CONTRACTS OF 42,000 GALLONS)","06665O","NYME","066 "
"MT BELVIEU ETHANE OPIS - NEW YORK MERCANTILE EXCHANGE",260922,2026-09-22,06665P,NYME,01,066 ,   47881,    2549,     390,     690,   44197,   46141,   47436,   47221,     445,     660,   47881,    2549,     390,     690,   44197,   46141,   47436,   47221,     445,     660,       0,       0,       0,       0,       0,       0,       0,       0,       0,       0,     467,     237,     -10,       0,     251,     447,     488,     437,     -21,      30,  100.0,    5.3,    0.8,    1.4,   92.3,   96.4,   99.1,   98.6,    0.9,    1.4,  100.0,    5.3,    0.8,    1.4,   92.3,   96.4,   99.1,   98.6,    0.9,    1.4,    0.0,    0.0,    0.0,    0.0,    0.0,    0.0,    0.0,    0.0,    0.0,    0.0,     53,     13,      3,      6,     29,     33,     44,     41,     53,     13,      3,      6,     29,     33,     44,     41,      0,      0,      0,      0,      0,      0,      0,      0,    60.2,    36.9,    75.8,    58.4,    41.5,    29.1,    47.0,    38.9,    60.2,    36.9,    75.8,    58.4,    41.5,    29.1,    47.0,    38.9,     0.0,     0.0,     0.0,     0.0,     0.0,     0.0,     0.0,     0.0,"(CONTRACTS OF 42,000 GALLONS)","06665P","NYME","066 "
"MT BELV NORM BUTANE OPIS - NEW YORK MERCANTILE EXCHANGE",260922,2026-09-22,06665Q,NYME,01,066 ,   49093,    3870,    2924,    4020,   40406,   40941,   48296,   47885,     797,    1208,   49093,    3870,    2924,    4020,   40406,   40941,   48296,   47885,     797,    1208,       0,       0,       0,       0,       0,       0,       0,       0,       0,       0,    2150,    -190,     -47,     746,    1556,    1441,    2112,    2140,      38,      10,  100.0,    7.9,    6.0,    8.2,   82.3,   83.4,   98.4,   97.5,    1.6,    2.5,  100.0,    7.9,    6.0,    8.2,   82.3,   83.4,   98.4,   97.5,    1.6,    2.5,    0.0,    0.0,    0.0,    0.0,    0.0,    0.0,    0.0,    0.0,    0.0,    0.0,    108,     19,     11,     16,     65,     61,     93,     82,    108,     19,     11,     16,     65,     61,     93,     82,      0,      0,      0,      0,      0,      0,      0,      0,    25.6,    22.6,    41.0,    37.0,    19.4,    16.8,    30.8,    28.7,    25.6,    22.6,    41.0,    37.0,    19.4,    16.8,    30.8,    28.7,     0.0,     0.0,     0.0,     0.0,     0.0,     0.0,     0.0,     0.0,"(CONTRACTS OF 42,000 GALLONS)","06665Q","NYME","066 "
"MT BELV NAT GASOLINE OPIS - NEW YORK MERCANTILE EXCHANGE",260922,2026-09-22,06665R,NYME,01,066 ,   52954,    2292,    1382,     191,   50338,   50193,   52821,   51766,     133,    1188,   52954,    2292,    1382,     191,   50338,   50193,   52821,   51766,     133,    1188,       0,       0,       0,       0,       0,       0,       0,       0,       0,       0,    1045,     105,      94,     -25,     980,     925,    1060,     994,     -15,      51,  100.0,    4.3,    2.6,    0.4,   95.1,   94.8,   99.7,   97.8,    0.3,    2.2,  100.0,    4.3,    2.6,    0.4,   95.1,   94.8,   99.7,   97.8,    0.3,    2.2,    0.0,    0.0,    0.0,    0.0,    0.0,    0.0,    0.0,    0.0,    0.0,    0.0,     51,      5,      2,      4,     29,     34,     37,     38,     51,      5,      2,      4,     29,     34,     37,     38,      0,      0,      0,      0,      0,      0,      0,      0,    81.0,    44.7,    89.4,    68.4,    76.0,    43.9,    81.5,    66.2,    81.0,    44.7,    89.4,    68.4,    76.0,    43.9,    81.5,    66.2,     0.0,     0.0,     0.0,     0.0,     0.0,     0.0,     0.0,     0.0,"(CONTRACTS OF 42,000 GALLONS)","06665R","NYME","066 "
"CONWAY PROPANE (OPIS) - NEW YORK MERCANTILE EXCHANGE",260922,2026-09-22,06665T,NYME,01,066 ,   19918,     467,    1364,    1134,   17474,   17131,   19075,   19629,     843,     289,   19918,     467,    1364,    1134,   17474,   17131,   19075,   19629,     843,     289,       0,       0,       0,       0,       0,       0,       0,       0,       0,       0,     224,      12,    -146,     161,     258,     311,     431,     326,    -207,    -102,  100.0,    2.3,    6.8,    5.7,   87.7,   86.0,   95.8,   98.5,    4.2,    1.5,  100.0,    2.3,    6.8,    5.7,   87.7,   86.0,   95.8,   98.5,    4.2,    1.5,    0.0,    0.0,    0.0,    0.0,    0.0,    0.0,    0.0,    0.0,    0.0,    0.0,     54,      4,      6,      8,     35,     30,     43,     40,     54,      4,      6,      8,     35,     30,     43,     40,      0,      0,      0,      0,      0,      0,      0,      0,    47.0,    44.4,    62.7,    69.2,    45.1,    39.5,    57.0,    57.4,    47.0,    44.4,    62.7,    69.2,    45.1,    39.5,    57.0,    57.4,     0.0,     0.0,     0.0,     0.0,     0.0,     0.0,     0.0,     0.0,"(CONTRACTS OF 42,000 GALLONS)","06665T","NYME","066 "
"CRUDE DIFF-WCS HOUSTON/WTI 1ST - ICE FUTURES ENERGY DIV",260922,2026-09-22,06739C,IFED,01,067 ,   73322,   13144,     620,     514,   59664,   72173,   73322,   73307,       0,      15,   73322,   13144,     620,     514,   59664,   72173,   73322,   73307,       0,      15,       0,       0,       0,       0,       0,       0,       0,       0,       0,       0,    1454,    1130,    -715,      84,     240,    2085,    1454,    1454,       0,       0,  100.0,   17.9,    0.8,    0.7,   81.4,   98.4,  100.0,  100.0,    0.0,    0.0,  100.0,   17.9,    0.8,    0.7,   81.4,   98.4,  100.0,  100.0,    0.0,    0.0,    0.0,    0.0,    0.0,    0.0,    0.0,    0.0,    0.0,    0.0,    0.0,    0.0,     46,      4,      3,      3,     31,     26,     36,     31,     46,      4,      3,      3,     31,     26,     36,     31,      0,      0,      0,      0,      0,      0,      0,      0,    51.3,    74.3,    69.9,    90.0,    41.1,    64.7,    55.0,    71.2,    51.3,    74.3,    69.9,    90.0,    41.1,    64.7,    55.0,    71.2,     0.0,     0.0,     0.0,     0.0,     0.0,     0.0,     0.0,     0.0,"(1000 Barrels)","06739C","IFED","067 "
"CRUDE OIL, LIGHT SWEET-WTI - ICE FUTURES EUROPE",260922,2026-09-22,067411,ICEU,01,067 ,  734302,   72520,   79068,  183142,  464315,  459777,  719977,  721987,   14325,   12315,  734302,   72520,   79068,  183142,  464315,  459777,  719977,  721987,   14325,   12315,       0,       0,       0,       0,       0,       0,       0,       0,       0,       0,  -19579,    3325,   -7972,   -8539,  -10797,    -629,  -16011,  -17140,   -3568,   -2439,  100.0,    9.9,   10.8,   24.9,   63.2,   62.6,   98.0,   98.3,    2.0,    1.7,  100.0,    9.9,   10.8,   24.9,   63.2,   62.6,   98.0,   98.3,    2.0,    1.7,    0.0,    0.0,    0.0,    0.0,    0.0,    0.0,    0.0,    0.0,    0.0,    0.0,    113,     20,     33,     45,     49,     50,     95,    104,    113,     20,     33,     45,     49,     50,     95,    104,      0,      0,      0,      0,      0,      0,      0,      0,    33.3,    31.8,    51.2,    44.6,    27.3,    19.4,    35.6,    26.7,    33.3,    31.8,    51.2,    44.6,    27.3,    19.4,    35.6,    26.7,     0.0,     0.0,     0.0,     0.0,     0.0,     0.0,     0.0,     0.0,"(CONTRACTS OF 1,000 BARRELS)","067411","ICEU","067 "
"WTI CRUDE OIL 1ST LINE - ICE FUTURES ENERGY DIV",260922,2026-09-22,06741Q,IFED,01,067 ,   28342,    1717,   11986,    1112,   22910,   12965,   25739,   26063,    2603,    2279,   28342,    1717,   11986,    1112,   22910,   12965,   25739,   26063,    2603,    2279,       0,       0,       0,       0,       0,       0,       0,       0,       0,       0,.,.,.,.,.,.,.,.,.,.,  100.0,    6.1,   42.3,    3.9,   80.8,   45.7,   90.8,   92.0,    9.2,    8.0,  100.0,    6.1,   42.3,    3.9,   80.8,   45.7,   90.8,   92.0,    9.2,    8.0,    0.0,    0.0,    0.0,    0.0,    0.0,    0.0,    0.0,    0.0,    0.0,    0.0,     22,      2,      3,      5,     14,     11,     19,     16,     22,      2,      3,      5,     14,     11,     19,     16,      0,      0,      0,      0,      0,      0,      0,      0,    70.2,    63.9,    82.5,    80.1,    63.6,    59.4,    72.6,    73.5,    70.2,    63.9,    82.5,    80.1,    63.6,    59.4,    72.6,    73.5,     0.0,     0.0,     0.0,     0.0,     0.0,     0.0,     0.0,     0.0,"1000 US barrels per lot","06741Q","IFED","067 "
"CRUDE DIFF-TMX WCS 1A INDEX - ICE FUTURES ENERGY DIV",260922,2026-09-22,06742G,IFED,01,067 ,   69279,     360,   19805,     195,   68694,   49249,   69249,   69249,      30,      30,   69279,     360,   19805,     195,   68694,   49249,   69249,   69249,      30,      30,       0,       0,       0,       0,       0,       0,       0,       0,       0,       0,   -9267,    -115,   -2450,    -290,   -8837,   -6139,   -9242,   -8879,     -25,    -388,  100.0,    0.5,   28.6,    0.3,   99.2,   71.1,  100.0,  100.0,    0.0,    0.0,  100.0,    0.5,   28.6,    0.3,   99.2,   71.1,  100.0,  100.0,    0.0,    0.0,    0.0,    0.0,    0.0,    0.0,    0.0,    0.0,    0.0,    0.0,    0.0,    0.0,     44,      1,      4,      2,     25,     26,     28,     30,     44,      1,      4,      2,     25,     26,     28,     30,      0,      0,      0,      0,      0,      0,      0,      0,    70.1,    57.2,    87.6,    74.8,    55.3,    54.3,    69.6,    68.0,    70.1,    57.2,    87.6,    74.8,    55.3,    54.3,    69.6,    68.0,     0.0,     0.0,     0.0,     0.0,     0.0,     0.0,     0.0,     0.0,"1000 BARRELS","06742G","IFED","067 "
"CRUDE DIFF-TMX SW 1A INDEX - ICE FUTURES ENERGY DIV",260922,2026-09-22,06742T,IFED,01,067 ,   10216,     170,     790,      85,    9961,    9341,   10216,   10216,       0,       0,   10216,     170,     790,      85,    9961,    9341,   10216,   10216,       0,       0,       0,       0,       0,       0,       0,       0,       0,       0,       0,       0,   -2755,      60,    -865,     -60,   -2755,   -1725,   -2755,   -2650,       0,    -105,  100.0,    1.7,    7.7,    0.8,   97.5,   91.4,  100.0,  100.0,    0.0,    0.0,  100.0,    1.7,    7.7,    0.8,   97.5,   91.4,  100.0,  100.0,    0.0,    0.0,    0.0,    0.0,    0.0,    0.0,    0.0,    0.0,    0.0,    0.0,    0.0,    0.0,     29,      1,      3,      1,     12,     21,     13,     25,     29,      1,      3,      1,     12,     21,     13,     25,      0,      0,      0,      0,      0,      0,      0,      0,    77.9,    52.4,    92.7,    73.0,    69.9,    50.8,    77.3,    65.8,    77.9,    52.4,    92.7,    73.0,    69.9,    50.8,    77.3,    65.8,     0.0,     0.0,     0.0,     0.0,     0.0,     0.0,     0.0,     0.0,"1000 BARRELS","06742T","IFED","067 "
"CONDENSATE DIF-TMX C5 1A INDEX - ICE FUTURES ENERGY DIV",260922,2026-09-22,06743A,IFED,01,067 ,   13300,       0,       0,       0,   13255,   13195,   13255,   13195,      45,     105,   13300,       0,       0,       0,   13255,   13195,   13255,   13195,      45,     105,       0,       0,       0,       0,       0,       0,       0,       0,       0,       0,   -2795,       0,       0,       0,   -2765,   -2735,   -2765,   -2735,     -30,     -60,  100.0,    0.0,    0.0,    0.0,   99.7,   99.2,   99.7,   99.2,    0.3,    0.8,  100.0,    0.0,    0.0,    0.0,   99.7,   99.2,   99.7,   99.2,    0.3,    0.8,    0.0,    0.0,    0.0,    0.0,    0.0,    0.0,    0.0,    0.0,    0.0,    0.0,     25,      0,      0,      0,     15,     18,     15,     18,     25,      0,      0,      0,     15,     18,     15,     18,      0,      0,      0,      0,      0,      0,      0,      0,    70.1,    74.2,    89.2,    90.3,    65.6,    70.7,    78.2,    79.4,    70.1,    74.2,    89.2,    90.3,    65.6,    70.7,    78.2,    79.4,     0.0,     0.0,     0.0,     0.0,     0.0,     0.0,     0.0,     0.0,"1000 BARRELS","06743A","IFED","067 "
"WTI-PHYSICAL - NEW YORK MERCANTILE EXCHANGE",260922,2026-09-22,067651,NYME,01,067 , 1841811,  360810,  219704,  557266,  847389, 1017278, 1765465, 1794248,   76346,   47563, 1841811,  360810,  219704,  557266,  847389, 1017278, 1765465, 1794248,   76346,   47563,       0,       0,       0,       0,       0,       0,       0,       0,       0,       0, -113953,  -10392,  -15593,  -47795,  -47814,  -42783, -106001, -106171,   -7952,   -7782,  100.0,   19.6,   11.9,   30.3,   46.0,   55.2,   95.9,   97.4,    4.1,    2.6,  100.0,   19.6,   11.9,   30.3,   46.0,   55.2,   95.9,   97.4,    4.1,    2.6,    0.0,    0.0,    0.0,    0.0,    0.0,    0.0,    0.0,    0.0,    0.0,    0.0,    312,    134,     61,    119,     92,     98,    280,    231,    312,    134,     61,    119,     92,     98,    280,    231,      0,      0,      0,      0,      0,      0,      0,      0,    18.0,    20.4,    30.5,    30.9,     9.5,    14.2,    15.9,    21.1,    18.0,    20.4,    30.5,    30.9,     9.5,    14.2,    15.9,    21.1,     0.0,     0.0,     0.0,     0.0,     0.0,     0.0,     0.0,     0.0,"(CONTRACTS OF 1,000 BARRELS)","067651","NYME","067 "
"WTI FINANCIAL CRUDE OIL - NEW YORK MERCANTILE EXCHANGE",260922,2026-09-22,06765A,NYME,01,067 ,  209462,   60430,   23081,   10117,  110956,  122462,  181503,  155660,   27959,   53802,  209462,   60430,   23081,   10117,  110956,  122462,  181503,  155660,   27959,   53802,       0,       0,       0,       0,       0,       0,       0,       0,       0,       0,    7298,     649,      40,     117,    7052,    5840,    7818,    5997,    -520,    1301,  100.0,   28.9,   11.0,    4.8,   53.0,   58.5,   86.7,   74.3,   13.3,   25.7,  100.0,   28.9,   11.0,    4.8,   53.0,   58.5,   86.7,   74.3,   13.3,   25.7,    0.0,    0.0,    0.0,    0.0,    0.0,    0.0,    0.0,    0.0,    0.0,    0.0,     50,      5,      5,      7,     33,     32,     41,     41,     50,      5,      5,      7,     33,     32,     41,     41,      0,      0,      0,      0,      0,      0,      0,      0,    34.0,    34.0,    51.2,    46.6,    31.1,    34.0,    46.1,    45.7,    34.0,    34.0,    51.2,    46.6,    31.1,    34.0,    46.1,    45.7,     0.0,     0.0,     0.0,     0.0,     0.0,     0.0,     0.0,     0.0,"(CONTRACTS OF 1,000 BARRELS)","06765A","NYME","067 "
"BRENT LAST DAY - NEW YORK MERCANTILE EXCHANGE",260922,2026-09-22,06765T,NYME,01,067 ,  251518,   40522,   84707,  103039,   98970,   56787,  242531,  244533,    8987,    6985,  251518,   40522,   84707,  103039,   98970,   56787,  242531,  244533,    8987,    6985,       0,       0,       0,       0,       0,       0,       0,       0,       0,       0,   -9201,   -3303,     253,   -6530,    2068,   -2200,   -7765,   -8477,   -1436,    -724,  100.0,   16.1,   33.7,   41.0,   39.3,   22.6,   96.4,   97.2,    3.6,    2.8,  100.0,   16.1,   33.7,   41.0,   39.3,   22.6,   96.4,   97.2,    3.6,    2.8,    0.0,    0.0,    0.0,    0.0,    0.0,    0.0,    0.0,    0.0,    0.0,    0.0,     54,     15,     18,     29,     18,     18,     49,     49,     54,     15,     18,     29,     18,     18,     49,     49,      0,      0,      0,      0,      0,      0,      0,      0,    38.0,    56.0,    59.0,    74.3,    25.7,    35.1,    37.4,    43.2,    38.0,    56.0,    59.0,    74.3,    25.7,    35.1,    37.4,    43.2,     0.0,     0.0,     0.0,     0.0,     0.0,     0.0,     0.0,     0.0,"(CONTRACTS OF 1,000 BARRELS)","06765T","NYME","067 "
"WTI  HOUSTON ARGUS/WTI TR MO - NEW YORK MERCANTILE EXCHANGE",260922,2026-09-22,0676A5,NYME,01,067 ,  504840,    4309,   71241,   16774,  479313,  402411,  500396,  490426,    4444,   14414,  504840,    4309,   71241,   16774,  479313,  402411,  500396,  490426,    4444,   14414,       0,       0,       0,       0,       0,       0,       0,       0,       0,       0,   45015,     641,    2464,   -1165,   44408,   40614,   43884,   41913,    1131,    3102,  100.0,    0.9,   14.1,    3.3,   94.9,   79.7,   99.1,   97.1,    0.9,    2.9,  100.0,    0.9,   14.1,    3.3,   94.9,   79.7,   99.1,   97.1,    0.9,    2.9,    0.0,    0.0,    0.0,    0.0,    0.0,    0.0,    0.0,    0.0,    0.0,    0.0,     48,      4,      4,      4,     28,     32,     35,     37,     48,      4,      4,      4,     28,     32,     35,     37,      0,      0,      0,      0,      0,      0,      0,      0,    60.4,    43.7,    82.8,    67.6,    59.5,    41.1,    71.3,    57.8,    60.4,    43.7,    82.8,    67.6,    59.5,    41.1,    71.3,    57.8,     0.0,     0.0,     0.0,     0.0,     0.0,     0.0,     0.0,     0.0,"(CONTRACTS OF 1,000 BARRELS)","0676A5","NYME","067 "
"WTI  HOUSTON ARGUS/WTI BALMO - NEW YORK MERCANTILE EXCHANGE",260922,2026-09-22,0676A6,NYME,01,067 ,   29352,    2170,       0,     545,   24057,   23717,   26772,   24262,    2580,    5090,   29352,    2170,       0,     545,   24057,   23717,   26772,   24262,    2580,    5090,       0,       0,       0,       0,       0,       0,       0,       0,       0,       0,    1831,       0,       0,       0,    1531,    1331,    1531,    1331,     300,     500,  100.0,    7.4,    0.0,    1.9,   82.0,   80.8,   91.2,   82.7,    8.8,   17.3,  100.0,    7.4,    0.0,    1.9,   82.0,   80.8,   91.2,   82.7,    8.8,   17.3,    0.0,    0.0,    0.0,    0.0,    0.0,    0.0,    0.0,    0.0,    0.0,    0.0,     20,      1,      0,      1,     17,     13,     18,     14,     20,      1,      0,      1,     17,     13,     18,     14,      0,      0,      0,      0,      0,      0,      0,      0,    43.1,    51.3,    67.2,    71.6,    36.9,    41.8,    51.3,    50.3,    43.1,    51.3,    67.2,    71.6,    36.9,    41.8,    51.3,    50.3,     0.0,     0.0,     0.0,     0.0,     0.0,     0.0,     0.0,     0.0,"(CONTRACTS OF 1,000 BARRELS)","0676A6","NYME","067 "
"WTI MIDLAND ARGUS VS WTI TRADE - NEW YORK MERCANTILE EXCHANGE",260922,2026-09-22,067A71,NYME,01,067 ,  422178,   22125,    5460,       0,  391362,  400528,  413487,  405988,    8691,   16190,  422178,   22125,    5460,       0,  391362,  400528,  413487,  405988,    8691,   16190,       0,       0,       0,       0,       0,       0,       0,       0,       0,       0,   67955,      21,       0,   -1241,   67431,   69402,   66211,   68161,    1744,    -206,  100.0,    5.2,    1.3,    0.0,   92.7,   94.9,   97.9,   96.2,    2.1,    3.8,  100.0,    5.2,    1.3,    0.0,   92.7,   94.9,   97.9,   96.2,    2.1,    3.8,    0.0,    0.0,    0.0,    0.0,    0.0,    0.0,    0.0,    0.0,    0.0,    0.0,     36,      1,      1,      0,     19,     23,     20,     24,     36,      1,      1,      0,     19,     23,     20,     24,      0,      0,      0,      0,      0,      0,      0,      0,    64.7,    62.3,    88.6,    81.4,    64.7,    62.3,    88.6,    81.3,    64.7,    62.3,    88.6,    81.4,    64.7,    62.3,    88.6,    81.3,     0.0,     0.0,     0.0,     0.0,     0.0,     0.0,     0.0,     0.0,"(CONTRACTS OF 1,000 BARRELS)","067A71","NYME","067 "
"COCOA - ICE FUTURES U.S.",260922,2026-09-22,073732,ICUS,01,073 ,  178964,   28524,   43574,   39144,  100021,   86746,  167689,  169464,   11275,    9500,  170855,   29529,   44571,   34886,   95605,   81976,  160020,  161433,   10835,    9422,    8109,    1909,    1917,    1344,    4416,    4770,    7669,    8031,     440,      78,   -3727,   -5308,    2804,   -3116,    4971,   -4907,   -3453,   -5219,    -274,    1492,  100.0,   15.9,   24.3,   21.9,   55.9,   48.5,   93.7,   94.7,    6.3,    5.3,  100.0,   17.3,   26.1,   20.4,   56.0,   48.0,   93.7,   94.5,    6.3,    5.5,  100.0,   23.5,   23.6,   16.6,   54.5,   58.8,   94.6,   99.0,    5.4,    1.0,    197,     53,     75,     80,     56,     43,    162,    154,    197,     55,     74,     77,     55,     42,    159,    152,     51,     13,     11,      9,     18,     16,     36,     31,    20.1,    13.2,    31.3,    23.8,    17.7,    11.8,    27.3,    20.7,    20.8,    13.5,    32.4,    24.0,    19.0,    12.8,    29.0,    21.7,    47.1,    33.1,    65.7,    59.4,    34.2,    29.2,    44.8,    46.6,"(CONTRACTS OF 10 METRIC TONS)","073732","ICUS","073 "
"PALLADIUM - NEW YORK MERCANTILE EXCHANGE",260922,2026-09-22,075651,NYME,01,075 ,   16730,    5939,   10472,     910,    7156,    3925,   14005,   15307,    2725,    1423,   16730,    5939,   10472,     910,    7156,    3925,   14005,   15307,    2725,    1423,       0,       0,       0,       0,       0,       0,       0,       0,       0,       0,      23,    -345,      38,     146,      83,     -70,    -116,     114,     139,     -91,  100.0,   35.5,   62.6,    5.4,   42.8,   23.5,   83.7,   91.5,   16.3,    8.5,  100.0,   35.5,   62.6,    5.4,   42.8,   23.5,   83.7,   91.5,   16.3,    8.5,    0.0,    0.0,    0.0,    0.0,    0.0,    0.0,    0.0,    0.0,    0.0,    0.0,    152,     60,     43,     24,     29,     25,     99,     83,    152,     60,     43,     24,     29,     25,     99,     83,      0,      0,      0,      0,      0,      0,      0,      0,    28.2,    31.9,    41.5,    47.9,    27.9,    30.7,    41.2,    46.7,    28.2,    31.9,    41.5,    47.9,    27.9,    30.7,    41.2,    46.7,     0.0,     0.0,     0.0,     0.0,     0.0,     0.0,     0.0,     0.0,"(CONTRACTS OF 100 TROY OUNCES)","075651","NYME","075 "
"PLATINUM - NEW YORK MERCANTILE EXCHANGE",260922,2026-09-22,076651,NYME,01,076 ,   65373,   27006,   11640,    9659,   20885,   40646,   57550,   61945,    7823,    3428,   65373,   27006,   11640,    9659,   20885,   40646,   57550,   61945,    7823,    3428,       0,       0,       0,       0,       0,       0,       0,       0,       0,       0,    -105,     756,     610,   -1234,     554,     506,      76,    -118,    -181,      13,  100.0,   41.3,   17.8,   14.8,   31.9,   62.2,   88.0,   94.8,   12.0,    5.2,  100.0,   41.3,   17.8,   14.8,   31.9,   62.2,   88.0,   94.8,   12.0,    5.2,    0.0,    0.0,    0.0,    0.0,    0.0,    0.0,    0.0,    0.0,    0.0,    0.0,    198,     89,     43,     41,     31,     42,    142,    108,    198,     89,     43,     41,     31,     42,    142,    108,      0,      0,      0,      0,      0,      0,      0,      0,    17.5,    32.6,    28.3,    50.0,    16.5,    32.6,    25.7,    45.1,    17.5,    32.6,    28.3,    50.0,    16.5,    32.6,    25.7,    45.1,     0.0,     0.0,     0.0,     0.0,     0.0,     0.0,     0.0,     0.0,"(CONTRACTS OF 50 TROY OUNCES)","076651","NYME","076 "
"SUGAR NO. 11 - ICE FUTURES U.S.",260922,2026-09-22,080732,ICUS,01,080 , 1147767,  362956,  198552,  190028,  489710,  706807, 1042694, 1095387,  105073,   52380, 1147767,  362956,  198552,  190028,  489710,  706807, 1042694, 1095387,  105073,   52380,       0,       0,       0,       0,       0,       0,       0,       0,       0,       0,  -71756,  -14463,    3648,  -28969,  -20827,  -41776,  -64259,  -67097,   -7497,   -4659,  100.0,   31.6,   17.3,   16.6,   42.7,   61.6,   90.8,   95.4,    9.2,    4.6,  100.0,   31.6,   17.3,   16.6,   42.7,   61.6,   90.8,   95.4,    9.2,    4.6,    0.0,    0.0,    0.0,    0.0,    0.0,    0.0,    0.0,    0.0,    0.0,    0.0,    294,    119,     62,     92,     80,     83,    249,    194,    294,    119,     62,     92,     80,     83,    249,    194,      0,      0,      0,      0,      0,      0,      0,      0,    14.4,    25.3,    23.3,    38.9,    12.0,    19.0,    19.5,    30.6,    14.4,    25.3,    23.3,    38.9,    12.0,    19.0,    19.5,    30.6,     0.0,     0.0,     0.0,     0.0,     0.0,     0.0,     0.0,     0.0,"(CONTRACTS OF 112,000 POUNDS)","080732","ICUS","080 "
"COFFEE C - ICE FUTURES U.S.",260922,2026-09-22,083731,ICUS,01,083 ,  153035,   41880,   31607,   32168,   71417,   82792,  145465,  146567,    7570,    6468,  144877,   40626,   33453,   28677,   68234,   76460,  137537,  138590,    7340,    6287,    8158,    4465,    1365,     280,    3183,    6332,    7928,    7977,     230,     181,    2577,   -2155,    3042,     446,    4088,   -1415,    2379,    2073,     198,     504,  100.0,   27.4,   20.7,   21.0,   46.7,   54.1,   95.1,   95.8,    4.9,    4.2,  100.0,   28.0,   23.1,   19.8,   47.1,   52.8,   94.9,   95.7,    5.1,    4.3,  100.0,   54.7,   16.7,    3.4,   39.0,   77.6,   97.2,   97.8,    2.8,    2.2,    329,     85,    100,     99,    109,    110,    254,    260,    329,     87,    100,     98,    107,    107,    251,    257,    103,     16,     18,      8,     37,     35,     57,     58,    17.7,    14.1,    27.0,    23.5,    14.7,    12.6,    21.0,    19.4,    17.5,    13.7,    26.9,    23.6,    15.7,    12.1,    22.2,    19.4,    48.9,    42.4,    65.5,    59.3,    46.4,    40.5,    62.6,    57.4,"(CONTRACTS OF 37,500 POUNDS)","083731","ICUS","083 "
"SILVER - COMMODITY EXCHANGE INC.",260922,2026-09-22,084691,CMX ,01,084 ,  106474,   34701,    9257,   12867,   31176,   75930,   78744,   98054,   27730,    8420,  106474,   34701,    9257,   12867,   31176,   75930,   78744,   98054,   27730,    8420,       0,       0,       0,       0,       0,       0,       0,       0,       0,       0,    2729,    -694,    -812,    1430,    -651,    1403,      85,    2021,    2644,     708,  100.0,   32.6,    8.7,   12.1,   29.3,   71.3,   74.0,   92.1,   26.0,    7.9,  100.0,   32.6,    8.7,   12.1,   29.3,   71.3,   74.0,   92.1,   26.0,    7.9,    0.0,    0.0,    0.0,    0.0,    0.0,    0.0,    0.0,    0.0,    0.0,    0.0,    157,     79,     30,     37,     29,     37,    124,     89,    157,     79,     30,     37,     29,     37,    124,     89,      0,      0,      0,      0,      0,      0,      0,      0,    14.3,    33.8,    23.4,    49.6,    14.1,    30.8,    22.7,    45.7,    14.3,    33.8,    23.4,    49.6,    14.1,    30.8,    22.7,    45.7,     0.0,     0.0,     0.0,     0.0,     0.0,     0.0,     0.0,     0.0,"(CONTRACTS OF 5,000 TROY OUNCES)","084691","CMX ","084 "
"COPPER- #1 - COMMODITY EXCHANGE INC.",260922,2026-09-22,085692,CMX ,01,085 ,  301657,  129398,   38876,   59949,   92911,  193346,  282258,  292171,   19399,    9486,  301657,  129398,   38876,   59949,   92911,  193346,  282258,  292171,   19399,    9486,       0,       0,       0,       0,       0,       0,       0,       0,       0,       0,   12194,   12233,   -3155,    5697,   -6723,    9325,   11207,   11867,     987,     327,  100.0,   42.9,   12.9,   19.9,   30.8,   64.1,   93.6,   96.9,    6.4,    3.1,  100.0,   42.9,   12.9,   19.9,   30.8,   64.1,   93.6,   96.9,    6.4,    3.1,    0.0,    0.0,    0.0,    0.0,    0.0,    0.0,    0.0,    0.0,    0.0,    0.0,    283,    149,     57,     79,     53,     56,    240,    163,    283,    149,     57,     79,     53,     56,    240,    163,      0,      0,      0,      0,      0,      0,      0,      0,    17.1,    33.9,    27.4,    48.0,    16.3,    32.8,    24.1,    44.7,    17.1,    33.9,    27.4,    48.0,    16.3,    32.8,    24.1,    44.7,     0.0,     0.0,     0.0,     0.0,     0.0,     0.0,     0.0,     0.0,"(CONTRACTS OF 25,000 POUNDS)","085692","CMX ","085 "
"GOLD - COMMODITY EXCHANGE INC.",260922,2026-09-22,088691,CMX ,01,088 ,  412800,  253982,   28129,   48923,   57458,  320361,  360363,  397413,   52437,   15387,  412800,  253982,   28129,   48923,   57458,  320361,  360363,  397413,   52437,   15387,       0,       0,       0,       0,       0,       0,       0,       0,       0,       0,    2901,   -4077,     408,     960,    1041,    2223,   -2076,    3591,    4977,    -690,  100.0,   61.5,    6.8,   11.9,   13.9,   77.6,   87.3,   96.3,   12.7,    3.7,  100.0,   61.5,    6.8,   11.9,   13.9,   77.6,   87.3,   96.3,   12.7,    3.7,    0.0,    0.0,    0.0,    0.0,    0.0,    0.0,    0.0,    0.0,    0.0,    0.0,    293,    174,     47,     79,     52,     47,    258,    145,    293,    174,     47,     79,     52,     47,    258,    145,      0,      0,      0,      0,      0,      0,      0,      0,    21.0,    40.0,    29.7,    58.3,    20.5,    38.6,    28.3,    55.1,    21.0,    40.0,    29.7,    58.3,    20.5,    38.6,    28.3,    55.1,     0.0,     0.0,     0.0,     0.0,     0.0,     0.0,     0.0,     0.0,"(CONTRACTS OF 100 TROY OUNCES)","088691","CMX ","088 "
"MICRO GOLD - COMMODITY EXCHANGE INC.",260922,2026-09-22,088695,CMX ,01,088 ,   98428,   41214,   65127,    5153,    8050,       0,   54417,   70280,   44011,   28148,   98428,   41214,   65127,    5153,    8050,       0,   54417,   70280,   44011,   28148,       0,       0,       0,       0,       0,       0,       0,       0,       0,       0,    8063,    3111,    8297,     261,      28,       0,    3400,    8558,    4663,    -495,  100.0,   41.9,   66.2,    5.2,    8.2,    0.0,   55.3,   71.4,   44.7,   28.6,  100.0,   41.9,   66.2,    5.2,    8.2,    0.0,   55.3,   71.4,   44.7,   28.6,    0.0,    0.0,    0.0,    0.0,    0.0,    0.0,    0.0,    0.0,    0.0,    0.0,     48,     31,     12,     12,      3,      0,     40,     20,     48,     31,     12,     12,      3,      0,     40,     20,      0,      0,      0,      0,      0,      0,      0,      0,    30.5,    61.7,    39.2,    67.2,    29.6,    61.6,    37.7,    65.1,    30.5,    61.7,    39.2,    67.2,    29.6,    61.6,    37.7,    65.1,     0.0,     0.0,     0.0,     0.0,     0.0,     0.0,     0.0,     0.0,"(CONTRACTS OF 10 TROY OUNCES)","088695","CMX ","088 "
"CANADIAN DOLLAR - CHICAGO MERCANTILE EXCHANGE",260922,2026-09-22,090741,CME ,00,090 ,  311085,   86030,  139240,    3234,  191370,  135372,  280634,  277846,   30451,   33239,  311085,   86030,  139240,    3234,  191370,  135372,  280634,  277846,   30451,   33239,       0,       0,       0,       0,       0,       0,       0,       0,       0,       0,  -47101,   12080,   27713,   -3756,  -59502,  -68577,  -51178,  -44620,    4077,   -2481,  100.0,   27.7,   44.8,    1.0,   61.5,   43.5,   90.2,   89.3,    9.8,   10.7,  100.0,   27.7,   44.8,    1.0,   61.5,   43.5,   90.2,   89.3,    9.8,   10.7,    0.0,    0.0,    0.0,    0.0,    0.0,    0.0,    0.0,    0.0,    0.0,    0.0,    135,     26,     41,     17,     44,     33,     80,     81,    135,     26,     41,     17,     44,     33,     80,     81,      0,      0,      0,      0,      0,      0,      0,      0,    57.1,    35.5,    67.6,    49.3,    57.1,    35.5,    67.5,    49.3,    57.1,    35.5,    67.6,    49.3,    57.1,    35.5,    67.5,    49.3,     0.0,     0.0,     0.0,     0.0,     0.0,     0.0,     0.0,     0.0,"(CONTRACTS OF CAD 100,000)","090741","CME ","090 "
"SWISS FRANC - CHICAGO MERCANTILE EXCHANGE",260922,2026-09-22,092741,CME ,00,092 ,  133495,   22189,   48941,    5737,   96091,   52975,  124017,  107653,    9478,   25842,  133495,   22189,   48941,    5737,   96091,   52975,  124017,  107653,    9478,   25842,       0,       0,       0,       0,       0,       0,       0,       0,       0,       0,  -37818,    1926,    -310,       0,    1372,    2730,    3298,    2420,  -41116,  -40238,  100.0,   16.6,   36.7,    4.3,   72.0,   39.7,   92.9,   80.6,    7.1,   19.4,  100.0,   16.6,   36.7,    4.3,   72.0,   39.7,   92.9,   80.6,    7.1,   19.4,    0.0,    0.0,    0.0,    0.0,    0.0,    0.0,    0.0,    0.0,    0.0,    0.0,     62,     11,     19,      3,     16,     21,     28,     42,     62,     11,     19,      3,     16,     21,     28,     42,      0,      0,      0,      0,      0,      0,      0,      0,    76.0,    31.1,    83.0,    48.5,    71.8,    31.1,    77.2,    47.6,    76.0,    31.1,    83.0,    48.5,    71.8,    31.1,    77.2,    47.6,     0.0,     0.0,     0.0,     0.0,     0.0,     0.0,     0.0,     0.0,"(CONTRACTS OF CHF 125,000)","092741","CME ","092 "
"MEXICAN PESO - CHICAGO MERCANTILE EXCHANGE",260922,2026-09-22,095741,CME ,00,095 ,  266061,  127595,   52428,    1165,  129825,  209445,  258585,  263038,    7476,    3023,  266061,  127595,   52428,    1165,  129825,  209445,  258585,  263038,    7476,    3023,       0,       0,       0,       0,       0,       0,       0,       0,       0,       0,  -53438,   -7012,    5603,    -442,   15474,    3397,    8020,    8558,  -61458,  -61996,  100.0,   48.0,   19.7,    0.4,   48.8,   78.7,   97.2,   98.9,    2.8,    1.1,  100.0,   48.0,   19.7,    0.4,   48.8,   78.7,   97.2,   98.9,    2.8,    1.1,    0.0,    0.0,    0.0,    0.0,    0.0,    0.0,    0.0,    0.0,    0.0,    0.0,    181,     90,     28,      5,     40,     29,    133,     60,    181,     90,     28,      5,     40,     29,    133,     60,      0,      0,      0,      0,      0,      0,      0,      0,    25.5,    78.0,    44.8,    86.1,    25.5,    78.0,    44.8,    85.4,    25.5,    78.0,    44.8,    86.1,    25.5,    78.0,    44.8,    85.4,     0.0,     0.0,     0.0,     0.0,     0.0,     0.0,     0.0,     0.0,"(CONTRACTS OF MXN 500,000)","095741","CME ","095 "
"BRITISH POUND - CHICAGO MERCANTILE EXCHANGE",260922,2026-09-22,096742,CME ,00,096 ,  244925,   54455,  137023,    3225,  162042,   74362,  219722,  214610,   25203,   30315,  244925,   54455,  137023,    3225,  162042,   74362,  219722,  214610,   25203,   30315,       0,       0,       0,       0,       0,       0,       0,       0,       0,       0,  -69368,  -14876,    8977,    -238,   32361,    1746,   17247,   10485,  -86615,  -79853,  100.0,   22.2,   55.9,    1.3,   66.2,   30.4,   89.7,   87.6,   10.3,   12.4,  100.0,   22.2,   55.9,    1.3,   66.2,   30.4,   89.7,   87.6,   10.3,   12.4,    0.0,    0.0,    0.0,    0.0,    0.0,    0.0,    0.0,    0.0,    0.0,    0.0,    107,     24,     27,     11,     28,     38,     58,     70,    107,     24,     27,     11,     28,     38,     58,     70,      0,      0,      0,      0,      0,      0,      0,      0,    38.9,    46.2,    58.2,    56.8,    37.3,    45.9,    56.5,    56.6,    38.9,    46.2,    58.2,    56.8,    37.3,    45.9,    56.5,    56.6,     0.0,     0.0,     0.0,     0.0,     0.0,     0.0,     0.0,     0.0,"(CONTRACTS OF GBP 62,500)","096742","CME ","096 "
"JAPANESE YEN - CHICAGO MERCANTILE EXCHANGE",260922,2026-09-22,097741,CME ,00,097 ,  378701,  192274,  120292,    4376,  143954,  220368,  340604,  345036,   38097,   33665,  378701,  192274,  120292,    4376,  143954,  220368,  340604,  345036,   38097,   33665,       0,       0,       0,       0,       0,       0,       0,       0,       0,       0, -164101,  -45677,    2700,     991,   -5803,  -54063,  -50489,  -50372, -113612, -113729,  100.0,   50.8,   31.8,    1.2,   38.0,   58.2,   89.9,   91.1,   10.1,    8.9,  100.0,   50.8,   31.8,    1.2,   38.0,   58.2,   89.9,   91.1,   10.1,    8.9,    0.0,    0.0,    0.0,    0.0,    0.0,    0.0,    0.0,    0.0,    0.0,    0.0,    155,     42,     38,     16,     51,     43,     98,     92,    155,     42,     38,     16,     51,     43,     98,     92,      0,      0,      0,      0,      0,      0,      0,      0,    32.4,    48.5,    49.9,    64.3,    32.4,    47.7,    49.9,    63.5,    32.4,    48.5,    49.9,    64.3,    32.4,    47.7,    49.9,    63.5,     0.0,     0.0,     0.0,     0.0,     0.0,     0.0,     0.0,     0.0,"(CONTRACTS OF JPY 12,500,000)","097741","CME ","097 "
"USD INDEX - ICE FUTURES U.S.",260922,2026-09-22,098662,ICUS,01,098 ,   46328,   27768,   17438,    1866,   13356,   25523,   42990,   44827,    3338,    1501,   46328,   27768,   17438,    1866,   13356,   25523,   42990,   44827,    3338,    1501,       0,       0,       0,       0,       0,       0,       0,       0,       0,       0,    2584,    1797,    2060,     286,     170,     103,    2253,    2449,     331,     135,  100.0,   59.9,   37.6,    4.0,   28.8,   55.1,   92.8,   96.8,    7.2,    3.2,  100.0,   59.9,   37.6,    4.0,   28.8,   55.1,   92.8,   96.8,    7.2,    3.2,    0.0,    0.0,    0.0,    0.0,    0.0,    0.0,    0.0,    0.0,    0.0,    0.0,    113,     69,     29,      7,     10,      8,     80,     43,    113,     69,     29,      7,     10,      8,     80,     43,      0,      0,      0,      0,      0,      0,      0,      0,    44.7,    73.1,    61.2,    81.2,    42.4,    72.9,    58.2,    79.2,    44.7,    73.1,    61.2,    81.2,    42.4,    72.9,    58.2,    79.2,     0.0,     0.0,     0.0,     0.0,     0.0,     0.0,     0.0,     0.0,"(U.S. DOLLAR INDEX X $1000)","098662","ICUS","098 "
"EURO FX - CHICAGO MERCANTILE EXCHANGE",260922,2026-09-22,099741,CME ,00,099 ,  821689,  220708,  273042,   31289,  489579,  460612,  741576,  764943,   80113,   56746,  821689,  220708,  273042,   31289,  489579,  460612,  741576,  764943,   80113,   56746,       0,       0,       0,       0,       0,       0,       0,       0,       0,       0,  -98346,   11708,   37049,   -6080,    4312,  -24445,    9940,    6524, -108286, -104870,  100.0,   26.9,   33.2,    3.8,   59.6,   56.1,   90.3,   93.1,    9.7,    6.9,  100.0,   26.9,   33.2,    3.8,   59.6,   56.1,   90.3,   93.1,    9.7,    6.9,    0.0,    0.0,    0.0,    0.0,    0.0,    0.0,    0.0,    0.0,    0.0,    0.0,    327,     80,     52,     28,    144,    106,    236,    174,    327,     80,     52,     28,    144,    106,    236,    174,      0,      0,      0,      0,      0,      0,      0,      0,    19.6,    32.8,    29.3,    49.1,    19.5,    32.8,    29.0,    47.8,    19.6,    32.8,    29.3,    49.1,    19.5,    32.8,    29.0,    47.8,     0.0,     0.0,     0.0,     0.0,     0.0,     0.0,     0.0,     0.0,"(CONTRACTS OF EUR 125,000)","099741","CME ","099 "
"BRAZILIAN REAL - CHICAGO MERCANTILE EXCHANGE",260922,2026-09-22,102741,CME ,00,102 ,  117063,   84752,   30551,    2280,   24389,   83065,  111421,  115896,    5642,    1167,  117063,   84752,   30551,    2280,   24389,   83065,  111421,  115896,    5642,    1167,       0,       0,       0,       0,       0,       0,       0,       0,       0,       0,    1176,   -2693,    1155,    1818,    1526,   -1765,     651,    1208,     525,     -32,  100.0,   72.4,   26.1,    1.9,   20.8,   71.0,   95.2,   99.0,    4.8,    1.0,  100.0,   72.4,   26.1,    1.9,   20.8,   71.0,   95.2,   99.0,    4.8,    1.0,    0.0,    0.0,    0.0,    0.0,    0.0,    0.0,    0.0,    0.0,    0.0,    0.0,    112,     53,     19,      8,     23,     14,     83,     38,    112,     53,     19,      8,     23,     14,     83,     38,      0,      0,      0,      0,      0,      0,      0,      0,    34.0,    77.0,    54.6,    88.3,    34.0,    77.0,    54.6,    88.3,    34.0,    77.0,    54.6,    88.3,    34.0,    77.0,    54.6,    88.3,     0.0,     0.0,     0.0,     0.0,     0.0,     0.0,     0.0,     0.0,"(CONTRACTS OF BRL 100,000)","102741","CME ","102 "
"GASOLINE RBOB - NEW YORK MERCANTILE EXCHANGE",260922,2026-09-22,111659,NYME,01,111 ,  361099,  118674,   49549,   61332,  153580,  238129,  333586,  349010,   27513,   12089,  361099,  118674,   49549,   61332,  153580,  238129,  333586,  349010,   27513,   12089,       0,       0,       0,       0,       0,       0,       0,       0,       0,       0,    3096,   14231,    8027,   -2109,   -8883,   -2131,    3239,    3787,    -143,    -691,  100.0,   32.9,   13.7,   17.0,   42.5,   65.9,   92.4,   96.7,    7.6,    3.3,  100.0,   32.9,   13.7,   17.0,   42.5,   65.9,   92.4,   96.7,    7.6,    3.3,    0.0,    0.0,    0.0,    0.0,    0.0,    0.0,    0.0,    0.0,    0.0,    0.0,    240,     93,     33,     72,     81,     99,    203,    181,    240,     93,     33,     72,     81,     99,    203,    181,      0,      0,      0,      0,      0,      0,      0,      0,    12.7,    19.8,    23.2,    31.8,     9.3,    18.1,    16.6,    26.1,    12.7,    19.8,    23.2,    31.8,     9.3,    18.1,    16.6,    26.1,     0.0,     0.0,     0.0,     0.0,     0.0,     0.0,     0.0,     0.0,"(CONTRACTS OF 42,000 U.S. GALLONS)","111659","NYME","111 "
"GULF COAST CBOB GAS A2 PL RBOB - NEW YORK MERCANTILE EXCHANGE",260922,2026-09-22,111A34,NYME,01,111 ,   22995,    1260,       0,     265,   20475,   19565,   22000,   19830,     995,    3165,   22995,    1260,       0,     265,   20475,   19565,   22000,   19830,     995,    3165,       0,       0,       0,       0,       0,       0,       0,       0,       0,       0,     870,     225,       0,    -325,     850,    1295,     750,     970,     120,    -100,  100.0,    5.5,    0.0,    1.2,   89.0,   85.1,   95.7,   86.2,    4.3,   13.8,  100.0,    5.5,    0.0,    1.2,   89.0,   85.1,   95.7,   86.2,    4.3,   13.8,    0.0,    0.0,    0.0,    0.0,    0.0,    0.0,    0.0,    0.0,    0.0,    0.0,     27,      2,      0,      1,     18,     19,     20,     20,     27,      2,      0,      1,     18,     19,     20,     20,      0,      0,      0,      0,      0,      0,      0,      0,    39.9,    41.8,    67.4,    66.3,    31.8,    35.1,    49.4,    43.1,    39.9,    41.8,    67.4,    66.3,    31.8,    35.1,    49.4,    43.1,     0.0,     0.0,     0.0,     0.0,     0.0,     0.0,     0.0,     0.0,"(CONTRACTS OF 42,000 GALLONS)","111A34","NYME","111 "
"NZ DOLLAR - CHICAGO MERCANTILE EXCHANGE",260922,2026-09-22,112741,CME ,00,112 ,  101377,   21571,   32951,    4475,   71430,   59019,   97476,   96445,    3901,    4932,  101377,   21571,   32951,    4475,   71430,   59019,   97476,   96445,    3901,    4932,       0,       0,       0,       0,       0,       0,       0,       0,       0,       0,  -33745,  -11288,   10610,    2246,   19798,   -2797,   10756,   10059,  -44501,  -43804,  100.0,   21.3,   32.5,    4.4,   70.5,   58.2,   96.2,   95.1,    3.8,    4.9,  100.0,   21.3,   32.5,    4.4,   70.5,   58.2,   96.2,   95.1,    3.8,    4.9,    0.0,    0.0,    0.0,    0.0,    0.0,    0.0,    0.0,    0.0,    0.0,    0.0,    108,     27,     40,      6,     21,     27,     50,     71,    108,     27,     40,      6,     21,     27,     50,     71,      0,      0,      0,      0,      0,      0,      0,      0,    55.3,    55.1,    73.4,    65.5,    54.9,    54.5,    69.3,    62.2,    55.3,    55.1,    73.4,    65.5,    54.9,    54.5,    69.3,    62.2,     0.0,     0.0,     0.0,     0.0,     0.0,     0.0,     0.0,     0.0,"(CONTRACTS OF NZD 100,000)","112741","CME ","112 "
"VIX FUTURES - CBOE FUTURES EXCHANGE",260922,2026-09-22,1170E1,E   ,00,117 ,  412323,   82776,  162056,   90361,  216672,  139551,  389809,  391968,   22514,   20355,  412323,   82776,  162056,   90361,  216672,  139551,  389809,  391968,   22514,   20355,       0,       0,       0,       0,       0,       0,       0,       0,       0,       0,  -33737,  -10974,  -18279,   -1756,  -18110,  -13240,  -30840,  -33275,   -2897,    -462,  100.0,   20.1,   39.3,   21.9,   52.5,   33.8,   94.5,   95.1,    5.5,    4.9,  100.0,   20.1,   39.3,   21.9,   52.5,   33.8,   94.5,   95.1,    5.5,    4.9,    0.0,    0.0,    0.0,    0.0,    0.0,    0.0,    0.0,    0.0,    0.0,    0.0,    198,     62,     65,     82,     51,     48,    160,    158,    198,     62,     65,     82,     51,     48,    160,    158,      0,      0,      0,      0,      0,      0,      0,      0,    30.0,    18.6,    40.6,    31.7,    25.7,    16.1,    32.6,    24.9,    30.0,    18.6,    40.6,    31.7,    25.7,    16.1,    32.6,    24.9,     0.0,     0.0,     0.0,     0.0,     0.0,     0.0,     0.0,     0.0,"($1000 X INDEX)","1170E1","E   ","117 "
"SO AFRICAN RAND - CHICAGO MERCANTILE EXCHANGE",260922,2026-09-22,122741,CME ,00,122 ,   37849,   21035,    5337,     504,   13141,   30781,   34680,   36622,    3169,    1227,   37849,   21035,    5337,     504,   13141,   30781,   34680,   36622,    3169,    1227,       0,       0,       0,       0,       0,       0,       0,       0,       0,       0,   -6850,     473,     -50,       0,     720,     756,    1193,     706,   -8043,   -7556,  100.0,   55.6,   14.1,    1.3,   34.7,   81.3,   91.6,   96.8,    8.4,    3.2,  100.0,   55.6,   14.1,    1.3,   34.7,   81.3,   91.6,   96.8,    8.4,    3.2,    0.0,    0.0,    0.0,    0.0,    0.0,    0.0,    0.0,    0.0,    0.0,    0.0,     53,     23,     11,      1,     12,      8,     36,     19,     53,     23,     11,      1,     12,      8,     36,     19,      0,      0,      0,      0,      0,      0,      0,      0,    52.9,    83.9,    66.3,    90.9,    52.9,    83.9,    66.3,    90.6,    52.9,    83.9,    66.3,    90.9,    52.9,    83.9,    66.3,    90.6,     0.0,     0.0,     0.0,     0.0,     0.0,     0.0,     0.0,     0.0,"(CONTRACTS OF ZAR 500,000)","122741","CME ","122 "
"DJIA Consolidated - CHICAGO BOARD OF TRADE",260922,2026-09-22,12460+,CBT ,00,124 ,   88087,   20365,   10295,     640,   52042,   68354,   73047,   79289,   15040,    8798,   88087,   20365,   10295,     640,   52042,   68354,   73047,   79289,   15040,    8798,       0,       0,       0,       0,       0,       0,       0,       0,       0,       0,  -18249,   -5399,     558,   -3807,   -6585,  -12385,  -15791,  -15634,   -2458,   -2615,  100.0,   23.1,   11.7,    0.7,   59.1,   77.6,   82.9,   90.0,   17.1,   10.0,  100.0,   23.1,   11.7,    0.7,   59.1,   77.6,   82.9,   90.0,   17.1,   10.0,    0.0,    0.0,    0.0,    0.0,    0.0,    0.0,    0.0,    0.0,    0.0,    0.0,     81,     22,     14,      4,     28,     25,     52,     41,     81,     22,     14,      4,     28,     25,     52,     41,      0,      0,      0,      0,      0,      0,      0,      0,    45.4,    42.6,    58.2,    60.8,    45.4,    42.4,    57.9,    60.5,    45.4,    42.6,    58.2,    60.8,    45.4,    42.4,    57.9,    60.5,     0.0,     0.0,     0.0,     0.0,     0.0,     0.0,     0.0,     0.0,"($5 X DJIA INDEX)","12460+","CBT ","124 "
"DJIA x $5 - CHICAGO BOARD OF TRADE",260922,2026-09-22,124603,CBT ,00,124 ,   88087,   20365,   10295,     640,   52042,   68354,   73047,   79289,   15040,    8798,   88087,   20365,   10295,     640,   52042,   68354,   73047,   79289,   15040,    8798,       0,       0,       0,       0,       0,       0,       0,       0,       0,       0,  -13104,   -5384,    -551,   -1598,   -6285,   -8911,  -13267,  -11060,     163,   -2044,  100.0,   23.1,   11.7,    0.7,   59.1,   77.6,   82.9,   90.0,   17.1,   10.0,  100.0,   23.1,   11.7,    0.7,   59.1,   77.6,   82.9,   90.0,   17.1,   10.0,    0.0,    0.0,    0.0,    0.0,    0.0,    0.0,    0.0,    0.0,    0.0,    0.0,     81,     22,     14,      4,     28,     25,     52,     41,     81,     22,     14,      4,     28,     25,     52,     41,      0,      0,      0,      0,      0,      0,      0,      0,    45.4,    42.6,    58.2,    60.8,    45.4,    42.4,    57.9,    60.5,    45.4,    42.6,    58.2,    60.8,    45.4,    42.4,    57.9,    60.5,     0.0,     0.0,     0.0,     0.0,     0.0,     0.0,     0.0,     0.0,"($5 X DJIA INDEX)","124603","CBT ","124 "
"DOW JONES U.S. REAL ESTATE IDX - CHICAGO BOARD OF TRADE",260922,2026-09-22,124606,CBT ,00,124 ,   68802,    2469,   11285,       0,   63397,   56592,   65866,   67877,    2936,     925,   68802,    2469,   11285,       0,   63397,   56592,   65866,   67877,    2936,     925,       0,       0,       0,       0,       0,       0,       0,       0,       0,       0,  -27629,   -2885,    2057,   -1739,  -22454,  -27991,  -27078,  -27673,    -551,      44,  100.0,    3.6,   16.4,    0.0,   92.1,   82.3,   95.7,   98.7,    4.3,    1.3,  100.0,    3.6,   16.4,    0.0,   92.1,   82.3,   95.7,   98.7,    4.3,    1.3,    0.0,    0.0,    0.0,    0.0,    0.0,    0.0,    0.0,    0.0,    0.0,    0.0,     53,      2,      4,      0,     34,     15,     36,     19,     53,      2,      4,      0,     34,     15,     36,     19,      0,      0,      0,      0,      0,      0,      0,      0,    44.5,    60.8,    62.0,    88.6,    44.3,    60.8,    61.9,    88.6,    44.5,    60.8,    62.0,    88.6,    44.3,    60.8,    61.9,    88.6,     0.0,     0.0,     0.0,     0.0,     0.0,     0.0,     0.0,     0.0,"($100 X DJ US REAL ESTATE INDEX)","124606","CBT ","124 "
"BITCOIN - CHICAGO MERCANTILE EXCHANGE",260922,2026-09-22,133741,CME ,00,133 ,   22315,   17658,   14902,    3307,      66,    3175,   21031,   21384,    1284,     931,   22315,   17658,   14902,    3307,      66,    3175,   21031,   21384,    1284,     931,       0,       0,       0,       0,       0,       0,       0,       0,       0,       0,    1542,     914,     626,     406,     -41,     411,    1279,    1443,     263,      99,  100.0,   79.1,   66.8,   14.8,    0.3,   14.2,   94.2,   95.8,    5.8,    4.2,  100.0,   79.1,   66.8,   14.8,    0.3,   14.2,   94.2,   95.8,    5.8,    4.2,    0.0,    0.0,    0.0,    0.0,    0.0,    0.0,    0.0,    0.0,    0.0,    0.0,    119,     50,     59,     29,      2,      7,     71,     78,    119,     50,     59,     29,      2,      7,     71,     78,      0,      0,      0,      0,      0,      0,      0,      0,    60.0,    25.2,    70.8,    43.6,    57.5,    25.2,    63.7,    42.9,    60.0,    25.2,    70.8,    43.6,    57.5,    25.2,    63.7,    42.9,     0.0,     0.0,     0.0,     0.0,     0.0,     0.0,     0.0,     0.0,"(5 Bitcoins)","133741","CME ","133 "
"MICRO BITCOIN - CHICAGO MERCANTILE EXCHANGE",260922,2026-09-22,133742,CME ,00,133 ,   35597,   23629,   29654,    3583,    1666,      85,   28878,   33322,    6719,    2275,   35597,   23629,   29654,    3583,    1666,      85,   28878,   33322,    6719,    2275,       0,       0,       0,       0,       0,       0,       0,       0,       0,       0,   -1858,   -3914,   -5106,    3091,   -2410,      -5,   -3233,   -2020,    1375,     162,  100.0,   66.4,   83.3,   10.1,    4.7,    0.2,   81.1,   93.6,   18.9,    6.4,  100.0,   66.4,   83.3,   10.1,    4.7,    0.2,   81.1,   93.6,   18.9,    6.4,    0.0,    0.0,    0.0,    0.0,    0.0,    0.0,    0.0,    0.0,    0.0,    0.0,    200,    136,     54,     17,      7,      2,    149,     68,    200,    136,     54,     17,      7,      2,    149,     68,      0,      0,      0,      0,      0,      0,      0,      0,    28.4,    69.4,    41.7,    76.9,    26.7,    62.4,    35.9,    69.6,    28.4,    69.4,    41.7,    76.9,    26.7,    62.4,    35.9,    69.6,     0.0,     0.0,     0.0,     0.0,     0.0,     0.0,     0.0,     0.0,"(Bitcoin X $0.10)","133742","CME ","133 "
"Nano Bitcoin - COINBASE DERIVATIVES, LLC",260922,2026-09-22,133LM1,FREX,00,133 ,  180936,  178153,  175720,    1690,       0,      58,  179843,  177468,    1093,    3468,  180936,  178153,  175720,    1690,       0,      58,  179843,  177468,    1093,    3468,       0,       0,       0,       0,       0,       0,       0,       0,       0,       0,   -2513,   -4154,   -4729,    1689,       0,      58,   -2465,   -2982,     -48,     469,  100.0,   98.5,   97.1,    0.9,    0.0,    0.0,   99.4,   98.1,    0.6,    1.9,  100.0,   98.5,   97.1,    0.9,    0.0,    0.0,   99.4,   98.1,    0.6,    1.9,    0.0,    0.0,    0.0,    0.0,    0.0,    0.0,    0.0,    0.0,    0.0,    0.0,    113,     63,     49,      2,      0,      1,     64,     51,    113,     63,     49,      2,      0,      1,     64,     51,      0,      0,      0,      0,      0,      0,      0,      0,    94.2,    85.6,    96.4,    93.9,    94.2,    85.6,    95.7,    93.2,    94.2,    85.6,    96.4,    93.9,    94.2,    85.6,    95.7,    93.2,     0.0,     0.0,     0.0,     0.0,     0.0,     0.0,     0.0,     0.0,"(1/100 X Bitcoin = $300)","133LM1","FREX","133 "
"NANO BITCOIN PERP STYLE - COINBASE DERIVATIVES, LLC",260922,2026-09-22,133LM4,FREX,00,133 ,  226420,  211194,  183065,       0,    1361,   27529,  212555,  210594,   13865,   15826,  226420,  211194,  183065,       0,    1361,   27529,  212555,  210594,   13865,   15826,       0,       0,       0,       0,       0,       0,       0,       0,       0,       0,   56061,   55313,   43708,       0,     534,    5312,   55847,   49020,     214,    7041,  100.0,   93.3,   80.9,    0.0,    0.6,   12.2,   93.9,   93.0,    6.1,    7.0,  100.0,   93.3,   80.9,    0.0,    0.6,   12.2,   93.9,   93.0,    6.1,    7.0,    0.0,    0.0,    0.0,    0.0,    0.0,    0.0,    0.0,    0.0,    0.0,    0.0,   1159,    601,    549,      0,      5,      4,    606,    553,   1159,    601,    549,      0,      5,      4,    606,    553,      0,      0,      0,      0,      0,      0,      0,      0,    54.3,    38.3,    57.9,    44.0,    54.3,    38.3,    57.9,    44.0,    54.3,    38.3,    57.9,    44.0,    54.3,    38.3,    57.9,    44.0,     0.0,     0.0,     0.0,     0.0,     0.0,     0.0,     0.0,     0.0,"(1/100 X Bitcoin)","133LM4","FREX","133 "
"BITCOIN CASH PERP STYLE - COINBASE DERIVATIVES, LLC",260922,2026-09-22,133LM5,FREX,00,133 ,    3032,    2574,    2215,       0,       0,     464,    2574,    2679,     458,     353,    3032,    2574,    2215,       0,       0,     464,    2574,    2679,     458,     353,       0,       0,       0,       0,       0,       0,       0,       0,       0,       0,     730,     527,      26,       0,       0,     464,     527,     490,     203,     240,  100.0,   84.9,   73.1,    0.0,    0.0,   15.3,   84.9,   88.4,   15.1,   11.6,  100.0,   84.9,   73.1,    0.0,    0.0,   15.3,   84.9,   88.4,   15.1,   11.6,    0.0,    0.0,    0.0,    0.0,    0.0,    0.0,    0.0,    0.0,    0.0,    0.0,     39,     24,     14,      0,      0,      1,     24,     15,     39,     24,     14,      0,      0,      1,     24,     15,      0,      0,      0,      0,      0,      0,      0,      0,    26.4,    50.0,    51.1,    72.8,    26.4,    50.0,    51.1,    72.8,    26.4,    50.0,    51.1,    72.8,    26.4,    50.0,    51.1,    72.8,     0.0,     0.0,     0.0,     0.0,     0.0,     0.0,     0.0,     0.0,"(1 Bitcoin)","133LM5","FREX","133 "
"SOFR-3M - CHICAGO MERCANTILE EXCHANGE",260922,2026-09-22,134741,CME ,00,134 ,12230496, 1282442, 3926274, 2445995, 8479292, 5838561,12207729,12210830,   22767,   19666,12230496, 1282442, 3926274, 2445995, 8479292, 5838561,12207729,12210830,   22767,   19666,       0,       0,       0,       0,       0,       0,       0,       0,       0,       0,-1118564,  -80921, -333295, -122136, -856678, -607187,-1059735,-1062618,  -58829,  -55946,  100.0,   10.5,   32.1,   20.0,   69.3,   47.7,   99.8,   99.8,    0.2,    0.2,  100.0,   10.5,   32.1,   20.0,   69.3,   47.7,   99.8,   99.8,    0.2,    0.2,    0.0,    0.0,    0.0,    0.0,    0.0,    0.0,    0.0,    0.0,    0.0,    0.0,    866,    238,    246,    207,    275,    285,    643,    636,    866,    238,    246,    207,    275,    285,    643,    636,      0,      0,      0,      0,      0,      0,      0,      0,    17.9,    17.3,    29.3,    27.7,    16.1,    12.1,    25.2,    18.8,    17.9,    17.3,    29.3,    27.7,    16.1,    12.1,    25.2,    18.8,     0.0,     0.0,     0.0,     0.0,     0.0,     0.0,     0.0,     0.0,"($2,500 x Contract IMM Index)","134741","CME ","134 "
"SOFR-1M - CHICAGO MERCANTILE EXCHANGE",260922,2026-09-22,134742,CME ,00,134 , 1302655,  199216,  320456,  257374,  845702,  724344, 1302292, 1302174,     363,     481, 1302655,  199216,  320456,  257374,  845702,  724344, 1302292, 1302174,     363,     481,       0,       0,       0,       0,       0,       0,       0,       0,       0,       0,   21435,  -22956,  -64240,   35821,    8773,   49843,   21638,   21424,    -203,      11,  100.0,   15.3,   24.6,   19.8,   64.9,   55.6,  100.0,  100.0,    0.0,    0.0,  100.0,   15.3,   24.6,   19.8,   64.9,   55.6,  100.0,  100.0,    0.0,    0.0,    0.0,    0.0,    0.0,    0.0,    0.0,    0.0,    0.0,    0.0,    0.0,    0.0,    202,     37,     60,     58,     79,     96,    150,    181,    202,     37,     60,     58,     79,     96,    150,    181,      0,      0,      0,      0,      0,      0,      0,      0,    27.6,    26.7,    43.6,    38.9,    23.1,    20.0,    33.9,    27.8,    27.6,    26.7,    43.6,    38.9,    23.1,    20.0,    33.9,    27.8,     0.0,     0.0,     0.0,     0.0,     0.0,     0.0,     0.0,     0.0,"($4,167 x Contract IMM Index)","134742","CME ","134 "
"CANOLA - ICE FUTURES U.S.",260922,2026-09-22,135731,ICUS,01,135 ,  366497,  161719,   51479,   42873,  159839,  269730,  364431,  364082,    2066,    2415,  359554,  161519,   51368,   41954,  154090,  263843,  357563,  357165,    1991,    2389,    6943,    1100,    1011,      19,    5749,    5887,    6868,    6917,      75,      26,    1741,    8132,    -528,   -3277,   -2030,    6716,    2825,    2911,   -1084,   -1170,  100.0,   44.1,   14.0,   11.7,   43.6,   73.6,   99.4,   99.3,    0.6,    0.7,  100.0,   44.9,   14.3,   11.7,   42.9,   73.4,   99.4,   99.3,    0.6,    0.7,  100.0,   15.8,   14.6,    0.3,   82.8,   84.8,   98.9,   99.6,    1.1,    0.4,    368,    143,    103,     60,     42,     97,    218,    238,    364,    143,    105,     57,     39,     96,    212,    234,     50,     14,     11,      3,     10,     15,     24,     29,    28.7,    37.1,    44.4,    52.1,    22.4,    27.0,    35.0,    39.8,    27.9,    37.8,    43.9,    52.0,    22.5,    28.4,    35.4,    40.2,    77.1,    80.1,    91.0,    91.3,    77.1,    80.1,    90.8,    91.3,"(20 Metric Tonnes)","135731","ICUS","135 "
"S&P 500 Consolidated - CHICAGO MERCANTILE EXCHANGE",260922,2026-09-22,13874+,CME ,00,138 , 1903696,  215826,  350499,   38873, 1391646, 1360428, 1646345, 1749800,  257352,  153896, 1903696,  215826,  350499,   38873, 1391646, 1360428, 1646345, 1749800,  257352,  153896,       0,       0,       0,       0,       0,       0,       0,       0,       0,       0, -579666,   -8876,    9065,  -79747, -455489, -456919, -544112, -527601,  -35554,  -52065,  100.0,   11.3,   18.4,    2.0,   73.1,   71.5,   86.5,   91.9,   13.5,    8.1,  100.0,   11.3,   18.4,    2.0,   73.1,   71.5,   86.5,   91.9,   13.5,    8.1,    0.0,    0.0,    0.0,    0.0,    0.0,    0.0,    0.0,    0.0,    0.0,    0.0,    425,     73,     60,     43,    235,    161,    329,    243,    425,     73,     60,     43,    235,    161,    329,    243,      0,      0,      0,      0,      0,      0,      0,      0,    10.1,    26.7,    18.3,    38.3,     9.9,    25.5,    16.9,    36.6,    10.1,    26.7,    18.3,    38.3,     9.9,    25.5,    16.9,    36.6,     0.0,     0.0,     0.0,     0.0,     0.0,     0.0,     0.0,     0.0,"(S&P 500 INDEX X $50.00)","13874+","CME ","138 "
"E-MINI S&P CONSU STAPLES INDEX - CHICAGO MERCANTILE EXCHANGE",260922,2026-09-22,138748,CME ,00,138 ,   19467,    2271,       0,       0,   15582,   17036,   17853,   17036,    1614,    2431,   19467,    2271,       0,       0,   15582,   17036,   17853,   17036,    1614,    2431,       0,       0,       0,       0,       0,       0,       0,       0,       0,       0,   -7472,    1294,   -1373,       0,   -6727,   -5279,   -5433,   -6652,   -2039,    -820,  100.0,   11.7,    0.0,    0.0,   80.0,   87.5,   91.7,   87.5,    8.3,   12.5,  100.0,   11.7,    0.0,    0.0,   80.0,   87.5,   91.7,   87.5,    8.3,   12.5,    0.0,    0.0,    0.0,    0.0,    0.0,    0.0,    0.0,    0.0,    0.0,    0.0,     25,      3,      0,      0,     11,     12,     14,     12,     25,      3,      0,      0,     11,     12,     14,     12,      0,      0,      0,      0,      0,      0,      0,      0,    53.3,    55.8,    83.0,    77.8,    53.3,    55.8,    83.0,    77.8,    53.3,    55.8,    83.0,    77.8,    53.3,    55.8,    83.0,    77.8,     0.0,     0.0,     0.0,     0.0,     0.0,     0.0,     0.0,     0.0,"($100 x S&P Select Sector Consumer Stapl","138748","CME ","138 "
"E-MINI S&P ENERGY INDEX - CHICAGO MERCANTILE EXCHANGE",260922,2026-09-22,138749,CME ,00,138 ,   29796,    4645,    1455,     453,   20895,   26888,   25993,   28796,    3803,    1000,   29796,    4645,    1455,     453,   20895,   26888,   25993,   28796,    3803,    1000,       0,       0,       0,       0,       0,       0,       0,       0,       0,       0,  -14160,    -122,    -586,    -482,  -13064,  -12776,  -13668,  -13844,    -492,    -316,  100.0,   15.6,    4.9,    1.5,   70.1,   90.2,   87.2,   96.6,   12.8,    3.4,  100.0,   15.6,    4.9,    1.5,   70.1,   90.2,   87.2,   96.6,   12.8,    3.4,    0.0,    0.0,    0.0,    0.0,    0.0,    0.0,    0.0,    0.0,    0.0,    0.0,     36,      3,      3,      1,     18,     13,     22,     16,     36,      3,      3,      1,     18,     13,     22,     16,      0,      0,      0,      0,      0,      0,      0,      0,    60.2,    60.5,    70.8,    82.4,    60.2,    60.5,    70.8,    80.4,    60.2,    60.5,    70.8,    82.4,    60.2,    60.5,    70.8,    80.4,     0.0,     0.0,     0.0,     0.0,     0.0,     0.0,     0.0,     0.0,"($100 x S&P Select Sector Energy Index p","138749","CME ","138 "
"E-MINI S&P 500 - CHICAGO MERCANTILE EXCHANGE",260922,2026-09-22,13874A,CME ,00,138 , 1890653,  218043,  351271,   34061, 1388362, 1359482, 1640466, 1744814,  250187,  145839, 1890653,  218043,  351271,   34061, 1388362, 1359482, 1640466, 1744814,  250187,  145839,       0,       0,       0,       0,       0,       0,       0,       0,       0,       0, -555866,  -22247,   10520,  -62332, -437034, -456723, -521613, -508535,  -34253,  -47331,  100.0,   11.5,   18.6,    1.8,   73.4,   71.9,   86.8,   92.3,   13.2,    7.7,  100.0,   11.5,   18.6,    1.8,   73.4,   71.9,   86.8,   92.3,   13.2,    7.7,    0.0,    0.0,    0.0,    0.0,    0.0,    0.0,    0.0,    0.0,    0.0,    0.0,    419,     70,     60,     40,    232,    159,    323,    238,    419,     70,     60,     40,    232,    159,    323,    238,      0,      0,      0,      0,      0,      0,      0,      0,    10.2,    26.9,    18.4,    38.5,    10.0,    25.7,    17.0,    36.8,    10.2,    26.9,    18.4,    38.5,    10.0,    25.7,    17.0,    36.8,     0.0,     0.0,     0.0,     0.0,     0.0,     0.0,     0.0,     0.0,"($50 X S&P 500 INDEX)","13874A","CME ","138 "
"E-MINI S&P FINANCIAL INDEX - CHICAGO MERCANTILE EXCHANGE",260922,2026-09-22,13874C,CME ,00,138 ,   60747,    2176,     214,       0,   56059,   59531,   58235,   59745,    2512,    1002,   60747,    2176,     214,       0,   56059,   59531,   58235,   59745,    2512,    1002,       0,       0,       0,       0,       0,       0,       0,       0,       0,       0,   -9290,    -243,     -58,    -711,   -7923,   -8457,   -8877,   -9226,    -413,     -64,  100.0,    3.6,    0.4,    0.0,   92.3,   98.0,   95.9,   98.4,    4.1,    1.6,  100.0,    3.6,    0.4,    0.0,   92.3,   98.0,   95.9,   98.4,    4.1,    1.6,    0.0,    0.0,    0.0,    0.0,    0.0,    0.0,    0.0,    0.0,    0.0,    0.0,     35,      3,      1,      0,     18,     13,     21,     14,     35,      3,      1,      0,     18,     13,     21,     14,      0,      0,      0,      0,      0,      0,      0,      0,    63.1,    78.4,    82.1,    94.4,    63.1,    78.4,    82.1,    94.4,    63.1,    78.4,    82.1,    94.4,    63.1,    78.4,    82.1,    94.4,     0.0,     0.0,     0.0,     0.0,     0.0,     0.0,     0.0,     0.0,"($250 x S&P Select Sector Financial Inde","13874C","CME ","138 "
"E-MINI S&P HEALTH CARE INDEX - CHICAGO MERCANTILE EXCHANGE",260922,2026-09-22,13874E,CME ,00,138 ,   13763,    3719,     206,       0,    7208,   12362,   10927,   12568,    2836,    1195,   13763,    3719,     206,       0,    7208,   12362,   10927,   12568,    2836,    1195,       0,       0,       0,       0,       0,       0,       0,       0,       0,       0,   -8462,       5,    -205,    -307,   -7536,   -7369,   -7838,   -7881,    -624,    -581,  100.0,   27.0,    1.5,    0.0,   52.4,   89.8,   79.4,   91.3,   20.6,    8.7,  100.0,   27.0,    1.5,    0.0,   52.4,   89.8,   79.4,   91.3,   20.6,    8.7,    0.0,    0.0,    0.0,    0.0,    0.0,    0.0,    0.0,    0.0,    0.0,    0.0,     25,      4,      1,      0,      7,     13,     11,     14,     25,      4,      1,      0,      7,     13,     11,     14,      0,      0,      0,      0,      0,      0,      0,      0,    52.0,    52.9,    72.4,    77.7,    52.0,    52.9,    72.4,    77.7,    52.0,    52.9,    72.4,    77.7,    52.0,    52.9,    72.4,    77.7,     0.0,     0.0,     0.0,     0.0,     0.0,     0.0,     0.0,     0.0,"($100 x S&P Select Sector Health Care In","13874E","CME ","138 "
"E-MINI S&P INDUSTRIAL INDEX - CHICAGO MERCANTILE EXCHANGE",260922,2026-09-22,13874F,CME ,00,138 ,   12792,    1642,     606,       0,    9542,   11531,   11184,   12137,    1608,     655,   12792,    1642,     606,       0,    9542,   11531,   11184,   12137,    1608,     655,       0,       0,       0,       0,       0,       0,       0,       0,       0,       0,   -6153,     789,   -1384,     -34,   -6981,   -4525,   -6226,   -5943,      73,    -210,  100.0,   12.8,    4.7,    0.0,   74.6,   90.1,   87.4,   94.9,   12.6,    5.1,  100.0,   12.8,    4.7,    0.0,   74.6,   90.1,   87.4,   94.9,   12.6,    5.1,    0.0,    0.0,    0.0,    0.0,    0.0,    0.0,    0.0,    0.0,    0.0,    0.0,     25,      2,      2,      0,     11,     10,     13,     12,     25,      2,      2,      0,     11,     10,     13,     12,      0,      0,      0,      0,      0,      0,      0,      0,    53.1,    62.0,    75.8,    84.3,    53.1,    62.0,    75.8,    84.3,    53.1,    62.0,    75.8,    84.3,    53.1,    62.0,    75.8,    84.3,     0.0,     0.0,     0.0,     0.0,     0.0,     0.0,     0.0,     0.0,"($100 x S&P Select Sector Industrial Ind","13874F","CME ","138 "
"E-MINI S&P TECHNOLOGY INDEX - CHICAGO MERCANTILE EXCHANGE",260922,2026-09-22,13874I,CME ,00,138 ,   12945,    1435,       0,       0,    9317,   12440,   10752,   12440,    2193,     505,   12945,    1435,       0,       0,    9317,   12440,   10752,   12440,    2193,     505,       0,       0,       0,       0,       0,       0,       0,       0,       0,       0,   -2489,      93,       0,     -58,   -1983,   -2635,   -1948,   -2693,    -541,     204,  100.0,   11.1,    0.0,    0.0,   72.0,   96.1,   83.1,   96.1,   16.9,    3.9,  100.0,   11.1,    0.0,    0.0,   72.0,   96.1,   83.1,   96.1,   16.9,    3.9,    0.0,    0.0,    0.0,    0.0,    0.0,    0.0,    0.0,    0.0,    0.0,    0.0,     23,      2,      0,      0,     12,     10,     14,     10,     23,      2,      0,      0,     12,     10,     14,     10,      0,      0,      0,      0,      0,      0,      0,      0,    53.2,    76.5,    71.1,    94.2,    53.2,    76.5,    70.9,    94.2,    53.2,    76.5,    71.1,    94.2,    53.2,    76.5,    70.9,    94.2,     0.0,     0.0,     0.0,     0.0,     0.0,     0.0,     0.0,     0.0,"($100 x S&P Select Sector Technology Ind","13874I","CME ","138 "
"E-MINI S&P UTILITIES INDEX - CHICAGO MERCANTILE EXCHANGE",260922,2026-09-22,13874J,CME ,00,138 ,   28272,    3685,       0,       0,   22085,   26399,   25770,   26399,    2502,    1873,   28272,    3685,       0,       0,   22085,   26399,   25770,   26399,    2502,    1873,       0,       0,       0,       0,       0,       0,       0,       0,       0,       0,  -17966,    1027,    -958,     -66,  -18399,  -16972,  -17438,  -17996,    -528,      30,  100.0,   13.0,    0.0,    0.0,   78.1,   93.4,   91.2,   93.4,    8.8,    6.6,  100.0,   13.0,    0.0,    0.0,   78.1,   93.4,   91.2,   93.4,    8.8,    6.6,    0.0,    0.0,    0.0,    0.0,    0.0,    0.0,    0.0,    0.0,    0.0,    0.0,     34,      4,      0,      0,     14,     16,     18,     16,     34,      4,      0,      0,     14,     16,     18,     16,      0,      0,      0,      0,      0,      0,      0,      0,    54.8,    58.2,    73.7,    79.4,    54.8,    58.2,    73.7,    79.4,    54.8,    58.2,    73.7,    79.4,    54.8,    58.2,    73.7,    79.4,     0.0,     0.0,     0.0,     0.0,     0.0,     0.0,     0.0,     0.0,"($100 x S&P Select Sector Utilities Inde","13874J","CME ","138 "
"E-MINI S&P COMMUNICATION INDEX - CHICAGO MERCANTILE EXCHANGE",260922,2026-09-22,13874P,CME ,00,138 ,   16932,    2256,       0,       0,   13207,   16389,   15463,   16389,    1469,     543,   16932,    2256,       0,       0,   13207,   16389,   15463,   16389,    1469,     543,       0,       0,       0,       0,       0,       0,       0,       0,       0,       0,   -3411,    -580,    -871,       0,   -2757,   -2573,   -3337,   -3444,     -74,      33,  100.0,   13.3,    0.0,    0.0,   78.0,   96.8,   91.3,   96.8,    8.7,    3.2,  100.0,   13.3,    0.0,    0.0,   78.0,   96.8,   91.3,   96.8,    8.7,    3.2,    0.0,    0.0,    0.0,    0.0,    0.0,    0.0,    0.0,    0.0,    0.0,    0.0,     23,      2,      0,      0,     13,      9,     15,      9,     23,      2,      0,      0,     13,      9,     15,      9,      0,      0,      0,      0,      0,      0,      0,      0,    50.4,    67.1,    74.0,    95.7,    50.4,    67.1,    72.9,    95.7,    50.4,    67.1,    74.0,    95.7,    50.4,    67.1,    72.9,    95.7,     0.0,     0.0,     0.0,     0.0,     0.0,     0.0,     0.0,     0.0,"($250 x S&P Select Sector Communication","13874P","CME ","138 "
"MICRO E-MINI S&P 500 INDEX - CHICAGO MERCANTILE EXCHANGE",260922,2026-09-22,13874U,CME ,00,138 ,  130433,   24304,   38755,    1645,   32838,    9464,   58787,   49864,   71646,   80569,  130433,   24304,   38755,    1645,   32838,    9464,   58787,   49864,   71646,   80569,       0,       0,       0,       0,       0,       0,       0,       0,       0,       0, -237997,  -23486, -171747,  -16955, -184545,   -1958, -224986, -190660,  -13011,  -47337,  100.0,   18.6,   29.7,    1.3,   25.2,    7.3,   45.1,   38.2,   54.9,   61.8,  100.0,   18.6,   29.7,    1.3,   25.2,    7.3,   45.1,   38.2,   54.9,   61.8,    0.0,    0.0,    0.0,    0.0,    0.0,    0.0,    0.0,    0.0,    0.0,    0.0,     27,      9,      3,      4,     12,      5,     21,     12,     27,      9,      3,      4,     12,      5,     21,     12,      0,      0,      0,      0,      0,      0,      0,      0,    18.7,    32.8,    29.1,    37.3,    18.7,    32.4,    28.0,    36.0,    18.7,    32.8,    29.1,    37.3,    18.7,    32.4,    28.0,    36.0,     0.0,     0.0,     0.0,     0.0,     0.0,     0.0,     0.0,     0.0,"($5 X S&P 500 INDEX)","13874U","CME ","138 "
"ADJUSTED INT RATE S&P 500 TOTL - CHICAGO MERCANTILE EXCHANGE",260922,2026-09-22,13874W,CME ,00,138 ,  978453,   98348,   90868,  115900,  754201,  755591,  968449,  962359,   10004,   16094,  978453,   98348,   90868,  115900,  754201,  755591,  968449,  962359,   10004,   16094,       0,       0,       0,       0,       0,       0,       0,       0,       0,       0, -167367,   13678,     795,  -38689, -138655, -124904, -163666, -162798,   -3701,   -4569,  100.0,   10.1,    9.3,   11.8,   77.1,   77.2,   99.0,   98.4,    1.0,    1.6,  100.0,   10.1,    9.3,   11.8,   77.1,   77.2,   99.0,   98.4,    1.0,    1.6,    0.0,    0.0,    0.0,    0.0,    0.0,    0.0,    0.0,    0.0,    0.0,    0.0,     75,      8,     11,     17,     43,     51,     60,     73,     75,      8,     11,     17,     43,     51,     60,     73,      0,      0,      0,      0,      0,      0,      0,      0,    33.6,    23.1,    55.0,    39.0,    28.5,    22.1,    42.6,    37.5,    33.6,    23.1,    55.0,    39.0,    28.5,    22.1,    42.6,    37.5,     0.0,     0.0,     0.0,     0.0,     0.0,     0.0,     0.0,     0.0,"(S&P 500 TOTAL RETURN INDEX x $25)","13874W","CME ","138 "
"ETHER CASH SETTLED - CHICAGO MERCANTILE EXCHANGE",260922,2026-09-22,146021,CME ,00,146 ,   29985,   26298,   23939,    2306,     166,    3281,   28770,   29526,    1215,     459,   29985,   26298,   23939,    2306,     166,    3281,   28770,   29526,    1215,     459,       0,       0,       0,       0,       0,       0,       0,       0,       0,       0,    1572,    1871,    2667,   -1073,     136,     -98,     934,    1496,     638,      76,  100.0,   87.7,   79.8,    7.7,    0.6,   10.9,   95.9,   98.5,    4.1,    1.5,  100.0,   87.7,   79.8,    7.7,    0.6,   10.9,   95.9,   98.5,    4.1,    1.5,    0.0,    0.0,    0.0,    0.0,    0.0,    0.0,    0.0,    0.0,    0.0,    0.0,     91,     37,     45,     22,      3,      7,     53,     63,     91,     37,     45,     22,      3,      7,     53,     63,      0,      0,      0,      0,      0,      0,      0,      0,    80.8,    38.9,    84.2,    58.6,    78.0,    35.3,    80.8,    54.8,    80.8,    38.9,    84.2,    58.6,    78.0,    35.3,    80.8,    54.8,     0.0,     0.0,     0.0,     0.0,     0.0,     0.0,     0.0,     0.0,"(50 Index Points)","146021","CME ","146 "
"MICRO ETHER - CHICAGO MERCANTILE EXCHANGE",260922,2026-09-22,146022,CME ,00,146 ,   65122,   59218,   59603,    2791,     600,    1957,   62609,   64351,    2513,     771,   65122,   59218,   59603,    2791,     600,    1957,   62609,   64351,    2513,     771,       0,       0,       0,       0,       0,       0,       0,       0,       0,       0,    4151,     793,     774,    2142,     400,     918,    3335,    3834,     816,     317,  100.0,   90.9,   91.5,    4.3,    0.9,    3.0,   96.1,   98.8,    3.9,    1.2,  100.0,   90.9,   91.5,    4.3,    0.9,    3.0,   96.1,   98.8,    3.9,    1.2,    0.0,    0.0,    0.0,    0.0,    0.0,    0.0,    0.0,    0.0,    0.0,    0.0,    245,    197,     45,     13,      2,      1,    207,     51,    245,    197,     45,     13,      2,      1,    207,     51,      0,      0,      0,      0,      0,      0,      0,      0,    35.2,    74.8,    48.0,    88.1,    35.2,    74.2,    47.4,    87.3,    35.2,    74.8,    48.0,    88.1,    35.2,    74.2,    47.4,    87.3,     0.0,     0.0,     0.0,     0.0,     0.0,     0.0,     0.0,     0.0,"(0.1 Index Points)","146022","CME ","146 "
"NANO ETHER - COINBASE DERIVATIVES, LLC",260922,2026-09-22,146LM1,FREX,00,146 ,   63281,   61674,   62138,     731,       0,      52,   62405,   62921,     876,     360,   63281,   61674,   62138,     731,       0,      52,   62405,   62921,     876,     360,       0,       0,       0,       0,       0,       0,       0,       0,       0,       0,    2223,    1964,    1802,     325,       0,      52,    2289,    2179,     -66,      44,  100.0,   97.5,   98.2,    1.2,    0.0,    0.1,   98.6,   99.4,    1.4,    0.6,  100.0,   97.5,   98.2,    1.2,    0.0,    0.1,   98.6,   99.4,    1.4,    0.6,    0.0,    0.0,    0.0,    0.0,    0.0,    0.0,    0.0,    0.0,    0.0,    0.0,    104,     76,     27,      3,      0,      1,     76,     31,    104,     76,     27,      3,      0,      1,     76,     31,      0,      0,      0,      0,      0,      0,      0,      0,    63.5,    93.7,    81.6,    97.3,    62.4,    93.7,    80.5,    96.4,    63.5,    93.7,    81.6,    97.3,    62.4,    93.7,    80.5,    96.4,     0.0,     0.0,     0.0,     0.0,     0.0,     0.0,     0.0,     0.0,"(0.1 Ether or 1/10 X$2,000 = $200)","146LM1","FREX","146 "
"NANO ETHER PERP STYLE - COINBASE DERIVATIVES, LLC",260922,2026-09-22,146LM3,FREX,00,146 ,  302711,  287126,  230378,      18,    5425,   50758,  292569,  281154,   10142,   21557,  302711,  287126,  230378,      18,    5425,   50758,  292569,  281154,   10142,   21557,       0,       0,       0,       0,       0,       0,       0,       0,       0,       0,   14572,   11556,   13299,      18,    2599,   -6735,   14173,    6582,     399,    7990,  100.0,   94.9,   76.1,    0.0,    1.8,   16.8,   96.6,   92.9,    3.4,    7.1,  100.0,   94.9,   76.1,    0.0,    1.8,   16.8,   96.6,   92.9,    3.4,    7.1,    0.0,    0.0,    0.0,    0.0,    0.0,    0.0,    0.0,    0.0,    0.0,    0.0,    902,    657,    237,      1,      5,      3,    663,    240,    902,    657,    237,      1,      5,      3,    663,    240,      0,      0,      0,      0,      0,      0,      0,      0,    42.1,    55.3,    47.7,    68.4,    42.1,    55.3,    47.7,    68.4,    42.1,    55.3,    47.7,    68.4,    42.1,    55.3,    47.7,    68.4,     0.0,     0.0,     0.0,     0.0,     0.0,     0.0,     0.0,     0.0,"(1/10 X Ether)","146LM3","FREX","146 "
"LITECOIN PERP STYLE - COINBASE DERIVATIVES, LLC",260922,2026-09-22,167LM1,FREX,00,180 ,    3278,    2371,    3129,       0,       0,       0,    2371,    3129,     907,     149,    3278,    2371,    3129,       0,       0,       0,    2371,    3129,     907,     149,       0,       0,       0,       0,       0,       0,       0,       0,       0,       0,     509,     132,     502,       0,       0,       0,     132,     502,     377,       7,  100.0,   72.3,   95.5,    0.0,    0.0,    0.0,   72.3,   95.5,   27.7,    4.5,  100.0,   72.3,   95.5,    0.0,    0.0,    0.0,   72.3,   95.5,   27.7,    4.5,    0.0,    0.0,    0.0,    0.0,    0.0,    0.0,    0.0,    0.0,    0.0,    0.0,     35,     26,      9,      0,      0,      0,     26,      9,     35,     26,      9,      0,      0,      0,     26,      9,      0,      0,      0,      0,      0,      0,      0,      0,    24.4,    82.2,    43.5,    94.6,    24.4,    82.2,    43.5,    94.6,    24.4,    82.2,    43.5,    94.6,    24.4,    82.2,    43.5,    94.6,     0.0,     0.0,     0.0,     0.0,     0.0,     0.0,     0.0,     0.0,"(5 Litecoin)","167LM1","FREX","180 "
"DOGECOIN - COINBASE DERIVATIVES, LLC",260922,2026-09-22,168DC1,FREX,00,180 ,   43995,   25129,   25111,   18743,       0,       0,   43872,   43854,     123,     141,   43995,   25129,   25111,   18743,       0,       0,   43872,   43854,     123,     141,       0,       0,       0,       0,       0,       0,       0,       0,       0,       0,   23918,    5437,    5357,   18470,       0,       0,   23907,   23827,      11,      91,  100.0,   57.1,   57.1,   42.6,    0.0,    0.0,   99.7,   99.7,    0.3,    0.3,  100.0,   57.1,   57.1,   42.6,    0.0,    0.0,   99.7,   99.7,    0.3,    0.3,    0.0,    0.0,    0.0,    0.0,    0.0,    0.0,    0.0,    0.0,    0.0,    0.0,     21,      8,     13,      6,      0,      0,     13,     14,     21,      8,     13,      6,      0,      0,     13,     14,      0,      0,      0,      0,      0,      0,      0,      0,    95.3,    90.4,    99.3,    98.4,    56.7,    51.0,    57.1,    56.3,    95.3,    90.4,    99.3,    98.4,    56.7,    51.0,    57.1,    56.3,     0.0,     0.0,     0.0,     0.0,     0.0,     0.0,     0.0,     0.0,"(5,000 Dogecoin X $0.12 = Contract $600)","168DC1","FREX","180 "
"DOGECOIN PERP STYLE - COINBASE DERIVATIVES, LLC",260922,2026-09-22,168LM2,FREX,00,168 ,    2540,    1414,    1576,       0,       0,       0,    1414,    1576,    1126,     964,    2540,    1414,    1576,       0,       0,       0,    1414,    1576,    1126,     964,       0,       0,       0,       0,       0,       0,       0,       0,       0,       0,     -25,    -220,    -808,       0,       0,       0,    -220,    -808,     195,     783,  100.0,   55.7,   62.0,    0.0,    0.0,    0.0,   55.7,   62.0,   44.3,   38.0,  100.0,   55.7,   62.0,    0.0,    0.0,    0.0,   55.7,   62.0,   44.3,   38.0,    0.0,    0.0,    0.0,    0.0,    0.0,    0.0,    0.0,    0.0,    0.0,    0.0,     27,     17,     10,      0,      0,      0,     17,     10,     27,     17,     10,      0,      0,      0,     17,     10,      0,      0,      0,      0,      0,      0,      0,      0,    21.7,    51.4,    36.4,    60.1,    21.7,    51.4,    36.4,    60.1,    21.7,    51.4,    36.4,    60.1,    21.7,    51.4,    36.4,    60.1,     0.0,     0.0,     0.0,     0.0,     0.0,     0.0,     0.0,     0.0,"(5,000 Dogecoin)","168LM2","FREX","168 "
"POLKADOT PERP STYLE - COINBASE DERIVATIVES, LLC",260922,2026-09-22,169LM2,FREX,00,180 ,    5531,    4955,    5431,       0,       0,       0,    4955,    5431,     576,     100,    5531,    4955,    5431,       0,       0,       0,    4955,    5431,     576,     100,       0,       0,       0,       0,       0,       0,       0,       0,       0,       0,    -468,    -476,    -438,       0,       0,       0,    -476,    -438,       8,     -30,  100.0,   89.6,   98.2,    0.0,    0.0,    0.0,   89.6,   98.2,   10.4,    1.8,  100.0,   89.6,   98.2,    0.0,    0.0,    0.0,   89.6,   98.2,   10.4,    1.8,    0.0,    0.0,    0.0,    0.0,    0.0,    0.0,    0.0,    0.0,    0.0,    0.0,     36,     24,     12,      0,      0,      0,     24,     12,     36,     24,     12,      0,      0,      0,     24,     12,      0,      0,      0,      0,      0,      0,      0,      0,    65.9,    92.0,    75.1,    95.7,    65.9,    92.0,    75.1,    95.7,    65.9,    92.0,    75.1,    95.7,    65.9,    92.0,    75.1,    95.7,     0.0,     0.0,     0.0,     0.0,     0.0,     0.0,     0.0,     0.0,"(100 Polkadot)","169LM2","FREX","180 "
"CHAINLINK PERP STYLE - COINBASE DERIVATIVES, LLC",260922,2026-09-22,170LM2,FREX,00,180 ,    4841,    3586,    4590,       0,       0,       0,    3586,    4590,    1255,     251,    4841,    3586,    4590,       0,       0,       0,    3586,    4590,    1255,     251,       0,       0,       0,       0,       0,       0,       0,       0,       0,       0,     625,     603,     579,       0,       0,       0,     603,     579,      22,      46,  100.0,   74.1,   94.8,    0.0,    0.0,    0.0,   74.1,   94.8,   25.9,    5.2,  100.0,   74.1,   94.8,    0.0,    0.0,    0.0,   74.1,   94.8,   25.9,    5.2,    0.0,    0.0,    0.0,    0.0,    0.0,    0.0,    0.0,    0.0,    0.0,    0.0,     82,     62,     20,      0,      0,      0,     62,     20,     82,     62,     20,      0,      0,      0,     62,     20,      0,      0,      0,      0,      0,      0,      0,      0,    10.2,    73.9,    18.9,    83.1,    10.2,    73.9,    18.9,    83.1,    10.2,    73.9,    18.9,    83.1,    10.2,    73.9,    18.9,    83.1,     0.0,     0.0,     0.0,     0.0,     0.0,     0.0,     0.0,     0.0,"(50 Chainlink)","170LM2","FREX","180 "
"AVALANCHE - COINBASE DERIVATIVES, LLC",260922,2026-09-22,171LM1,FREX,00,180 ,    6894,    6079,    6155,     651,       0,       0,    6730,    6806,     164,      88,    6894,    6079,    6155,     651,       0,       0,    6730,    6806,     164,      88,       0,       0,       0,       0,       0,       0,       0,       0,       0,       0,    1777,    1276,    1341,     396,       0,       0,    1672,    1737,     105,      40,  100.0,   88.2,   89.3,    9.4,    0.0,    0.0,   97.6,   98.7,    2.4,    1.3,  100.0,   88.2,   89.3,    9.4,    0.0,    0.0,   97.6,   98.7,    2.4,    1.3,    0.0,    0.0,    0.0,    0.0,    0.0,    0.0,    0.0,    0.0,    0.0,    0.0,     33,     15,     18,      3,      0,      0,     17,     19,     33,     15,     18,      3,      0,      0,     17,     19,      0,      0,      0,      0,      0,      0,      0,      0,    85.4,    80.9,    92.7,    90.2,    78.6,    71.9,    84.8,    81.3,    85.4,    80.9,    92.7,    90.2,    78.6,    71.9,    84.8,    81.3,     0.0,     0.0,     0.0,     0.0,     0.0,     0.0,     0.0,     0.0,"(10 Avalanche x $30 = $300)","171LM1","FREX","180 "
"AVALANCHE PERP STYLE - COINBASE DERIVATIVES, LLC",260922,2026-09-22,171LM2,FREX,00,180 ,   13638,   12233,   13099,       0,       0,       0,   12233,   13099,    1405,     539,   13638,   12233,   13099,       0,       0,       0,   12233,   13099,    1405,     539,       0,       0,       0,       0,       0,       0,       0,       0,       0,       0,    6832,    6291,    6429,       0,       0,       0,    6291,    6429,     541,     403,  100.0,   89.7,   96.0,    0.0,    0.0,    0.0,   89.7,   96.0,   10.3,    4.0,  100.0,   89.7,   96.0,    0.0,    0.0,    0.0,   89.7,   96.0,   10.3,    4.0,    0.0,    0.0,    0.0,    0.0,    0.0,    0.0,    0.0,    0.0,    0.0,    0.0,    130,     92,     38,      0,      0,      0,     92,     38,    130,     92,     38,      0,      0,      0,     92,     38,      0,      0,      0,      0,      0,      0,      0,      0,    15.4,    75.6,    24.2,    81.1,    15.4,    75.6,    24.2,    81.1,    15.4,    75.6,    24.2,    81.1,    15.4,    75.6,    24.2,    81.1,     0.0,     0.0,     0.0,     0.0,     0.0,     0.0,     0.0,     0.0,"(10 Avalanche)","171LM2","FREX","180 "
"1K SHIB PERP - COINBASE DERIVATIVES, LLC",260922,2026-09-22,172LM2,FREX,00,180 ,    3817,    3038,    3683,       0,       0,       0,    3038,    3683,     779,     134,    3817,    3038,    3683,       0,       0,       0,    3038,    3683,     779,     134,       0,       0,       0,       0,       0,       0,       0,       0,       0,       0,     571,     474,     615,       0,       0,       0,     474,     615,      97,     -44,  100.0,   79.6,   96.5,    0.0,    0.0,    0.0,   79.6,   96.5,   20.4,    3.5,  100.0,   79.6,   96.5,    0.0,    0.0,    0.0,   79.6,   96.5,   20.4,    3.5,    0.0,    0.0,    0.0,    0.0,    0.0,    0.0,    0.0,    0.0,    0.0,    0.0,     31,     23,      8,      0,      0,      0,     23,      8,     31,     23,      8,      0,      0,      0,     23,      8,      0,      0,      0,      0,      0,      0,      0,      0,    52.1,    91.6,    62.4,    96.5,    52.1,    91.6,    62.4,    96.5,    52.1,    91.6,    62.4,    96.5,    52.1,    91.6,    62.4,    96.5,     0.0,     0.0,     0.0,     0.0,     0.0,     0.0,     0.0,     0.0,"(10,000 x 1k Shib Index)","172LM2","FREX","180 "
"STELLAR PERP STYLE - COINBASE DERIVATIVES, LLC",260922,2026-09-22,173LM2,FREX,00,180 ,    4096,    2880,    3876,       0,       0,       0,    2880,    3876,    1216,     220,    4096,    2880,    3876,       0,       0,       0,    2880,    3876,    1216,     220,       0,       0,       0,       0,       0,       0,       0,       0,       0,       0,     732,     572,     783,       0,       0,       0,     572,     783,     160,     -51,  100.0,   70.3,   94.6,    0.0,    0.0,    0.0,   70.3,   94.6,   29.7,    5.4,  100.0,   70.3,   94.6,    0.0,    0.0,    0.0,   70.3,   94.6,   29.7,    5.4,    0.0,    0.0,    0.0,    0.0,    0.0,    0.0,    0.0,    0.0,    0.0,    0.0,     50,     39,     11,      0,      0,      0,     39,     11,     50,     39,     11,      0,      0,      0,     39,     11,      0,      0,      0,      0,      0,      0,      0,      0,    27.1,    85.9,    36.4,    92.4,    27.1,    85.9,    36.4,    92.4,    27.1,    85.9,    36.4,    92.4,    27.1,    85.9,    36.4,    92.4,     0.0,     0.0,     0.0,     0.0,     0.0,     0.0,     0.0,     0.0,"(5000 Stellar)","173LM2","FREX","180 "
"CARDONA PERP STYLE - COINBASE DERIVATIVES, LLC",260922,2026-09-22,174LM2,FREX,00,174 ,    8882,    7089,    8439,       0,       0,       0,    7089,    8439,    1793,     443,    8882,    7089,    8439,       0,       0,       0,    7089,    8439,    1793,     443,       0,       0,       0,       0,       0,       0,       0,       0,       0,       0,     101,    -281,     146,       0,       0,    -140,    -281,       6,     382,      95,  100.0,   79.8,   95.0,    0.0,    0.0,    0.0,   79.8,   95.0,   20.2,    5.0,  100.0,   79.8,   95.0,    0.0,    0.0,    0.0,   79.8,   95.0,   20.2,    5.0,    0.0,    0.0,    0.0,    0.0,    0.0,    0.0,    0.0,    0.0,    0.0,    0.0,    102,     81,     21,      0,      0,      0,     81,     21,    102,     81,     21,      0,      0,      0,     81,     21,      0,      0,      0,      0,      0,      0,      0,      0,    12.5,    83.3,    21.5,    87.8,    12.5,    83.3,    21.5,    87.8,    12.5,    83.3,    21.5,    87.8,    12.5,    83.3,    21.5,    87.8,     0.0,     0.0,     0.0,     0.0,     0.0,     0.0,     0.0,     0.0,"(1,000 Cardano)","174LM2","FREX","174 "
"XRP - CHICAGO MERCANTILE EXCHANGE",260922,2026-09-22,176740,CME ,00,176 ,    8684,    7288,    6361,    1015,     256,    1133,    8559,    8509,     125,     175,    8684,    7288,    6361,    1015,     256,    1133,    8559,    8509,     125,     175,       0,       0,       0,       0,       0,       0,       0,       0,       0,       0,    1978,     919,     940,     870,     218,     189,    2007,    1999,     -29,     -21,  100.0,   83.9,   73.2,   11.7,    2.9,   13.0,   98.6,   98.0,    1.4,    2.0,  100.0,   83.9,   73.2,   11.7,    2.9,   13.0,   98.6,   98.0,    1.4,    2.0,    0.0,    0.0,    0.0,    0.0,    0.0,    0.0,    0.0,    0.0,    0.0,    0.0,     33,     10,     17,      6,      1,      4,     16,     23,     33,     10,     17,      6,      1,      4,     16,     23,      0,      0,      0,      0,      0,      0,      0,      0,    79.3,    51.5,    93.0,    70.1,    78.7,    49.1,    85.2,    66.2,    79.3,    51.5,    93.0,    70.1,    78.7,    49.1,    85.2,    66.2,     0.0,     0.0,     0.0,     0.0,     0.0,     0.0,     0.0,     0.0,"(Contracts of 50,000 XRP)","176740","CME ","176 "
"NANO XRP - COINBASE DERIVATIVES, LLC",260922,2026-09-22,176LM1,FREX,00,176 ,   79497,   46450,   46820,   32402,       0,       0,   78852,   79222,     645,     275,   79497,   46450,   46820,   32402,       0,       0,   78852,   79222,     645,     275,       0,       0,       0,       0,       0,       0,       0,       0,       0,       0,   45942,   15544,   15515,   30407,       0,       0,   45951,   45922,      -9,      20,  100.0,   58.4,   58.9,   40.8,    0.0,    0.0,   99.2,   99.7,    0.8,    0.3,  100.0,   58.4,   58.9,   40.8,    0.0,    0.0,   99.2,   99.7,    0.8,    0.3,    0.0,    0.0,    0.0,    0.0,    0.0,    0.0,    0.0,    0.0,    0.0,    0.0,     46,     31,     15,      4,      0,      0,     32,     18,     46,     31,     15,      4,      0,      0,     32,     18,      0,      0,      0,      0,      0,      0,      0,      0,    96.0,    92.2,    97.4,    98.5,    55.8,    57.3,    56.8,    58.4,    96.0,    92.2,    97.4,    98.5,    55.8,    57.3,    56.8,    58.4,     0.0,     0.0,     0.0,     0.0,     0.0,     0.0,     0.0,     0.0,"(500 XRP x $2.00 = $1000)","176LM1","FREX","176 "
"XRP - COINBASE DERIVATIVES, LLC",260922,2026-09-22,176LM2,FREX,00,176 ,   29200,   25663,   24022,    3530,       0,       0,   29193,   27552,       7,    1648,   29200,   25663,   24022,    3530,       0,       0,   29193,   27552,       7,    1648,       0,       0,       0,       0,       0,       0,       0,       0,       0,       0,    7832,    4325,    4269,    3523,       0,       0,    7848,    7792,     -16,      40,  100.0,   87.9,   82.3,   12.1,    0.0,    0.0,  100.0,   94.4,    0.0,    5.6,  100.0,   87.9,   82.3,   12.1,    0.0,    0.0,  100.0,   94.4,    0.0,    5.6,    0.0,    0.0,    0.0,    0.0,    0.0,    0.0,    0.0,    0.0,    0.0,    0.0,     21,      4,     17,      4,      0,      0,      8,     17,     21,      4,     17,      4,      0,      0,      8,     17,      0,      0,      0,      0,      0,      0,      0,      0,    92.1,    53.6,   100.0,    80.5,    87.9,    52.2,    87.9,    73.0,    92.1,    53.6,   100.0,    80.5,    87.9,    52.2,    87.9,    73.0,     0.0,     0.0,     0.0,     0.0,     0.0,     0.0,     0.0,     0.0,"(10,000 XRP x $2.00 = $20,000)","176LM2","FREX","176 "
"NANO XRP PERP STYLE - COINBASE DERIVATIVES, LLC",260922,2026-09-22,176LM3,FREX,00,176 ,   52650,   46048,   45763,       0,     225,    1857,   46273,   47620,    6377,    5030,   52650,   46048,   45763,       0,     225,    1857,   46273,   47620,    6377,    5030,       0,       0,       0,       0,       0,       0,       0,       0,       0,       0,    6051,    5205,   12655,       0,      75,   -8256,    5280,    4399,     771,    1652,  100.0,   87.5,   86.9,    0.0,    0.4,    3.5,   87.9,   90.4,   12.1,    9.6,  100.0,   87.5,   86.9,    0.0,    0.4,    3.5,   87.9,   90.4,   12.1,    9.6,    0.0,    0.0,    0.0,    0.0,    0.0,    0.0,    0.0,    0.0,    0.0,    0.0,    278,    229,     46,      0,      1,      2,    230,     48,    278,    229,     46,      0,      1,      2,    230,     48,      0,      0,      0,      0,      0,      0,      0,      0,    43.3,    77.7,    48.7,    83.1,    43.3,    77.7,    48.7,    83.1,    43.3,    77.7,    48.7,    83.1,    43.3,    77.7,    48.7,    83.1,     0.0,     0.0,     0.0,     0.0,     0.0,     0.0,     0.0,     0.0,"(500 XRP x $2.00 = $1000)","176LM3","FREX","176 "
"SOL - CHICAGO MERCANTILE EXCHANGE",260922,2026-09-22,177741,CME ,00,177 ,   13480,   11861,   10849,     869,     359,    1521,   13089,   13239,     391,     241,   13480,   11861,   10849,     869,     359,    1521,   13089,   13239,     391,     241,       0,       0,       0,       0,       0,       0,       0,       0,       0,       0,    1918,     699,    1148,     662,     359,      83,    1720,    1893,     198,      25,  100.0,   88.0,   80.5,    6.4,    2.7,   11.3,   97.1,   98.2,    2.9,    1.8,  100.0,   88.0,   80.5,    6.4,    2.7,   11.3,   97.1,   98.2,    2.9,    1.8,    0.0,    0.0,    0.0,    0.0,    0.0,    0.0,    0.0,    0.0,    0.0,    0.0,     41,     12,     23,      8,      3,      4,     19,     31,     41,     12,     23,      8,      3,      4,     19,     31,      0,      0,      0,      0,      0,      0,      0,      0,    88.3,    65.0,    93.3,    78.2,    85.7,    61.8,    88.9,    75.0,    88.3,    65.0,    93.3,    78.2,    85.7,    61.8,    88.9,    75.0,     0.0,     0.0,     0.0,     0.0,     0.0,     0.0,     0.0,     0.0,"(500 SOL- CME CF Solana - Dollar Referen","177741","CME ","177 "
"MICRO SOL - CHICAGO MERCANTILE EXCHANGE",260922,2026-09-22,177742,CME ,00,177 ,    3258,    2594,    3029,      97,       0,       0,    2691,    3126,     567,     132,    3258,    2594,    3029,      97,       0,       0,    2691,    3126,     567,     132,       0,       0,       0,       0,       0,       0,       0,       0,       0,       0,      26,    -153,      -9,      26,       0,       0,    -127,      17,     153,       9,  100.0,   79.6,   93.0,    3.0,    0.0,    0.0,   82.6,   95.9,   17.4,    4.1,  100.0,   79.6,   93.0,    3.0,    0.0,    0.0,   82.6,   95.9,   17.4,    4.1,    0.0,    0.0,    0.0,    0.0,    0.0,    0.0,    0.0,    0.0,    0.0,    0.0,     25,     10,     15,      2,      0,      0,     12,     15,     25,     10,     15,      2,      0,      0,     12,     15,      0,      0,      0,      0,      0,      0,      0,      0,    70.4,    78.3,    79.0,    87.5,    70.4,    75.9,    77.8,    85.0,    70.4,    78.3,    79.0,    87.5,    70.4,    75.9,    77.8,    85.0,     0.0,     0.0,     0.0,     0.0,     0.0,     0.0,     0.0,     0.0,"(25 SOL, defined by CME CF Solana-Dollar","177742","CME ","177 "
"NANO SOLANA - COINBASE DERIVATIVES, LLC",260922,2026-09-22,177LM1,FREX,00,177 ,   13318,    9516,    9795,    3361,       0,      48,   12877,   13204,     441,     114,   13318,    9516,    9795,    3361,       0,      48,   12877,   13204,     441,     114,       0,       0,       0,       0,       0,       0,       0,       0,       0,       0,    8508,    5086,    5129,    3361,       0,      18,    8447,    8508,      61,       0,  100.0,   71.5,   73.5,   25.2,    0.0,    0.4,   96.7,   99.1,    3.3,    0.9,  100.0,   71.5,   73.5,   25.2,    0.0,    0.4,   96.7,   99.1,    3.3,    0.9,    0.0,    0.0,    0.0,    0.0,    0.0,    0.0,    0.0,    0.0,    0.0,    0.0,     32,     18,     13,      3,      0,      1,     19,     16,     32,     18,     13,      3,      0,      1,     19,     16,      0,      0,      0,      0,      0,      0,      0,      0,    88.6,    90.9,    92.8,    96.1,    64.8,    68.4,    68.3,    72.0,    88.6,    90.9,    92.8,    96.1,    64.8,    68.4,    68.3,    72.0,     0.0,     0.0,     0.0,     0.0,     0.0,     0.0,     0.0,     0.0,"(5 Solana x $250 = $1250)","177LM1","FREX","177 "
"NANO SOLANA PERP STYLE - COINBASE DERIVATIVES, LLC",260922,2026-09-22,177LM3,FREX,00,177 ,   35977,   29607,   18006,       0,     992,    3181,   30599,   21187,    5378,   14790,   35977,   29607,   18006,       0,     992,    3181,   30599,   21187,    5378,   14790,       0,       0,       0,       0,       0,       0,       0,       0,       0,       0,    3093,    2773,    -748,       0,     227,     471,    3000,    -277,      93,    3370,  100.0,   82.3,   50.0,    0.0,    2.8,    8.8,   85.1,   58.9,   14.9,   41.1,  100.0,   82.3,   50.0,    0.0,    2.8,    8.8,   85.1,   58.9,   14.9,   41.1,    0.0,    0.0,    0.0,    0.0,    0.0,    0.0,    0.0,    0.0,    0.0,    0.0,    283,    221,     57,      0,      3,      2,    224,     59,    283,    221,     57,      0,      3,      2,    224,     59,      0,      0,      0,      0,      0,      0,      0,      0,    15.3,    38.4,    25.6,    46.5,    15.3,    38.4,    25.6,    46.5,    15.3,    38.4,    25.6,    46.5,    15.3,    38.4,    25.6,    46.5,     0.0,     0.0,     0.0,     0.0,     0.0,     0.0,     0.0,     0.0,"(5 Solana x $180 = $900)","177LM3","FREX","177 "
"SUI PERP STYLE - COINBASE DERIVATIVES, LLC",260922,2026-09-22,180LM3,FREX,00,180 ,    6560,    4895,    6200,       0,       0,       0,    4895,    6200,    1665,     360,    6560,    4895,    6200,       0,       0,       0,    4895,    6200,    1665,     360,       0,       0,       0,       0,       0,       0,       0,       0,       0,       0,    1494,    1369,    1272,       0,       0,       0,    1369,    1272,     125,     222,  100.0,   74.6,   94.5,    0.0,    0.0,    0.0,   74.6,   94.5,   25.4,    5.5,  100.0,   74.6,   94.5,    0.0,    0.0,    0.0,   74.6,   94.5,   25.4,    5.5,    0.0,    0.0,    0.0,    0.0,    0.0,    0.0,    0.0,    0.0,    0.0,    0.0,     78,     61,     17,      0,      0,      0,     61,     17,     78,     61,     17,      0,      0,      0,     61,     17,      0,      0,      0,      0,      0,      0,      0,      0,    25.3,    82.3,    31.4,    88.3,    25.3,    82.3,    31.4,    88.3,    25.3,    82.3,    31.4,    88.3,    25.3,    82.3,    31.4,    88.3,     0.0,     0.0,     0.0,     0.0,     0.0,     0.0,     0.0,     0.0,"(500 x SUI)","180LM3","FREX","180 "
"HEDERA PERP STYLE - COINBASE DERIVATIVES, LLC",260922,2026-09-22,180LM4,FREX,00,180 ,    2848,    1935,    2641,       0,       0,       0,    1935,    2641,     913,     207,    2848,    1935,    2641,       0,       0,       0,    1935,    2641,     913,     207,       0,       0,       0,       0,       0,       0,       0,       0,       0,       0,     269,     114,     226,       0,       0,       0,     114,     226,     155,      43,  100.0,   67.9,   92.7,    0.0,    0.0,    0.0,   67.9,   92.7,   32.1,    7.3,  100.0,   67.9,   92.7,    0.0,    0.0,    0.0,   67.9,   92.7,   32.1,    7.3,    0.0,    0.0,    0.0,    0.0,    0.0,    0.0,    0.0,    0.0,    0.0,    0.0,     50,     36,     14,      0,      0,      0,     36,     14,     50,     36,     14,      0,      0,      0,     36,     14,      0,      0,      0,      0,      0,      0,      0,      0,    15.8,    74.8,    26.3,    84.4,    15.8,    74.8,    26.3,    84.4,    15.8,    74.8,    26.3,    84.4,    15.8,    74.8,    26.3,    84.4,     0.0,     0.0,     0.0,     0.0,     0.0,     0.0,     0.0,     0.0,"(5000 Hedera)","180LM4","FREX","180 "
"ETHENA PERP STYLE - COINBASE DERIVATIVES, LLC",260922,2026-09-22,180LM6,FREX,00,180 ,    1360,     739,    1176,       0,       0,       0,     739,    1176,     621,     184,    1360,     739,    1176,       0,       0,       0,     739,    1176,     621,     184,       0,       0,       0,       0,       0,       0,       0,       0,       0,       0,    -103,    -194,    -155,       0,       0,       0,    -194,    -155,      91,      52,  100.0,   54.3,   86.5,    0.0,    0.0,    0.0,   54.3,   86.5,   45.7,   13.5,  100.0,   54.3,   86.5,    0.0,    0.0,    0.0,   54.3,   86.5,   45.7,   13.5,    0.0,    0.0,    0.0,    0.0,    0.0,    0.0,    0.0,    0.0,    0.0,    0.0,     23,     18,      5,      0,      0,      0,     18,      5,     23,     18,      5,      0,      0,      0,     18,      5,      0,      0,      0,      0,      0,      0,      0,      0,    14.7,    83.6,    29.2,    86.5,    14.7,    83.6,    29.2,    86.5,    14.7,    83.6,    29.2,    86.5,    14.7,    83.6,    29.2,    86.5,     0.0,     0.0,     0.0,     0.0,     0.0,     0.0,     0.0,     0.0,"(5,000 ENA)","180LM6","FREX","180 "
"NEAR PROTOCAL PERP STYLE - COINBASE DERIVATIVES, LLC",260922,2026-09-22,180LM7,FREX,00,180 ,    3028,    2038,    2521,       0,       0,       0,    2038,    2521,     990,     507,    3028,    2038,    2521,       0,       0,       0,    2038,    2521,     990,     507,       0,       0,       0,       0,       0,       0,       0,       0,       0,       0,    1672,    1207,    1483,       0,       0,       0,    1207,    1483,     465,     189,  100.0,   67.3,   83.3,    0.0,    0.0,    0.0,   67.3,   83.3,   32.7,   16.7,  100.0,   67.3,   83.3,    0.0,    0.0,    0.0,   67.3,   83.3,   32.7,   16.7,    0.0,    0.0,    0.0,    0.0,    0.0,    0.0,    0.0,    0.0,    0.0,    0.0,     44,     31,     13,      0,      0,      0,     31,     13,     44,     31,     13,      0,      0,      0,     31,     13,      0,      0,      0,      0,      0,      0,      0,      0,    25.9,    71.0,    37.0,    77.5,    25.9,    71.0,    37.0,    77.5,    25.9,    71.0,    37.0,    77.5,    25.9,    71.0,    37.0,    77.5,     0.0,     0.0,     0.0,     0.0,     0.0,     0.0,     0.0,     0.0,"(500 NER)","180LM7","FREX","180 "
"ONDO PERP STYLE - COINBASE DERIVATIVES, LLC",260922,2026-09-22,180LM8,FREX,00,180 ,    5082,    3864,    4932,       0,       0,       0,    3864,    4932,    1218,     150,    5082,    3864,    4932,       0,       0,       0,    3864,    4932,    1218,     150,       0,       0,       0,       0,       0,       0,       0,       0,       0,       0,     592,     439,     566,       0,       0,       0,     439,     566,     153,      26,  100.0,   76.0,   97.0,    0.0,    0.0,    0.0,   76.0,   97.0,   24.0,    3.0,  100.0,   76.0,   97.0,    0.0,    0.0,    0.0,   76.0,   97.0,   24.0,    3.0,    0.0,    0.0,    0.0,    0.0,    0.0,    0.0,    0.0,    0.0,    0.0,    0.0,     76,     59,     17,      0,      0,      0,     59,     17,     76,     59,     17,      0,      0,      0,     59,     17,      0,      0,      0,      0,      0,      0,      0,      0,    14.4,    87.1,    22.3,    91.7,    14.4,    87.1,    22.3,    91.7,    14.4,    87.1,    22.3,    91.7,    14.4,    87.1,    22.3,    91.7,     0.0,     0.0,     0.0,     0.0,     0.0,     0.0,     0.0,     0.0,"(1,000 ONDO)","180LM8","FREX","180 "
"PAX GOLD PERP STYLE - COINBASE DERIVATIVES, LLC",260922,2026-09-22,180LM9,FREX,00,180 ,    1310,     818,    1145,       0,       0,       0,     818,    1145,     492,     165,    1310,     818,    1145,       0,       0,       0,     818,    1145,     492,     165,       0,       0,       0,       0,       0,       0,       0,       0,       0,       0,     -60,      27,     -80,       0,       0,       0,      27,     -80,     -87,      20,  100.0,   62.4,   87.4,    0.0,    0.0,    0.0,   62.4,   87.4,   37.6,   12.6,  100.0,   62.4,   87.4,    0.0,    0.0,    0.0,   62.4,   87.4,   37.6,   12.6,    0.0,    0.0,    0.0,    0.0,    0.0,    0.0,    0.0,    0.0,    0.0,    0.0,     23,     15,      8,      0,      0,      0,     15,      8,     23,     15,      8,      0,      0,      0,     15,      8,      0,      0,      0,      0,      0,      0,      0,      0,    32.8,    73.5,    46.6,    87.4,    32.8,    73.5,    46.6,    87.4,    32.8,    73.5,    46.6,    87.4,    32.8,    73.5,    46.6,    87.4,     0.0,     0.0,     0.0,     0.0,     0.0,     0.0,     0.0,     0.0,"(1 PAX Gold)","180LM9","FREX","180 "
"ZCASH PERP STYLE - COINBASE DERIVATIVES, LLC",260922,2026-09-22,180LMB,FREX,00,180 ,    7643,    6071,    4939,       0,       0,       0,    6071,    4939,    1572,    2704,    7643,    6071,    4939,       0,       0,       0,    6071,    4939,    1572,    2704,       0,       0,       0,       0,       0,       0,       0,       0,       0,       0,   -2087,   -2392,   -3645,       0,       0,       0,   -2392,   -3645,     305,    1558,  100.0,   79.4,   64.6,    0.0,    0.0,    0.0,   79.4,   64.6,   20.6,   35.4,  100.0,   79.4,   64.6,    0.0,    0.0,    0.0,   79.4,   64.6,   20.6,   35.4,    0.0,    0.0,    0.0,    0.0,    0.0,    0.0,    0.0,    0.0,    0.0,    0.0,    123,     58,     65,      0,      0,      0,     58,     65,    123,     58,     65,      0,      0,      0,     58,     65,      0,      0,      0,      0,      0,      0,      0,      0,    22.0,    17.3,    40.1,    25.4,    22.0,    17.3,    40.1,    25.4,    22.0,    17.3,    40.1,    25.4,    22.0,    17.3,    40.1,    25.4,     0.0,     0.0,     0.0,     0.0,     0.0,     0.0,     0.0,     0.0,"(1 Zcash)","180LMB","FREX","180 "
"CRYPTO HYPE PERP STYLE - COINBASE DERIVATIVES, LLC",260922,2026-09-22,183LM2,FREX,00,183 ,    8848,    6993,    7632,       0,     200,       0,    7193,    7632,    1655,    1216,    8848,    6993,    7632,       0,     200,       0,    7193,    7632,    1655,    1216,       0,       0,       0,       0,       0,       0,       0,       0,       0,       0,    -482,    -625,   -1309,       0,     100,       0,    -525,   -1309,      43,     827,  100.0,   79.0,   86.3,    0.0,    2.3,    0.0,   81.3,   86.3,   18.7,   13.7,  100.0,   79.0,   86.3,    0.0,    2.3,    0.0,   81.3,   86.3,   18.7,   13.7,    0.0,    0.0,    0.0,    0.0,    0.0,    0.0,    0.0,    0.0,    0.0,    0.0,     93,     63,     29,      0,      1,      0,     64,     29,     93,     63,     29,      0,      1,      0,     64,     29,      0,      0,      0,      0,      0,      0,      0,      0,    34.7,    65.4,    43.8,    71.8,    34.7,    65.4,    43.8,    71.8,    34.7,    65.4,    43.8,    71.8,    34.7,    65.4,    43.8,    71.8,     0.0,     0.0,     0.0,     0.0,     0.0,     0.0,     0.0,     0.0,"(10 x HYPE Index)","183LM2","FREX","183 "
"COBALT - COMMODITY EXCHANGE INC.",260922,2026-09-22,188691,CMX ,01,188 ,   15404,    4606,    4706,    3103,    7286,    6910,   14995,   14719,     409,     685,   15404,    4606,    4706,    3103,    7286,    6910,   14995,   14719,     409,     685,       0,       0,       0,       0,       0,       0,       0,       0,       0,       0,     507,      73,    -208,     439,      -5,     517,     507,     748,       0,    -241,  100.0,   29.9,   30.6,   20.1,   47.3,   44.9,   97.3,   95.6,    2.7,    4.4,  100.0,   29.9,   30.6,   20.1,   47.3,   44.9,   97.3,   95.6,    2.7,    4.4,    0.0,    0.0,    0.0,    0.0,    0.0,    0.0,    0.0,    0.0,    0.0,    0.0,     41,      7,     12,     10,     17,     19,     30,     35,     41,      7,     12,     10,     17,     19,     30,     35,      0,      0,      0,      0,      0,      0,      0,      0,    40.3,    45.9,    70.1,    71.4,    36.9,    40.3,    58.5,    57.2,    40.3,    45.9,    70.1,    71.4,    36.9,    40.3,    58.5,    57.2,     0.0,     0.0,     0.0,     0.0,     0.0,     0.0,     0.0,     0.0,"2,204.62 pounds (1 Metric Ton)","188691","CMX ","188 "
"LITHIUM HYDROXIDE - COMMODITY EXCHANGE INC.",260922,2026-09-22,189691,CMX ,01,189 ,   19187,    2910,    9027,    2643,   13342,    7095,   18895,   18765,     292,     422,   19187,    2910,    9027,    2643,   13342,    7095,   18895,   18765,     292,     422,       0,       0,       0,       0,       0,       0,       0,       0,       0,       0,    1489,     261,     968,    -233,    1386,     777,    1414,    1512,      75,     -23,  100.0,   15.2,   47.0,   13.8,   69.5,   37.0,   98.5,   97.8,    1.5,    2.2,  100.0,   15.2,   47.0,   13.8,   69.5,   37.0,   98.5,   97.8,    1.5,    2.2,    0.0,    0.0,    0.0,    0.0,    0.0,    0.0,    0.0,    0.0,    0.0,    0.0,     42,      7,     21,     11,     14,     10,     29,     34,     42,      7,     21,     11,     14,     10,     29,     34,      0,      0,      0,      0,      0,      0,      0,      0,    56.5,    51.6,    77.5,    69.4,    56.0,    44.9,    70.9,    60.8,    56.5,    51.6,    77.5,    69.4,    56.0,    44.9,    70.9,    60.8,     0.0,     0.0,     0.0,     0.0,     0.0,     0.0,     0.0,     0.0,"(1000) Kilograms","189691","CMX ","189 "
"ALUMINUM MWP - COMMODITY EXCHANGE INC.",260922,2026-09-22,191693,CMX ,01,191 ,   30680,    2950,    3739,    1030,   26546,   25630,   30526,   30399,     154,     281,   30680,    2950,    3739,    1030,   26546,   25630,   30526,   30399,     154,     281,       0,       0,       0,       0,       0,       0,       0,       0,       0,       0,     762,       0,     370,     120,     641,     264,     761,     754,       1,       8,  100.0,    9.6,   12.2,    3.4,   86.5,   83.5,   99.5,   99.1,    0.5,    0.9,  100.0,    9.6,   12.2,    3.4,   86.5,   83.5,   99.5,   99.1,    0.5,    0.9,    0.0,    0.0,    0.0,    0.0,    0.0,    0.0,    0.0,    0.0,    0.0,    0.0,     59,      4,     15,      7,     27,     33,     35,     51,     59,      4,     15,      7,     27,     33,     35,     51,      0,      0,      0,      0,      0,      0,      0,      0,    45.8,    49.7,    69.8,    70.6,    45.5,    49.3,    69.5,    69.4,    45.8,    49.7,    69.8,    70.6,    45.5,    49.3,    69.5,    69.4,     0.0,     0.0,     0.0,     0.0,     0.0,     0.0,     0.0,     0.0,"(55,116 US Pounds-25 MT)","191693","CMX ","191 "
"ALUMINIUM EURO PREM DUTY-PAID - COMMODITY EXCHANGE INC.",260922,2026-09-22,191696,CMX ,01,191 ,   13552,    2365,    3271,     124,   10897,   10097,   13386,   13492,     166,      60,   13552,    2365,    3271,     124,   10897,   10097,   13386,   13492,     166,      60,       0,       0,       0,       0,       0,       0,       0,       0,       0,       0,     648,      45,     434,       0,     543,     214,     588,     648,      60,       0,  100.0,   17.5,   24.1,    0.9,   80.4,   74.5,   98.8,   99.6,    1.2,    0.4,  100.0,   17.5,   24.1,    0.9,   80.4,   74.5,   98.8,   99.6,    1.2,    0.4,    0.0,    0.0,    0.0,    0.0,    0.0,    0.0,    0.0,    0.0,    0.0,    0.0,     31,      5,      3,      1,     17,     18,     23,     21,     31,      5,      3,      1,     17,     18,     23,     21,      0,      0,      0,      0,      0,      0,      0,      0,    55.8,    48.5,    80.1,    74.1,    55.8,    47.4,    74.9,    69.2,    55.8,    48.5,    80.1,    74.1,    55.8,    47.4,    74.9,    69.2,     0.0,     0.0,     0.0,     0.0,     0.0,     0.0,     0.0,     0.0,"(25 METRIC TONS)","191696","CMX ","191 "
"STEEL-HRC - COMMODITY EXCHANGE INC.",260922,2026-09-22,192651,CMX ,01,192 ,   42807,   11235,    2528,    1848,   28684,   38227,   41767,   42603,    1040,     204,   42807,   11235,    2528,    1848,   28684,   38227,   41767,   42603,    1040,     204,       0,       0,       0,       0,       0,       0,       0,       0,       0,       0,    1783,     183,     405,      85,    1054,    1142,    1322,    1632,     461,     151,  100.0,   26.2,    5.9,    4.3,   67.0,   89.3,   97.6,   99.5,    2.4,    0.5,  100.0,   26.2,    5.9,    4.3,   67.0,   89.3,   97.6,   99.5,    2.4,    0.5,    0.0,    0.0,    0.0,    0.0,    0.0,    0.0,    0.0,    0.0,    0.0,    0.0,     73,     27,     12,     12,     30,     19,     64,     36,     73,     27,     12,     12,     30,     19,     64,     36,      0,      0,      0,      0,      0,      0,      0,      0,    40.3,    76.8,    63.2,    86.3,    38.6,    75.3,    61.0,    80.6,    40.3,    76.8,    63.2,    86.3,    38.6,    75.3,    61.0,    80.6,     0.0,     0.0,     0.0,     0.0,     0.0,     0.0,     0.0,     0.0,"(CONTRACTS OF 20 SHORT TONS)","192651","CMX ","192 "
"NORTH EURO HOT-ROLL COIL STEEL - COMMODITY EXCHANGE INC.",260922,2026-09-22,192691,CMX ,01,192 ,   10130,    2084,     700,     355,    7384,    8853,    9823,    9908,     307,     222,   10130,    2084,     700,     355,    7384,    8853,    9823,    9908,     307,     222,       0,       0,       0,       0,       0,       0,       0,       0,       0,       0,     811,      12,      97,     -51,     688,     627,     649,     673,     162,     138,  100.0,   20.6,    6.9,    3.5,   72.9,   87.4,   97.0,   97.8,    3.0,    2.2,  100.0,   20.6,    6.9,    3.5,   72.9,   87.4,   97.0,   97.8,    3.0,    2.2,    0.0,    0.0,    0.0,    0.0,    0.0,    0.0,    0.0,    0.0,    0.0,    0.0,     25,      7,      1,      2,     14,      6,     22,      9,     25,      7,      1,      2,     14,      6,     22,      9,      0,      0,      0,      0,      0,      0,      0,      0,    64.3,    90.3,    82.5,    97.4,    58.9,    84.5,    75.6,    84.9,    64.3,    90.3,    82.5,    97.4,    58.9,    84.5,    75.6,    84.9,     0.0,     0.0,     0.0,     0.0,     0.0,     0.0,     0.0,     0.0,"(20 Metric Tons)","192691","CMX ","192 "
"NASDAQ-100 Consolidated - CHICAGO MERCANTILE EXCHANGE",260922,2026-09-22,20974+,CME ,00,209 ,  298319,   86951,   34605,    9995,  156118,  218458,  253064,  263059,   45256,   35261,  298319,   86951,   34605,    9995,  156118,  218458,  253064,  263059,   45256,   35261,       0,       0,       0,       0,       0,       0,       0,       0,       0,       0,  -47566,    7948,  -11829,  -21333,  -25271,   -7028,  -38655,  -40189,   -8911,   -7378,  100.0,   29.1,   11.6,    3.4,   52.3,   73.2,   84.8,   88.2,   15.2,   11.8,  100.0,   29.1,   11.6,    3.4,   52.3,   73.2,   84.8,   88.2,   15.2,   11.8,    0.0,    0.0,    0.0,    0.0,    0.0,    0.0,    0.0,    0.0,    0.0,    0.0,    329,     89,     57,     35,    130,     89,    237,    165,    329,     89,     57,     35,    130,     89,    237,    165,      0,      0,      0,      0,      0,      0,      0,      0,    17.8,    37.2,    27.8,    50.8,    17.8,    37.0,    27.5,    49.3,    17.8,    37.2,    27.8,    50.8,    17.8,    37.0,    27.5,    49.3,     0.0,     0.0,     0.0,     0.0,     0.0,     0.0,     0.0,     0.0,"(NASDAQ 100 INDEX X $20)","20974+","CME ","209 "
"NASDAQ MINI - CHICAGO MERCANTILE EXCHANGE",260922,2026-09-22,209742,CME ,00,209 ,  286321,   88507,   32357,    4624,  152580,  218343,  245711,  255324,   40610,   30997,  286321,   88507,   32357,    4624,  152580,  218343,  245711,  255324,   40610,   30997,       0,       0,       0,       0,       0,       0,       0,       0,       0,       0,  -39463,    3445,  -18987,  -10811,  -23316,   -6411,  -30682,  -36209,   -8781,   -3254,  100.0,   30.9,   11.3,    1.6,   53.3,   76.3,   85.8,   89.2,   14.2,   10.8,  100.0,   30.9,   11.3,    1.6,   53.3,   76.3,   85.8,   89.2,   14.2,   10.8,    0.0,    0.0,    0.0,    0.0,    0.0,    0.0,    0.0,    0.0,    0.0,    0.0,    285,     75,     44,     24,    113,     85,    199,    143,    285,     75,     44,     24,    113,     85,    199,    143,      0,      0,      0,      0,      0,      0,      0,      0,    18.6,    38.8,    28.9,    51.7,    18.6,    38.6,    28.6,    51.3,    18.6,    38.8,    28.9,    51.7,    18.6,    38.6,    28.6,    51.3,     0.0,     0.0,     0.0,     0.0,     0.0,     0.0,     0.0,     0.0,"(NASDAQ 100 STOCK INDEX X $20)","209742","CME ","209 "
"MICRO E-MINI NASDAQ-100 INDEX - CHICAGO MERCANTILE EXCHANGE",260922,2026-09-22,209747,CME ,00,209 ,  119984,   36802,   74844,    1351,   35375,    1153,   73528,   77348,   46456,   42636,  119984,   36802,   74844,    1351,   35375,    1153,   73528,   77348,   46456,   42636,       0,       0,       0,       0,       0,       0,       0,       0,       0,       0,  -81033,  -39449,  -12896,  -20734,  -19551,   -6166,  -79734,  -39796,   -1299,  -41237,  100.0,   30.7,   62.4,    1.1,   29.5,    1.0,   61.3,   64.5,   38.7,   35.5,  100.0,   30.7,   62.4,    1.1,   29.5,    1.0,   61.3,   64.5,   38.7,   35.5,    0.0,    0.0,    0.0,    0.0,    0.0,    0.0,    0.0,    0.0,    0.0,    0.0,     72,     26,     20,     12,     23,      5,     54,     32,     72,     26,     20,     12,     23,      5,     54,     32,      0,      0,      0,      0,      0,      0,      0,      0,    35.5,    54.7,    43.9,    59.8,    35.5,    54.1,    43.9,    59.1,    35.5,    54.7,    43.9,    59.8,    35.5,    54.1,    43.9,    59.1,     0.0,     0.0,     0.0,     0.0,     0.0,     0.0,     0.0,     0.0,"(NASDAQ 100 STOCK INDEX x $2)","209747","CME ","209 "
"BBG COMMODITY - CHICAGO BOARD OF TRADE",260922,2026-09-22,221602,CBT ,00,221 ,  192169,  110517,  124748,    7186,   73880,   60000,  191583,  191934,     586,     235,  192169,  110517,  124748,    7186,   73880,   60000,  191583,  191934,     586,     235,       0,       0,       0,       0,       0,       0,       0,       0,       0,       0,  -21537,   -8021,   -8682,   -9047,   -1037,    -487,  -18105,  -18216,   -3432,   -3321,  100.0,   57.5,   64.9,    3.7,   38.4,   31.2,   99.7,   99.9,    0.3,    0.1,  100.0,   57.5,   64.9,    3.7,   38.4,   31.2,   99.7,   99.9,    0.3,    0.1,    0.0,    0.0,    0.0,    0.0,    0.0,    0.0,    0.0,    0.0,    0.0,    0.0,     80,     49,     16,      4,     14,      1,     64,     20,     80,     49,     16,      4,     14,      1,     64,     20,      0,      0,      0,      0,      0,      0,      0,      0,    64.1,    88.2,    78.2,    96.6,    62.9,    88.2,    74.5,    94.4,    64.1,    88.2,    78.2,    96.6,    62.9,    88.2,    74.5,    94.4,     0.0,     0.0,     0.0,     0.0,     0.0,     0.0,     0.0,     0.0,"($100 X INDEX)","221602","CBT ","221 "
"BLOOMBERG IG CREDIT FUTURES - CHICAGO BOARD OF TRADE",260922,2026-09-22,221606,CBT ,00,221 ,    6111,    5449,    5908,       0,     623,     149,    6072,    6057,      39,      54,    6111,    5449,    5908,       0,     623,     149,    6072,    6057,      39,      54,       0,       0,       0,       0,       0,       0,       0,       0,       0,       0,   -1363,    -973,   -1012,    -351,     -42,     -16,   -1366,   -1379,       3,      16,  100.0,   89.2,   96.7,    0.0,   10.2,    2.4,   99.4,   99.1,    0.6,    0.9,  100.0,   89.2,   96.7,    0.0,   10.2,    2.4,   99.4,   99.1,    0.6,    0.9,    0.0,    0.0,    0.0,    0.0,    0.0,    0.0,    0.0,    0.0,    0.0,    0.0,     22,      9,      9,      0,      2,      2,     11,     11,     22,      9,      9,      0,      2,      2,     11,     11,      0,      0,      0,      0,      0,      0,      0,      0,    78.6,    88.1,    96.4,    97.2,    78.6,    88.1,    96.4,    97.2,    78.6,    88.1,    96.4,    97.2,    78.6,    88.1,    96.4,    97.2,     0.0,     0.0,     0.0,     0.0,     0.0,     0.0,     0.0,     0.0,"($30 X INDEX)","221606","CBT ","221 "
"BLOOMBERG IG DURATION-HEDGED - CHICAGO BOARD OF TRADE",260922,2026-09-22,221607,CBT ,00,221 ,    2617,    2547,    2082,       0,      26,     361,    2573,    2443,      44,     174,    2617,    2547,    2082,       0,      26,     361,    2573,    2443,      44,     174,       0,       0,       0,       0,       0,       0,       0,       0,       0,       0,.,.,.,.,.,.,.,.,.,.,  100.0,   97.3,   79.6,    0.0,    1.0,   13.8,   98.3,   93.4,    1.7,    6.6,  100.0,   97.3,   79.6,    0.0,    1.0,   13.8,   98.3,   93.4,    1.7,    6.6,    0.0,    0.0,    0.0,    0.0,    0.0,    0.0,    0.0,    0.0,    0.0,    0.0,     20,      6,     12,      0,      1,      2,      7,     14,     20,      6,     12,      0,      1,      2,      7,     14,      0,      0,      0,      0,      0,      0,      0,      0,    89.9,    68.5,    98.3,    84.9,    89.9,    67.5,    97.3,    84.0,    89.9,    68.5,    98.3,    84.9,    89.9,    67.5,    97.3,    84.0,     0.0,     0.0,     0.0,     0.0,     0.0,     0.0,     0.0,     0.0,"(500 X INDEX POINTS)","221607","CBT ","221 "
"AUSTRALIAN DOLLAR - CHICAGO MERCANTILE EXCHANGE",260922,2026-09-22,232741,CME ,00,232 ,  306488,  108533,  155347,    1206,  161396,  134236,  271135,  290789,   35353,   15699,  306488,  108533,  155347,    1206,  161396,  134236,  271135,  290789,   35353,   15699,       0,       0,       0,       0,       0,       0,       0,       0,       0,       0, -186653,   -5779,    2129,     184,   -8528,  -15863,  -14123,  -13550, -172530, -173103,  100.0,   35.4,   50.7,    0.4,   52.7,   43.8,   88.5,   94.9,   11.5,    5.1,  100.0,   35.4,   50.7,    0.4,   52.7,   43.8,   88.5,   94.9,   11.5,    5.1,    0.0,    0.0,    0.0,    0.0,    0.0,    0.0,    0.0,    0.0,    0.0,    0.0,    122,     42,     25,     10,     41,     25,     87,     56,    122,     42,     25,     10,     41,     25,     87,     56,      0,      0,      0,      0,      0,      0,      0,      0,    39.1,    71.6,    52.0,    82.4,    39.1,    71.5,    52.0,    82.1,    39.1,    71.6,    52.0,    82.4,    39.1,    71.5,    52.0,    82.1,     0.0,     0.0,     0.0,     0.0,     0.0,     0.0,     0.0,     0.0,"(CONTRACTS OF AUD 100,000)","232741","CME ","232 "
"RUSSELL E-MINI - CHICAGO MERCANTILE EXCHANGE",260922,2026-09-22,239742,CME ,00,239 ,  415047,   82065,  157848,    9956,  295049,  226659,  387070,  394463,   27977,   20584,  415047,   82065,  157848,    9956,  295049,  226659,  387070,  394463,   27977,   20584,       0,       0,       0,       0,       0,       0,       0,       0,       0,       0,  -81715,    3515,    6948,  -16899,  -67523,  -67230,  -80907,  -77181,    -808,   -4534,  100.0,   19.8,   38.0,    2.4,   71.1,   54.6,   93.3,   95.0,    6.7,    5.0,  100.0,   19.8,   38.0,    2.4,   71.1,   54.6,   93.3,   95.0,    6.7,    5.0,    0.0,    0.0,    0.0,    0.0,    0.0,    0.0,    0.0,    0.0,    0.0,    0.0,    312,     42,     56,     22,    133,    123,    190,    186,    312,     42,     56,     22,    133,    123,    190,    186,      0,      0,      0,      0,      0,      0,      0,      0,    19.1,    27.1,    30.9,    38.3,    18.6,    27.1,    29.8,    38.1,    19.1,    27.1,    30.9,    38.3,    18.6,    27.1,    29.8,    38.1,     0.0,     0.0,     0.0,     0.0,     0.0,     0.0,     0.0,     0.0,"(RUSSEL 2000 INDEX X $50)","239742","CME ","239 "
"EMINI RUSSELL 1000 VALUE INDEX - CHICAGO MERCANTILE EXCHANGE",260922,2026-09-22,239744,CME ,00,239 ,   33866,    2291,   16019,       0,   29272,   17121,   31563,   33140,    2303,     726,   33866,    2291,   16019,       0,   29272,   17121,   31563,   33140,    2303,     726,       0,       0,       0,       0,       0,       0,       0,       0,       0,       0,  -15067,     -20,       0,       0,  -15018,  -14829,  -15038,  -14829,     -29,    -238,  100.0,    6.8,   47.3,    0.0,   86.4,   50.6,   93.2,   97.9,    6.8,    2.1,  100.0,    6.8,   47.3,    0.0,   86.4,   50.6,   93.2,   97.9,    6.8,    2.1,    0.0,    0.0,    0.0,    0.0,    0.0,    0.0,    0.0,    0.0,    0.0,    0.0,     23,      2,      1,      0,      9,     11,     11,     12,     23,      2,      1,      0,      9,     11,     11,     12,      0,      0,      0,      0,      0,      0,      0,      0,    83.0,    88.6,    90.9,    94.8,    83.0,    88.6,    90.9,    94.8,    83.0,    88.6,    90.9,    94.8,    83.0,    88.6,    90.9,    94.8,     0.0,     0.0,     0.0,     0.0,     0.0,     0.0,     0.0,     0.0,"(RUSSELL 1000 VALUE INDEX x $50)","239744","CME ","239 "
"MICRO E-MINI RUSSELL 2000 INDX - CHICAGO MERCANTILE EXCHANGE",260922,2026-09-22,239747,CME ,00,239 ,   33875,   15777,   11007,     118,    9132,     759,   25027,   11884,    8848,   21991,   33875,   15777,   11007,     118,    9132,     759,   25027,   11884,    8848,   21991,       0,       0,       0,       0,       0,       0,       0,       0,       0,       0,  -17539,   -4564,   -9582,   -4943,   -2077,  -13911,  -11584,  -28436,   -5955,   10897,  100.0,   46.6,   32.5,    0.3,   27.0,    2.2,   73.9,   35.1,   26.1,   64.9,  100.0,   46.6,   32.5,    0.3,   27.0,    2.2,   73.9,   35.1,   26.1,   64.9,    0.0,    0.0,    0.0,    0.0,    0.0,    0.0,    0.0,    0.0,    0.0,    0.0,     29,     12,      3,      3,     13,      1,     26,      6,     29,     12,      3,      3,     13,      1,     26,      6,      0,      0,      0,      0,      0,      0,      0,      0,    46.7,    34.8,    58.7,    35.1,    46.7,    34.7,    58.4,    34.7,    46.7,    34.8,    58.7,    35.1,    46.7,    34.7,    58.4,    34.7,     0.0,     0.0,     0.0,     0.0,     0.0,     0.0,     0.0,     0.0,"(RUSSEL 2000 INDEX X $0.5)","239747","CME ","239 "
"RUSSELL 2000 ANNUAL DIVIDEND - CHICAGO MERCANTILE EXCHANGE",260922,2026-09-22,239750,CME ,00,239 ,   42644,   14634,   17321,    1684,   26189,   23509,   42507,   42514,     137,     130,   42644,   14634,   17321,    1684,   26189,   23509,   42507,   42514,     137,     130,       0,       0,       0,       0,       0,       0,       0,       0,       0,       0,     373,    -740,     233,       0,    1118,     140,     378,     373,      -5,       0,  100.0,   34.3,   40.6,    3.9,   61.4,   55.1,   99.7,   99.7,    0.3,    0.3,  100.0,   34.3,   40.6,    3.9,   61.4,   55.1,   99.7,   99.7,    0.3,    0.3,    0.0,    0.0,    0.0,    0.0,    0.0,    0.0,    0.0,    0.0,    0.0,    0.0,     20,      5,      3,      1,      7,      8,     13,     11,     20,      5,      3,      1,      7,      8,     13,     11,      0,      0,      0,      0,      0,      0,      0,      0,    90.4,    85.6,    96.3,    97.2,    89.4,    81.6,    92.7,    92.5,    90.4,    85.6,    96.3,    97.2,    89.4,    81.6,    92.7,    92.5,     0.0,     0.0,     0.0,     0.0,     0.0,     0.0,     0.0,     0.0,"(RUSSEL 2000 INDEX X $100)","239750","CME ","239 "
"NIKKEI STOCK AVERAGE YEN DENOM - CHICAGO MERCANTILE EXCHANGE",260922,2026-09-22,240743,CME ,00,240 ,   21974,    4199,    2654,      89,   11364,    6758,   15652,    9501,    6322,   12473,   21974,    4199,    2654,      89,   11364,    6758,   15652,    9501,    6322,   12473,       0,       0,       0,       0,       0,       0,       0,       0,       0,       0,    -651,   -1343,    -264,       2,    -279,    -122,   -1620,    -384,     969,    -267,  100.0,   19.1,   12.1,    0.4,   51.7,   30.8,   71.2,   43.2,   28.8,   56.8,  100.0,   19.1,   12.1,    0.4,   51.7,   30.8,   71.2,   43.2,   28.8,   56.8,    0.0,    0.0,    0.0,    0.0,    0.0,    0.0,    0.0,    0.0,    0.0,    0.0,     30,      7,      5,      2,     14,      7,     22,     13,     30,      7,      5,      2,     14,      7,     22,     13,      0,      0,      0,      0,      0,      0,      0,      0,    37.0,    26.5,    51.7,    38.0,    37.0,    25.6,    51.7,    36.3,    37.0,    26.5,    51.7,    38.0,    37.0,    25.6,    51.7,    36.3,     0.0,     0.0,     0.0,     0.0,     0.0,     0.0,     0.0,     0.0,"(NIKKEI INDEX X JPY 500)","240743","CME ","240 "
"MSCI EAFE - ICE FUTURES U.S.",260922,2026-09-22,244041,ICUS,01,244 ,  487063,   56769,   25896,    3779,  408754,  449259,  469302,  478934,   17761,    8129,  487063,   56769,   25896,    3779,  408754,  449259,  469302,  478934,   17761,    8129,       0,       0,       0,       0,       0,       0,       0,       0,       0,       0, -139425,    1953,   -8056,  -12281, -122157, -106535, -132485, -126872,   -6940,  -12553,  100.0,   11.7,    5.3,    0.8,   83.9,   92.2,   96.4,   98.3,    3.6,    1.7,  100.0,   11.7,    5.3,    0.8,   83.9,   92.2,   96.4,   98.3,    3.6,    1.7,    0.0,    0.0,    0.0,    0.0,    0.0,    0.0,    0.0,    0.0,    0.0,    0.0,    192,     30,     12,     10,    115,     76,    150,     93,    192,     30,     12,     10,    115,     76,    150,     93,      0,      0,      0,      0,      0,      0,      0,      0,    23.3,    40.3,    36.9,    57.9,    18.9,    33.5,    30.5,    50.9,    23.3,    40.3,    36.9,    57.9,    18.9,    33.5,    30.5,    50.9,     0.0,     0.0,     0.0,     0.0,     0.0,     0.0,     0.0,     0.0,"(MSCI EAFE INDEX X $50)","244041","ICUS","244 "
"MSCI EM INDEX - ICE FUTURES U.S.",260922,2026-09-22,244042,ICUS,01,244 , 1036240,  138088,   85917,   14927,  853430,  927428, 1006445, 1028272,   29795,    7968, 1036240,  138088,   85917,   14927,  853430,  927428, 1006445, 1028272,   29795,    7968,       0,       0,       0,       0,       0,       0,       0,       0,       0,       0, -274001,    7976,  -16984,  -20452, -235954, -208105, -248430, -245541,  -25571,  -28460,  100.0,   13.3,    8.3,    1.4,   82.4,   89.5,   97.1,   99.2,    2.9,    0.8,  100.0,   13.3,    8.3,    1.4,   82.4,   89.5,   97.1,   99.2,    2.9,    0.8,    0.0,    0.0,    0.0,    0.0,    0.0,    0.0,    0.0,    0.0,    0.0,    0.0,    382,     71,     24,     21,    242,    130,    320,    168,    382,     71,     24,     21,    242,    130,    320,    168,      0,      0,      0,      0,      0,      0,      0,      0,    13.9,    40.6,    23.0,    55.6,    13.9,    40.5,    22.9,    55.6,    13.9,    40.6,    23.0,    55.6,    13.9,    40.5,    22.9,    55.6,     0.0,     0.0,     0.0,     0.0,     0.0,     0.0,     0.0,     0.0,"(MSCI Emerging Markets Index x $50)","244042","ICUS","244 "
"EURO FX/BRITISH POUND XRATE - CHICAGO MERCANTILE EXCHANGE",260922,2026-09-22,299741,CME ,00,099 ,   40955,    8938,    9143,       0,   19410,   25624,   28348,   34767,   12607,    6188,   40955,    8938,    9143,       0,   19410,   25624,   28348,   34767,   12607,    6188,       0,       0,       0,       0,       0,       0,       0,       0,       0,       0,   -4194,     474,      42,       0,    -436,      48,      38,      90,   -4232,   -4284,  100.0,   21.8,   22.3,    0.0,   47.4,   62.6,   69.2,   84.9,   30.8,   15.1,  100.0,   21.8,   22.3,    0.0,   47.4,   62.6,   69.2,   84.9,   30.8,   15.1,    0.0,    0.0,    0.0,    0.0,    0.0,    0.0,    0.0,    0.0,    0.0,    0.0,     33,      6,      8,      0,     16,      7,     22,     15,     33,      6,      8,      0,     16,      7,     22,     15,      0,      0,      0,      0,      0,      0,      0,      0,    25.8,    68.9,    42.9,    79.8,    25.8,    68.9,    42.1,    79.0,    25.8,    68.9,    42.9,    79.8,    25.8,    68.9,    42.1,    79.0,     0.0,     0.0,     0.0,     0.0,     0.0,     0.0,     0.0,     0.0,"(CONTRACTS OF EUR 125,000)","299741","CME ","099 "
"E-MINI S&P 400 STOCK INDEX - CHICAGO MERCANTILE EXCHANGE",260922,2026-09-22,33874A,CME ,00,138 ,   42274,    6402,    3446,     664,   26732,   32885,   33798,   36995,    8476,    5279,   42274,    6402,    3446,     664,   26732,   32885,   33798,   36995,    8476,    5279,       0,       0,       0,       0,       0,       0,       0,       0,       0,       0,   -4188,   -1060,    -159,     620,   -2007,   -4308,   -2447,   -3847,   -1741,    -341,  100.0,   15.1,    8.2,    1.6,   63.2,   77.8,   79.9,   87.5,   20.1,   12.5,  100.0,   15.1,    8.2,    1.6,   63.2,   77.8,   79.9,   87.5,   20.1,   12.5,    0.0,    0.0,    0.0,    0.0,    0.0,    0.0,    0.0,    0.0,    0.0,    0.0,     70,     13,      7,      5,     36,     22,     50,     33,     70,     13,      7,      5,     36,     22,     50,     33,      0,      0,      0,      0,      0,      0,      0,      0,    24.7,    47.4,    37.5,    62.5,    24.4,    47.3,    36.6,    62.1,    24.7,    47.4,    37.5,    62.5,    24.4,    47.3,    36.6,    62.1,     0.0,     0.0,     0.0,     0.0,     0.0,     0.0,     0.0,     0.0,"(S&P 400 INDEX X $100)","33874A","CME ","138 "
"2 YEAR ERIS SOFR SWAP - CHICAGO BOARD OF TRADE",260922,2026-09-22,342603,CBT ,00,342 ,  259734,  219267,  200209,   40275,     190,   19244,  259732,  259728,       2,       6,  259734,  219267,  200209,   40275,     190,   19244,  259732,  259728,       2,       6,       0,       0,       0,       0,       0,       0,       0,       0,       0,       0,   13940,   17257,   16981,   -3317,       0,     294,   13940,   13958,       0,     -18,  100.0,   84.4,   77.1,   15.5,    0.1,    7.4,  100.0,  100.0,    0.0,    0.0,  100.0,   84.4,   77.1,   15.5,    0.1,    7.4,  100.0,  100.0,    0.0,    0.0,    0.0,    0.0,    0.0,    0.0,    0.0,    0.0,    0.0,    0.0,    0.0,    0.0,     51,     14,     31,      6,      2,      5,     17,     41,     51,     14,     31,      6,      2,      5,     17,     41,      0,      0,      0,      0,      0,      0,      0,      0,    94.2,    70.1,    99.4,    83.8,    81.3,    65.9,    83.9,    75.4,    94.2,    70.1,    99.4,    83.8,    81.3,    65.9,    83.9,    75.4,     0.0,     0.0,     0.0,     0.0,     0.0,     0.0,     0.0,     0.0,"(100,000 USD notional principal)","342603","CBT ","342 "
"10 YEAR ERIS SOFR SWAP - CHICAGO BOARD OF TRADE",260922,2026-09-22,343603,CBT ,00,343 ,  251394,  114465,  168563,   51223,   85701,   31583,  251389,  251369,       5,      25,  251394,  114465,  168563,   51223,   85701,   31583,  251389,  251369,       5,      25,       0,       0,       0,       0,       0,       0,       0,       0,       0,       0,    3629,    4236,    3431,    -107,    -500,     305,    3629,    3629,       0,       0,  100.0,   45.5,   67.1,   20.4,   34.1,   12.6,  100.0,  100.0,    0.0,    0.0,  100.0,   45.5,   67.1,   20.4,   34.1,   12.6,  100.0,  100.0,    0.0,    0.0,    0.0,    0.0,    0.0,    0.0,    0.0,    0.0,    0.0,    0.0,    0.0,    0.0,     58,     29,     21,      6,      5,      4,     38,     27,     58,     29,     21,      6,      5,      4,     38,     27,      0,      0,      0,      0,      0,      0,      0,      0,    46.2,    78.4,    69.4,    97.3,    38.2,    62.5,    52.4,    70.0,    46.2,    78.4,    69.4,    97.3,    38.2,    62.5,    52.4,    70.0,     0.0,     0.0,     0.0,     0.0,     0.0,     0.0,     0.0,     0.0,"(100,000 USD notional principal)","343603","CBT ","343 "
"5 YEAR ERIS SOFR SWAP - CHICAGO BOARD OF TRADE",260922,2026-09-22,344605,CBT ,00,344 ,  196552,  105600,   83935,   64854,   26079,   47639,  196533,  196428,      19,     124,  196552,  105600,   83935,   64854,   26079,   47639,  196533,  196428,      19,     124,       0,       0,       0,       0,       0,       0,       0,       0,       0,       0,    4485,   -2731,   -6075,    8266,   -1050,    2288,    4485,    4479,       0,       6,  100.0,   53.7,   42.7,   33.0,   13.3,   24.2,  100.0,   99.9,    0.0,    0.1,  100.0,   53.7,   42.7,   33.0,   13.3,   24.2,  100.0,   99.9,    0.0,    0.1,    0.0,    0.0,    0.0,    0.0,    0.0,    0.0,    0.0,    0.0,    0.0,    0.0,     72,     21,     40,      7,      4,      8,     28,     52,     72,     21,     40,      7,      4,      8,     28,     52,      0,      0,      0,      0,      0,      0,      0,      0,    60.7,    46.5,    81.9,    66.4,    37.9,    29.9,    52.0,    43.2,    60.7,    46.5,    81.9,    66.4,    37.9,    29.9,    52.0,    43.2,     0.0,     0.0,     0.0,     0.0,     0.0,     0.0,     0.0,     0.0,"(100,000 USD notional principal)","344605","CBT ","344 "
"3 YEAR ERIS SOFR SWAP - CHICAGO BOARD OF TRADE",260922,2026-09-22,344606,CBT ,00,344 ,   95847,   73940,   52875,   17397,    4500,   25555,   95837,   95827,      10,      20,   95847,   73940,   52875,   17397,    4500,   25555,   95837,   95827,      10,      20,       0,       0,       0,       0,       0,       0,       0,       0,       0,       0,   11581,   11592,   11092,     -11,       0,     500,   11581,   11581,       0,       0,  100.0,   77.1,   55.2,   18.2,    4.7,   26.7,  100.0,  100.0,    0.0,    0.0,  100.0,   77.1,   55.2,   18.2,    4.7,   26.7,  100.0,  100.0,    0.0,    0.0,    0.0,    0.0,    0.0,    0.0,    0.0,    0.0,    0.0,    0.0,    0.0,    0.0,     31,      5,     19,      5,      1,      6,      7,     29,     31,      5,     19,      5,      1,      6,      7,     29,      0,      0,      0,      0,      0,      0,      0,      0,    86.4,    66.7,   100.0,    86.4,    74.0,    63.9,    81.8,    74.8,    86.4,    66.7,   100.0,    86.4,    74.0,    63.9,    81.8,    74.8,     0.0,     0.0,     0.0,     0.0,     0.0,     0.0,     0.0,     0.0,"100,000 USD notional principal","344606","CBT ","344 "
"7 YEAR ERIS SOFR SWAP - CHICAGO BOARD OF TRADE",260922,2026-09-22,344607,CBT ,00,344 ,   32201,   11408,    4797,   14128,     375,    6960,   25911,   25885,    6290,    6316,   32201,   11408,    4797,   14128,     375,    6960,   25911,   25885,    6290,    6316,       0,       0,       0,       0,       0,       0,       0,       0,       0,       0,.,.,.,.,.,.,.,.,.,.,  100.0,   35.4,   14.9,   43.9,    1.2,   21.6,   80.5,   80.4,   19.5,   19.6,  100.0,   35.4,   14.9,   43.9,    1.2,   21.6,   80.5,   80.4,   19.5,   19.6,    0.0,    0.0,    0.0,    0.0,    0.0,    0.0,    0.0,    0.0,    0.0,    0.0,     20,      3,     12,      5,      1,      4,      6,     19,     20,      3,     12,      5,      1,      4,      6,     19,      0,      0,      0,      0,      0,      0,      0,      0,    77.0,    58.3,    80.5,    73.6,    36.6,    28.1,    36.6,    33.4,    77.0,    58.3,    80.5,    73.6,    36.6,    28.1,    36.6,    33.4,     0.0,     0.0,     0.0,     0.0,     0.0,     0.0,     0.0,     0.0,"100,000 USD notional principal","344607","CBT ","344 "
"EURO FX/JAPANESE YEN XRATE - CHICAGO MERCANTILE EXCHANGE",260922,2026-09-22,399741,CME ,00,099 ,   18263,    5098,    3156,     407,    3335,    9968,    8840,   13531,    9423,    4732,   18263,    5098,    3156,     407,    3335,    9968,    8840,   13531,    9423,    4732,       0,       0,       0,       0,       0,       0,       0,       0,       0,       0,   -2462,    -459,     -46,    -527,   -1274,   -1474,   -2260,   -2047,    -202,    -415,  100.0,   27.9,   17.3,    2.2,   18.3,   54.6,   48.4,   74.1,   51.6,   25.9,  100.0,   27.9,   17.3,    2.2,   18.3,   54.6,   48.4,   74.1,   51.6,   25.9,    0.0,    0.0,    0.0,    0.0,    0.0,    0.0,    0.0,    0.0,    0.0,    0.0,     21,      4,      3,      3,      9,     12,     15,     16,     21,      4,      3,      3,      9,     12,     15,     16,      0,      0,      0,      0,      0,      0,      0,      0,    34.0,    35.5,    46.6,    56.9,    32.5,    35.1,    45.1,    56.0,    34.0,    35.5,    46.6,    56.9,    32.5,    35.1,    45.1,    56.0,     0.0,     0.0,     0.0,     0.0,     0.0,     0.0,     0.0,     0.0,"(CONTRACTS OF EUR 125,000)","399741","CME ","099 "
"PGP PROPYLENE (PCW) CAL - NEW YORK MERCANTILE EXCHANGE",260922,2026-09-22,406651,NYME,01,406 ,    8494,    2465,    5841,    1474,    4423,    1149,    8362,    8464,     132,      30,    8494,    2465,    5841,    1474,    4423,    1149,    8362,    8464,     132,      30,       0,       0,       0,       0,       0,       0,       0,       0,       0,       0,     293,     255,      60,      42,      -4,     191,     293,     293,       0,       0,  100.0,   29.0,   68.8,   17.4,   52.1,   13.5,   98.4,   99.6,    1.6,    0.4,  100.0,   29.0,   68.8,   17.4,   52.1,   13.5,   98.4,   99.6,    1.6,    0.4,    0.0,    0.0,    0.0,    0.0,    0.0,    0.0,    0.0,    0.0,    0.0,    0.0,     24,      6,      6,      8,     10,      8,     21,     17,     24,      6,      6,      8,     10,      8,     21,     17,      0,      0,      0,      0,      0,      0,      0,      0,    53.0,    82.3,    76.0,    92.4,    50.5,    73.6,    67.8,    76.3,    53.0,    82.3,    76.0,    92.4,    50.5,    73.6,    67.8,    76.3,     0.0,     0.0,     0.0,     0.0,     0.0,     0.0,     0.0,     0.0,"(CONTRACTS OF 100,000 POUNDS)","406651","NYME","406 "
"S&P 500 ANNUAL DIVIDEND INDEX - CHICAGO MERCANTILE EXCHANGE",260922,2026-09-22,43874A,CME ,00,138 ,  419330,  142183,   63551,   33361,  240213,  321141,  415757,  418053,    3573,    1277,  419330,  142183,   63551,   33361,  240213,  321141,  415757,  418053,    3573,    1277,       0,       0,       0,       0,       0,       0,       0,       0,       0,       0,    1325,   -1122,     156,   -2800,    5488,    4060,    1566,    1416,    -241,     -91,  100.0,   33.9,   15.2,    8.0,   57.3,   76.6,   99.1,   99.7,    0.9,    0.3,  100.0,   33.9,   15.2,    8.0,   57.3,   76.6,   99.1,   99.7,    0.9,    0.3,    0.0,    0.0,    0.0,    0.0,    0.0,    0.0,    0.0,    0.0,    0.0,    0.0,     85,     27,      8,     13,     41,     26,     71,     44,     85,     27,      8,     13,     41,     26,     71,     44,      0,      0,      0,      0,      0,      0,      0,      0,    25.3,    56.3,    40.3,    76.5,    24.1,    56.2,    38.8,    74.6,    25.3,    56.3,    40.3,    76.5,    24.1,    56.2,    38.8,    74.6,     0.0,     0.0,     0.0,     0.0,     0.0,     0.0,     0.0,     0.0,"(S&P 500 ANNUAL DIVIDEND INDEX X $250)","43874A","CME ","138 "
"S&P 500 QUARTERLY DIVIDEND IND - CHICAGO MERCANTILE EXCHANGE",260922,2026-09-22,43874Q,CME ,00,138 ,   33721,   18863,   11754,    1524,   13327,   20443,   33714,   33721,       7,       0,   33721,   18863,   11754,    1524,   13327,   20443,   33714,   33721,       7,       0,       0,       0,       0,       0,       0,       0,       0,       0,       0,       0,  -19400,   -8362,   -6687,     -63,  -10977,  -12635,  -19402,  -19385,       2,     -15,  100.0,   55.9,   34.9,    4.5,   39.5,   60.6,  100.0,  100.0,    0.0,    0.0,  100.0,   55.9,   34.9,    4.5,   39.5,   60.6,  100.0,  100.0,    0.0,    0.0,    0.0,    0.0,    0.0,    0.0,    0.0,    0.0,    0.0,    0.0,    0.0,    0.0,     30,      5,      4,      4,     12,     15,     19,     21,     30,      5,      4,      4,     12,     15,     19,     21,      0,      0,      0,      0,      0,      0,      0,      0,    78.3,    65.8,    92.7,    87.1,    75.6,    63.8,    88.5,    83.5,    78.3,    65.8,    92.7,    87.1,    75.6,    63.8,    88.5,    83.5,     0.0,     0.0,     0.0,     0.0,     0.0,     0.0,     0.0,     0.0,"(S&P 500 QUARTERLY DIVIDEND INDEX X $100","43874Q","CME ","138 "
"GULF JET NY HEAT OIL SPR - NEW YORK MERCANTILE EXCHANGE",260922,2026-09-22,86465A,NYME,01,864 ,   11771,      50,       0,       0,   11448,   11771,   11498,   11771,     273,       0,   11771,      50,       0,       0,   11448,   11771,   11498,   11771,     273,       0,       0,       0,       0,       0,       0,       0,       0,       0,       0,       0,     150,       0,       0,       0,     165,     150,     165,     150,     -15,       0,  100.0,    0.4,    0.0,    0.0,   97.3,  100.0,   97.7,  100.0,    2.3,    0.0,  100.0,    0.4,    0.0,    0.0,   97.3,  100.0,   97.7,  100.0,    2.3,    0.0,    0.0,    0.0,    0.0,    0.0,    0.0,    0.0,    0.0,    0.0,    0.0,    0.0,     35,      1,      0,      0,     28,     23,     29,     23,     35,      1,      0,      0,     28,     23,     29,     23,      0,      0,      0,      0,      0,      0,      0,      0,    41.6,    67.5,    64.9,    84.6,    34.4,    50.8,    49.6,    58.6,    41.6,    67.5,    64.9,    84.6,    34.4,    50.8,    49.6,    58.6,     0.0,     0.0,     0.0,     0.0,     0.0,     0.0,     0.0,     0.0,"(CONTRACTS OF 42,000 GALLONS)","86465A","NYME","864 "
"GULF # 6 FUEL OIL CRACK - NEW YORK MERCANTILE EXCHANGE",260922,2026-09-22,86565A,NYME,01,865 ,   10658,    1750,     777,    1693,    7215,    8188,   10658,   10658,       0,       0,   10658,    1750,     777,    1693,    7215,    8188,   10658,   10658,       0,       0,       0,       0,       0,       0,       0,       0,       0,       0,       0,       0,     545,     160,       0,      50,     350,     510,     560,     560,     -15,     -15,  100.0,   16.4,    7.3,   15.9,   67.7,   76.8,  100.0,  100.0,    0.0,    0.0,  100.0,   16.4,    7.3,   15.9,   67.7,   76.8,  100.0,  100.0,    0.0,    0.0,    0.0,    0.0,    0.0,    0.0,    0.0,    0.0,    0.0,    0.0,    0.0,    0.0,     32,      5,      5,      7,     18,     13,     27,     21,     32,      5,      5,      7,     18,     13,     27,     21,      0,      0,      0,      0,      0,      0,      0,      0,    55.3,    43.7,    83.9,    71.7,    35.2,    34.9,    43.4,    45.7,    55.3,    43.7,    83.9,    71.7,    35.2,    34.9,    43.4,    45.7,     0.0,     0.0,     0.0,     0.0,     0.0,     0.0,     0.0,     0.0,"(CONTRACTS OF 1,000 BARRELS)","86565A","NYME","865 "
